ID,Class
news_00002.xml,Mercados
news_00003.xml,Mercados
news_00006.xml,Mercados
news_00007.xml,Economia
news_00008.xml,Mercados
news_00009.xml,GovSocial
news_00010.xml,Economia
news_00012.xml,Mercados
news_00013.xml,Mercados
news_00014.xml,Mercados
news_00016.xml,Mercados
news_00017.xml,Mercados
news_00018.xml,Mercados
news_00019.xml,Economia
news_00022.xml,Mercados
news_00024.xml,Mercados
news_00025.xml,Mercados
news_00026.xml,Mercados
news_00027.xml,Economia
news_00028.xml,Mercados
news_00029.xml,Economia
news_00030.xml,Mercados
news_00033.xml,Mercados
news_00034.xml,Mercados
news_00035.xml,Mercados
news_00036.xml,Mercados
news_00037.xml,Economia
news_00038.xml,Mercados
news_00040.xml,Mercados
news_00041.xml,Mercados
news_00044.xml,Mercados
news_00045.xml,Mercados
news_00050.xml,Economia
news_00051.xml,Mercados
news_00053.xml,Mercados
news_00054.xml,Mercados
news_00056.xml,Mercados
news_00057.xml,Mercados
news_00058.xml,Economia
news_00059.xml,Mercados
news_00060.xml,Mercados
news_00061.xml,Mercados
news_00062.xml,Mercados
news_00063.xml,Economia
news_00064.xml,Mercados
news_00065.xml,Mercados
news_00066.xml,Mercados
news_00067.xml,Mercados
news_00070.xml,Mercados
news_00071.xml,Mercados
news_00072.xml,Mercados
news_00073.xml,Mercados
news_00074.xml,Mercados
news_00075.xml,Mercados
news_00076.xml,Mercados
news_00077.xml,Mercados
news_00078.xml,Economia
news_00079.xml,Mercados
news_00080.xml,Economia
news_00081.xml,Economia
news_00083.xml,Mercados
news_00085.xml,Mercados
news_00086.xml,Mercados
news_00087.xml,Mercados
news_00089.xml,Mercados
news_00092.xml,Mercados
news_00094.xml,Mercados
news_00095.xml,Mercados
news_00096.xml,Mercados
news_00097.xml,Mercados
news_00099.xml,Mercados
news_00100.xml,Economia
news_00101.xml,Mercados
news_00103.xml,Mercados
news_00105.xml,Mercados
news_00106.xml,Mercados
news_00107.xml,Mercados
news_00108.xml,Economia
news_00110.xml,Economia
news_00111.xml,Mercados
news_00112.xml,Mercados
news_00113.xml,Mercados
news_00114.xml,Mercados
news_00115.xml,Mercados
news_00116.xml,GovSocial
news_00117.xml,Mercados
news_00119.xml,Mercados
news_00120.xml,Mercados
news_00121.xml,Mercados
news_00122.xml,Economia
news_00123.xml,Mercados
news_00124.xml,Economia
news_00125.xml,Mercados
news_00126.xml,Economia
news_00127.xml,Mercados
news_00129.xml,GovSocial
news_00130.xml,Economia
news_00131.xml,Economia
news_00132.xml,Mercados
news_00133.xml,GovSocial
news_00135.xml,Economia
news_00136.xml,Mercados
news_00138.xml,Mercados
news_00139.xml,Economia
news_00140.xml,Mercados
news_00141.xml,Mercados
news_00142.xml,Mercados
news_00143.xml,Mercados
news_00144.xml,Mercados
news_00145.xml,Mercados
news_00146.xml,Economia
news_00147.xml,Mercados
news_00148.xml,Mercados
news_00150.xml,Mercados
news_00151.xml,Mercados
news_00152.xml,Economia
news_00153.xml,Mercados
news_00155.xml,Mercados
news_00156.xml,Mercados
news_00158.xml,Mercados
news_00159.xml,Mercados
news_00160.xml,Mercados
news_00161.xml,Economia
news_00162.xml,Mercados
news_00163.xml,Mercados
news_00165.xml,Mercados
news_00169.xml,Economia
news_00170.xml,Economia
news_00171.xml,Mercados
news_00172.xml,Mercados
news_00178.xml,Mercados
news_00179.xml,Mercados
news_00180.xml,Mercados
news_00182.xml,Mercados
news_00185.xml,Mercados
news_00186.xml,Economia
news_00187.xml,Mercados
news_00189.xml,Mercados
news_00190.xml,Economia
news_00191.xml,Mercados
news_00192.xml,Mercados
news_00193.xml,Mercados
news_00194.xml,Mercados
news_00195.xml,Mercados
news_00196.xml,Economia
news_00197.xml,Mercados
news_00198.xml,Mercados
news_00199.xml,Mercados
news_00200.xml,Economia
news_00202.xml,Mercados
news_00204.xml,Mercados
news_00205.xml,Mercados
news_00206.xml,Economia
news_00207.xml,Mercados
news_00210.xml,Mercados
news_00212.xml,Mercados
news_00215.xml,Mercados
news_00218.xml,Mercados
news_00219.xml,Mercados
news_00221.xml,Mercados
news_00222.xml,Mercados
news_00223.xml,Mercados
news_00227.xml,Mercados
news_00228.xml,Mercados
news_00229.xml,Mercados
news_00230.xml,Mercados
news_00231.xml,Economia
news_00233.xml,Economia
news_00237.xml,Mercados
news_00239.xml,Mercados
news_00240.xml,Economia
news_00241.xml,Mercados
news_00242.xml,Economia
news_00243.xml,Mercados
news_00244.xml,Mercados
news_00247.xml,Economia
news_00248.xml,Mercados
news_00249.xml,Mercados
news_00251.xml,Mercados
news_00252.xml,Mercados
news_00253.xml,Mercados
news_00254.xml,Mercados
news_00255.xml,Mercados
news_00256.xml,Mercados
news_00257.xml,Economia
news_00259.xml,Mercados
news_00260.xml,Economia
news_00261.xml,Mercados
news_00262.xml,Mercados
news_00263.xml,GovSocial
news_00264.xml,Mercados
news_00265.xml,Mercados
news_00266.xml,GovSocial
news_00267.xml,Mercados
news_00269.xml,Economia
news_00270.xml,Mercados
news_00271.xml,Economia
news_00272.xml,Mercados
news_00273.xml,Mercados
news_00274.xml,Mercados
news_00276.xml,Mercados
news_00277.xml,Economia
news_00278.xml,Mercados
news_00279.xml,Mercados
news_00280.xml,Economia
news_00281.xml,Economia
news_00284.xml,Mercados
news_00285.xml,Economia
news_00286.xml,Economia
news_00287.xml,Mercados
news_00288.xml,Mercados
news_00289.xml,Mercados
news_00291.xml,Mercados
news_00292.xml,Mercados
news_00294.xml,Mercados
news_00295.xml,Mercados
news_00296.xml,Economia
news_00297.xml,Economia
news_00298.xml,Mercados
news_00300.xml,Mercados
news_00303.xml,Mercados
news_00305.xml,Mercados
news_00306.xml,Mercados
news_00308.xml,Mercados
news_00310.xml,Economia
news_00311.xml,Mercados
news_00312.xml,CorpIndustrial
news_00313.xml,Mercados
news_00314.xml,GovSocial
news_00315.xml,Economia
news_00318.xml,Mercados
news_00319.xml,Mercados
news_00320.xml,Economia
news_00321.xml,Mercados
news_00322.xml,Mercados
news_00325.xml,GovSocial
news_00327.xml,Economia
news_00328.xml,Mercados
news_00329.xml,Mercados
news_00331.xml,Mercados
news_00332.xml,Mercados
news_00335.xml,Mercados
news_00336.xml,Mercados
news_00337.xml,Mercados
news_00338.xml,Mercados
news_00339.xml,Mercados
news_00340.xml,Mercados
news_00342.xml,Mercados
news_00343.xml,Mercados
news_00344.xml,Economia
news_00345.xml,Mercados
news_00347.xml,Mercados
news_00349.xml,Economia
news_00350.xml,Economia
news_00351.xml,Mercados
news_00352.xml,Economia
news_00353.xml,Economia
news_00355.xml,Mercados
news_00357.xml,Mercados
news_00358.xml,Economia
news_00359.xml,Mercados
news_00360.xml,Economia
news_00361.xml,Mercados
news_00362.xml,Mercados
news_00363.xml,Mercados
news_00368.xml,Mercados
news_00373.xml,Mercados
news_00374.xml,Mercados
news_00375.xml,Economia
news_00377.xml,Mercados
news_00378.xml,Economia
news_00379.xml,Mercados
news_00380.xml,Economia
news_00383.xml,Economia
news_00385.xml,Mercados
news_00386.xml,Economia
news_00387.xml,Mercados
news_00393.xml,Mercados
news_00394.xml,Mercados
news_00395.xml,Mercados
news_00397.xml,Mercados
news_00399.xml,Mercados
news_00400.xml,Economia
news_00403.xml,Economia
news_00404.xml,Economia
news_00405.xml,Mercados
news_00406.xml,Economia
news_00407.xml,Mercados
news_00408.xml,CorpIndustrial
news_00409.xml,Mercados
news_00410.xml,Mercados
news_00412.xml,Mercados
news_00415.xml,Economia
news_00416.xml,Mercados
news_00417.xml,Economia
news_00419.xml,Mercados
news_00420.xml,Mercados
news_00421.xml,Mercados
news_00423.xml,Mercados
news_00424.xml,Mercados
news_00425.xml,Economia
news_00427.xml,Economia
news_00428.xml,Mercados
news_00430.xml,Mercados
news_00431.xml,Economia
news_00433.xml,Economia
news_00434.xml,Economia
news_00435.xml,Mercados
news_00436.xml,Mercados
news_00438.xml,Mercados
news_00439.xml,Mercados
news_00442.xml,Economia
news_00443.xml,Economia
news_00445.xml,Mercados
news_00446.xml,Mercados
news_00447.xml,Mercados
news_00449.xml,GovSocial
news_00450.xml,Mercados
news_00453.xml,Mercados
news_00454.xml,Mercados
news_00455.xml,Mercados
news_00456.xml,Mercados
news_00457.xml,Mercados
news_00458.xml,Mercados
news_00459.xml,Mercados
news_00460.xml,Mercados
news_00462.xml,Economia
news_00463.xml,Mercados
news_00465.xml,Mercados
news_00466.xml,Mercados
news_00467.xml,Mercados
news_00468.xml,Mercados
news_00469.xml,Mercados
news_00470.xml,Mercados
news_00471.xml,Mercados
news_00472.xml,Mercados
news_00474.xml,Mercados
news_00475.xml,Mercados
news_00476.xml,Mercados
news_00478.xml,Mercados
news_00479.xml,Economia
news_00480.xml,Economia
news_00481.xml,Economia
news_00482.xml,Mercados
news_00483.xml,Economia
news_00485.xml,Economia
news_00486.xml,Mercados
news_00489.xml,Mercados
news_00491.xml,Mercados
news_00493.xml,Mercados
news_00494.xml,Economia
news_00495.xml,Mercados
news_00496.xml,Mercados
news_00498.xml,Mercados
news_00499.xml,Mercados
news_00500.xml,Mercados
news_00501.xml,Mercados
news_00503.xml,Economia
news_00504.xml,Mercados
news_00505.xml,Economia
news_00508.xml,Mercados
news_00509.xml,GovSocial
news_00510.xml,Mercados
news_00511.xml,GovSocial
news_00512.xml,Mercados
news_00513.xml,Mercados
news_00514.xml,Mercados
news_00515.xml,Mercados
news_00516.xml,Mercados
news_00517.xml,Economia
news_00520.xml,CorpIndustrial
news_00521.xml,Mercados
news_00522.xml,Mercados
news_00523.xml,Mercados
news_00524.xml,Mercados
news_00526.xml,Mercados
news_00527.xml,Mercados
news_00528.xml,Mercados
news_00530.xml,Mercados
news_00531.xml,Mercados
news_00532.xml,Mercados
news_00533.xml,Economia
news_00534.xml,Mercados
news_00535.xml,Economia
news_00536.xml,Mercados
news_00537.xml,Mercados
news_00538.xml,Mercados
news_00539.xml,Economia
news_00545.xml,Economia
news_00547.xml,Mercados
news_00550.xml,Mercados
news_00551.xml,Mercados
news_00553.xml,Mercados
news_00555.xml,Mercados
news_00556.xml,Mercados
news_00557.xml,Mercados
news_00558.xml,Economia
news_00560.xml,Economia
news_00563.xml,Mercados
news_00564.xml,Economia
news_00571.xml,Mercados
news_00572.xml,Mercados
news_00574.xml,Mercados
news_00575.xml,Mercados
news_00579.xml,Economia
news_00580.xml,Mercados
news_00581.xml,Mercados
news_00582.xml,Economia
news_00583.xml,Mercados
news_00585.xml,Mercados
news_00587.xml,Mercados
news_00588.xml,Mercados
news_00589.xml,Mercados
news_00590.xml,Mercados
news_00591.xml,Mercados
news_00592.xml,Mercados
news_00593.xml,Economia
news_00598.xml,Mercados
news_00599.xml,Mercados
news_00602.xml,Mercados
news_00603.xml,Mercados
news_00604.xml,Economia
news_00605.xml,Mercados
news_00607.xml,Mercados
news_00608.xml,Economia
news_00609.xml,Mercados
news_00610.xml,Mercados
news_00612.xml,Mercados
news_00613.xml,Mercados
news_00614.xml,Mercados
news_00615.xml,Mercados
news_00617.xml,Mercados
news_00620.xml,Mercados
news_00622.xml,Economia
news_00623.xml,Mercados
news_00624.xml,Mercados
news_00625.xml,Mercados
news_00626.xml,Mercados
news_00628.xml,Mercados
news_00630.xml,Mercados
news_00631.xml,Mercados
news_00632.xml,Mercados
news_00633.xml,Economia
news_00635.xml,GovSocial
news_00636.xml,Mercados
news_00640.xml,Economia
news_00641.xml,Mercados
news_00642.xml,Mercados
news_00643.xml,Mercados
news_00645.xml,Economia
news_00646.xml,Economia
news_00649.xml,Mercados
news_00650.xml,GovSocial
news_00651.xml,Mercados
news_00652.xml,Mercados
news_00653.xml,Mercados
news_00654.xml,Mercados
news_00655.xml,Economia
news_00657.xml,Economia
news_00659.xml,Mercados
news_00660.xml,Economia
news_00665.xml,Mercados
news_00666.xml,Mercados
news_00667.xml,Mercados
news_00668.xml,Mercados
news_00671.xml,Mercados
news_00673.xml,Mercados
news_00674.xml,Mercados
news_00675.xml,Mercados
news_00676.xml,Mercados
news_00677.xml,Mercados
news_00678.xml,Mercados
news_00679.xml,Mercados
news_00680.xml,Mercados
news_00681.xml,Economia
news_00682.xml,Economia
news_00683.xml,Mercados
news_00685.xml,Mercados
news_00686.xml,Mercados
news_00687.xml,Economia
news_00688.xml,Mercados
news_00690.xml,Mercados
news_00693.xml,Mercados
news_00695.xml,Mercados
news_00696.xml,Mercados
news_00698.xml,Mercados
news_00700.xml,Mercados
news_00701.xml,Economia
news_00703.xml,Mercados
news_00704.xml,Mercados
news_00706.xml,Economia
news_00707.xml,Mercados
news_00708.xml,Mercados
news_00709.xml,Mercados
news_00710.xml,Mercados
news_00711.xml,Economia
news_00712.xml,Mercados
news_00713.xml,GovSocial
news_00714.xml,Economia
news_00715.xml,Mercados
news_00717.xml,Mercados
news_00718.xml,Mercados
news_00719.xml,Mercados
news_00721.xml,Mercados
news_00723.xml,Mercados
news_00724.xml,Economia
news_00725.xml,Economia
news_00726.xml,Economia
news_00727.xml,Economia
news_00728.xml,Mercados
news_00729.xml,Mercados
news_00732.xml,Mercados
news_00734.xml,Mercados
news_00735.xml,Mercados
news_00736.xml,Mercados
news_00737.xml,Mercados
news_00738.xml,Mercados
news_00739.xml,Mercados
news_00740.xml,Economia
news_00742.xml,GovSocial
news_00743.xml,Economia
news_00744.xml,Mercados
news_00746.xml,Mercados
news_00748.xml,Mercados
news_00749.xml,Mercados
news_00750.xml,Economia
news_00751.xml,Mercados
news_00752.xml,Mercados
news_00754.xml,Mercados
news_00756.xml,Economia
news_00757.xml,Mercados
news_00758.xml,Mercados
news_00759.xml,Economia
news_00760.xml,Mercados
news_00761.xml,Mercados
news_00762.xml,Mercados
news_00763.xml,Mercados
news_00764.xml,Mercados
news_00767.xml,Economia
news_00768.xml,Mercados
news_00769.xml,Mercados
news_00771.xml,Mercados
news_00773.xml,Mercados
news_00776.xml,Mercados
news_00777.xml,Mercados
news_00778.xml,Mercados
news_00780.xml,Mercados
news_00781.xml,Economia
news_00782.xml,Mercados
news_00784.xml,Economia
news_00786.xml,Mercados
news_00787.xml,Mercados
news_00788.xml,Mercados
news_00789.xml,Economia
news_00790.xml,Economia
news_00791.xml,Mercados
news_00792.xml,Economia
news_00793.xml,Mercados
news_00794.xml,Mercados
news_00795.xml,Mercados
news_00797.xml,Economia
news_00798.xml,Economia
news_00799.xml,Economia
news_00800.xml,Mercados
news_00801.xml,Mercados
news_00803.xml,Mercados
news_00804.xml,Mercados
news_00807.xml,Mercados
news_00809.xml,Economia
news_00810.xml,Mercados
news_00811.xml,Mercados
news_00812.xml,Mercados
news_00813.xml,Mercados
news_00814.xml,Mercados
news_00815.xml,Mercados
news_00816.xml,Mercados
news_00817.xml,Economia
news_00818.xml,Mercados
news_00819.xml,Economia
news_00820.xml,Mercados
news_00821.xml,Mercados
news_00822.xml,Economia
news_00824.xml,Mercados
news_00825.xml,Mercados
news_00826.xml,Mercados
news_00828.xml,Mercados
news_00832.xml,Mercados
news_00833.xml,Economia
news_00834.xml,Mercados
news_00835.xml,Mercados
news_00836.xml,Mercados
news_00837.xml,Mercados
news_00839.xml,Mercados
news_00840.xml,Mercados
news_00841.xml,Mercados
news_00842.xml,Mercados
news_00843.xml,Economia
news_00844.xml,Mercados
news_00848.xml,Mercados
news_00850.xml,Mercados
news_00852.xml,Economia
news_00853.xml,Mercados
news_00855.xml,Mercados
news_00856.xml,Mercados
news_00858.xml,Mercados
news_00860.xml,Mercados
news_00861.xml,Economia
news_00862.xml,Mercados
news_00865.xml,Mercados
news_00866.xml,Mercados
news_00867.xml,Mercados
news_00869.xml,Mercados
news_00870.xml,Mercados
news_00871.xml,Mercados
news_00872.xml,Mercados
news_00874.xml,Economia
news_00876.xml,Mercados
news_00877.xml,Mercados
news_00879.xml,Mercados
news_00880.xml,Mercados
news_00882.xml,Mercados
news_00883.xml,Mercados
news_00885.xml,Mercados
news_00887.xml,Mercados
news_00888.xml,Economia
news_00892.xml,Economia
news_00893.xml,Mercados
news_00895.xml,Mercados
news_00897.xml,Mercados
news_00898.xml,Mercados
news_00901.xml,Mercados
news_00906.xml,Mercados
news_00908.xml,Mercados
news_00910.xml,Mercados
news_00911.xml,Mercados
news_00912.xml,Mercados
news_00913.xml,Mercados
news_00914.xml,Mercados
news_00915.xml,Economia
news_00916.xml,Mercados
news_00917.xml,Mercados
news_00918.xml,Mercados
news_00919.xml,Mercados
news_00920.xml,Mercados
news_00921.xml,CorpIndustrial
news_00922.xml,Economia
news_00923.xml,Economia
news_00924.xml,Economia
news_00926.xml,Mercados
news_00927.xml,Economia
news_00928.xml,Economia
news_00929.xml,Mercados
news_00933.xml,Mercados
news_00935.xml,Economia
news_00936.xml,Mercados
news_00937.xml,Mercados
news_00938.xml,Mercados
news_00939.xml,Mercados
news_00940.xml,Mercados
news_00942.xml,Mercados
news_00943.xml,Mercados
news_00944.xml,Mercados
news_00945.xml,Economia
news_00946.xml,Mercados
news_00949.xml,Mercados
news_00950.xml,Mercados
news_00951.xml,GovSocial
news_00957.xml,Mercados
news_00958.xml,Mercados
news_00962.xml,Economia
news_00963.xml,Mercados
news_00964.xml,CorpIndustrial
news_00965.xml,Mercados
news_00966.xml,Economia
news_00969.xml,Mercados
news_00970.xml,Mercados
news_00971.xml,Mercados
news_00972.xml,Mercados
news_00974.xml,Mercados
news_00976.xml,Mercados
news_00977.xml,Economia
news_00980.xml,Mercados
news_00982.xml,Mercados
news_00983.xml,Mercados
news_00984.xml,Mercados
news_00987.xml,Mercados
news_00988.xml,Mercados
news_00991.xml,Mercados
news_00993.xml,Mercados
news_00994.xml,Mercados
news_00999.xml,Mercados
news_01002.xml,Mercados
news_01004.xml,Mercados
news_01007.xml,Mercados
news_01008.xml,Mercados
news_01009.xml,Mercados
news_01010.xml,Mercados
news_01012.xml,Mercados
news_01013.xml,Mercados
news_01014.xml,Economia
news_01015.xml,Mercados
news_01016.xml,Economia
news_01017.xml,Mercados
news_01020.xml,Mercados
news_01021.xml,Economia
news_01022.xml,Mercados
news_01024.xml,Mercados
news_01025.xml,Mercados
news_01026.xml,Mercados
news_01027.xml,Mercados
news_01029.xml,Mercados
news_01030.xml,Mercados
news_01032.xml,Mercados
news_01033.xml,Mercados
news_01035.xml,Mercados
news_01036.xml,Mercados
news_01037.xml,Mercados
news_01038.xml,Economia
news_01039.xml,Mercados
news_01042.xml,Mercados
news_01044.xml,Mercados
news_01046.xml,Mercados
news_01048.xml,Mercados
news_01049.xml,Mercados
news_01050.xml,Mercados
news_01052.xml,Mercados
news_01053.xml,Mercados
news_01055.xml,Mercados
news_01056.xml,Economia
news_01058.xml,Mercados
news_01059.xml,Mercados
news_01060.xml,Mercados
news_01061.xml,Economia
news_01062.xml,Mercados
news_01063.xml,Economia
news_01064.xml,Mercados
news_01066.xml,Mercados
news_01067.xml,Economia
news_01068.xml,Mercados
news_01069.xml,Mercados
news_01073.xml,Economia
news_01074.xml,Mercados
news_01075.xml,Economia
news_01076.xml,Mercados
news_01080.xml,Mercados
news_01082.xml,Economia
news_01083.xml,Mercados
news_01084.xml,Mercados
news_01085.xml,Mercados
news_01086.xml,Mercados
news_01087.xml,Economia
news_01089.xml,Mercados
news_01090.xml,Mercados
news_01092.xml,Economia
news_01093.xml,Mercados
news_01094.xml,Mercados
news_01095.xml,Mercados
news_01096.xml,Mercados
news_01097.xml,Mercados
news_01098.xml,Mercados
news_01099.xml,Mercados
news_01100.xml,Mercados
news_01102.xml,Mercados
news_01103.xml,Economia
news_01104.xml,Mercados
news_01105.xml,Mercados
news_01106.xml,Mercados
news_01107.xml,Mercados
news_01108.xml,Mercados
news_01110.xml,Economia
news_01111.xml,Economia
news_01112.xml,Economia
news_01114.xml,Economia
news_01115.xml,Economia
news_01116.xml,Mercados
news_01119.xml,Mercados
news_01120.xml,Mercados
news_01121.xml,Mercados
news_01122.xml,Economia
news_01124.xml,Mercados
news_01125.xml,Mercados
news_01126.xml,Mercados
news_01127.xml,Mercados
news_01128.xml,Mercados
news_01130.xml,Mercados
news_01131.xml,Mercados
news_01132.xml,Economia
news_01134.xml,Mercados
news_01135.xml,Mercados
news_01136.xml,Mercados
news_01138.xml,Mercados
news_01140.xml,Mercados
news_01142.xml,Mercados
news_01143.xml,Mercados
news_01144.xml,Mercados
news_01146.xml,Economia
news_01147.xml,Economia
news_01148.xml,Mercados
news_01150.xml,Mercados
news_01151.xml,Mercados
news_01152.xml,Economia
news_01153.xml,Mercados
news_01154.xml,CorpIndustrial
news_01156.xml,Mercados
news_01157.xml,Economia
news_01158.xml,Mercados
news_01159.xml,Mercados
news_01161.xml,Mercados
news_01162.xml,Mercados
news_01163.xml,Mercados
news_01164.xml,Mercados
news_01165.xml,Mercados
news_01166.xml,Economia
news_01167.xml,CorpIndustrial
news_01168.xml,Mercados
news_01169.xml,Mercados
news_01170.xml,Mercados
news_01171.xml,Mercados
news_01172.xml,Mercados
news_01174.xml,Mercados
news_01175.xml,Mercados
news_01176.xml,Economia
news_01178.xml,GovSocial
news_01179.xml,Mercados
news_01180.xml,Economia
news_01184.xml,Mercados
news_01185.xml,Mercados
news_01186.xml,Mercados
news_01188.xml,Mercados
news_01189.xml,Economia
news_01194.xml,Mercados
news_01195.xml,Economia
news_01196.xml,Mercados
news_01197.xml,Mercados
news_01198.xml,Mercados
news_01200.xml,Economia
news_01201.xml,Mercados
news_01202.xml,GovSocial
news_01203.xml,Mercados
news_01204.xml,Mercados
news_01206.xml,Mercados
news_01209.xml,Mercados
news_01210.xml,Mercados
news_01211.xml,Mercados
news_01212.xml,Mercados
news_01214.xml,GovSocial
news_01215.xml,Mercados
news_01217.xml,Mercados
news_01218.xml,Mercados
news_01219.xml,Mercados
news_01221.xml,Mercados
news_01222.xml,Mercados
news_01223.xml,Mercados
news_01224.xml,Mercados
news_01225.xml,Mercados
news_01228.xml,Mercados
news_01229.xml,Mercados
news_01230.xml,Mercados
news_01231.xml,Mercados
news_01232.xml,Economia
news_01233.xml,Mercados
news_01234.xml,Mercados
news_01236.xml,Economia
news_01238.xml,Mercados
news_01239.xml,Mercados
news_01240.xml,Economia
news_01242.xml,Mercados
news_01243.xml,Mercados
news_01244.xml,Mercados
news_01245.xml,Mercados
news_01247.xml,Economia
news_01248.xml,Economia
news_01249.xml,Mercados
news_01250.xml,Mercados
news_01252.xml,Mercados
news_01253.xml,Economia
news_01254.xml,Mercados
news_01255.xml,Mercados
news_01256.xml,Mercados
news_01259.xml,Economia
news_01260.xml,Mercados
news_01261.xml,Mercados
news_01262.xml,Mercados
news_01264.xml,Mercados
news_01265.xml,Economia
news_01267.xml,Mercados
news_01269.xml,Mercados
news_01270.xml,Mercados
news_01271.xml,Economia
news_01272.xml,Mercados
news_01273.xml,Mercados
news_01275.xml,Mercados
news_01276.xml,Mercados
news_01277.xml,Economia
news_01278.xml,Economia
news_01279.xml,Mercados
news_01281.xml,Mercados
news_01283.xml,Mercados
news_01287.xml,Mercados
news_01288.xml,Mercados
news_01289.xml,Mercados
news_01290.xml,Mercados
news_01291.xml,Mercados
news_01293.xml,Mercados
news_01294.xml,Mercados
news_01295.xml,Mercados
news_01297.xml,Mercados
news_01298.xml,Economia
news_01299.xml,Economia
news_01300.xml,Mercados
news_01301.xml,Mercados
news_01302.xml,Mercados
news_01303.xml,Economia
news_01307.xml,CorpIndustrial
news_01308.xml,Mercados
news_01310.xml,Mercados
news_01311.xml,Mercados
news_01314.xml,Mercados
news_01315.xml,Mercados
news_01316.xml,Mercados
news_01322.xml,Mercados
news_01324.xml,Mercados
news_01325.xml,Mercados
news_01326.xml,Mercados
news_01329.xml,Economia
news_01330.xml,Mercados
news_01332.xml,Economia
news_01333.xml,Mercados
news_01334.xml,Mercados
news_01335.xml,Mercados
news_01336.xml,Economia
news_01337.xml,Mercados
news_01338.xml,Mercados
news_01340.xml,Economia
news_01342.xml,Mercados
news_01343.xml,Mercados
news_01344.xml,Mercados
news_01347.xml,Mercados
news_01348.xml,Economia
news_01349.xml,Economia
news_01350.xml,Economia
news_01351.xml,Mercados
news_01352.xml,Economia
news_01353.xml,Mercados
news_01354.xml,Mercados
news_01356.xml,GovSocial
news_01358.xml,Mercados
news_01360.xml,Mercados
news_01364.xml,Economia
news_01365.xml,Mercados
news_01366.xml,Mercados
news_01367.xml,Mercados
news_01369.xml,Mercados
news_01370.xml,Mercados
news_01373.xml,Mercados
news_01374.xml,Economia
news_01375.xml,Mercados
news_01376.xml,Mercados
news_01377.xml,Mercados
news_01378.xml,Mercados
news_01379.xml,Mercados
news_01380.xml,Mercados
news_01381.xml,GovSocial
news_01384.xml,Mercados
news_01385.xml,Mercados
news_01386.xml,Mercados
news_01387.xml,Mercados
news_01388.xml,Economia
news_01389.xml,Mercados
news_01390.xml,Mercados
news_01391.xml,Economia
news_01392.xml,Mercados
news_01393.xml,Economia
news_01395.xml,Mercados
news_01396.xml,Mercados
news_01397.xml,Mercados
news_01398.xml,Mercados
news_01399.xml,Mercados
news_01400.xml,Mercados
news_01402.xml,Economia
news_01405.xml,Mercados
news_01406.xml,Mercados
news_01407.xml,Mercados
news_01408.xml,Mercados
news_01409.xml,Economia
news_01410.xml,Mercados
news_01413.xml,Mercados
news_01414.xml,Mercados
news_01415.xml,Mercados
news_01416.xml,Mercados
news_01419.xml,Mercados
news_01420.xml,Economia
news_01421.xml,Mercados
news_01422.xml,Mercados
news_01423.xml,Mercados
news_01426.xml,Economia
news_01427.xml,Mercados
news_01428.xml,Mercados
news_01429.xml,Mercados
news_01430.xml,Mercados
news_01431.xml,Mercados
news_01432.xml,Mercados
news_01434.xml,Mercados
news_01437.xml,Mercados
news_01439.xml,Mercados
news_01440.xml,Mercados
news_01441.xml,Economia
news_01442.xml,Economia
news_01443.xml,Mercados
news_01444.xml,Economia
news_01447.xml,Mercados
news_01448.xml,Mercados
news_01449.xml,Mercados
news_01450.xml,Mercados
news_01451.xml,Mercados
news_01452.xml,Economia
news_01453.xml,Mercados
news_01454.xml,Economia
news_01455.xml,GovSocial
news_01456.xml,Mercados
news_01458.xml,Economia
news_01459.xml,Mercados
news_01461.xml,Mercados
news_01462.xml,Mercados
news_01463.xml,Mercados
news_01464.xml,Mercados
news_01467.xml,Mercados
news_01468.xml,Mercados
news_01469.xml,Mercados
news_01470.xml,Mercados
news_01472.xml,Mercados
news_01473.xml,Mercados
news_01475.xml,Mercados
news_01476.xml,Mercados
news_01477.xml,Economia
news_01479.xml,Mercados
news_01480.xml,Mercados
news_01481.xml,Mercados
news_01482.xml,Economia
news_01483.xml,Economia
news_01484.xml,Mercados
news_01485.xml,Mercados
news_01488.xml,Economia
news_01489.xml,Mercados
news_01490.xml,Mercados
news_01491.xml,Economia
news_01493.xml,Mercados
news_01494.xml,Mercados
news_01495.xml,Mercados
news_01496.xml,Mercados
news_01497.xml,Mercados
news_01499.xml,Mercados
news_01500.xml,Mercados
news_01501.xml,Mercados
news_01502.xml,Mercados
news_01503.xml,Mercados
news_01504.xml,Mercados
news_01505.xml,Mercados
news_01506.xml,Mercados
news_01508.xml,Mercados
news_01509.xml,Mercados
news_01510.xml,Economia
news_01511.xml,Economia
news_01512.xml,Mercados
news_01513.xml,Mercados
news_01514.xml,Mercados
news_01515.xml,Mercados
news_01516.xml,Economia
news_01517.xml,Economia
news_01518.xml,Mercados
news_01520.xml,Mercados
news_01521.xml,Mercados
news_01522.xml,Mercados
news_01523.xml,Mercados
news_01524.xml,Economia
news_01526.xml,Economia
news_01527.xml,Mercados
news_01528.xml,Mercados
news_01529.xml,Mercados
news_01531.xml,Mercados
news_01534.xml,Economia
news_01535.xml,Mercados
news_01536.xml,Mercados
news_01537.xml,Mercados
news_01538.xml,Mercados
news_01539.xml,Mercados
news_01540.xml,Mercados
news_01541.xml,Mercados
news_01542.xml,Mercados
news_01545.xml,Mercados
news_01547.xml,Economia
news_01548.xml,Mercados
news_01549.xml,Mercados
news_01551.xml,Mercados
news_01552.xml,Mercados
news_01553.xml,Mercados
news_01554.xml,Mercados
news_01555.xml,Economia
news_01557.xml,Mercados
news_01559.xml,Mercados
news_01561.xml,Mercados
news_01562.xml,Mercados
news_01564.xml,Mercados
news_01566.xml,Economia
news_01567.xml,Economia
news_01568.xml,Mercados
news_01569.xml,Mercados
news_01570.xml,Mercados
news_01572.xml,Mercados
news_01573.xml,Mercados
news_01574.xml,GovSocial
news_01575.xml,Mercados
news_01576.xml,Mercados
news_01577.xml,Mercados
news_01578.xml,Mercados
news_01579.xml,Mercados
news_01583.xml,Mercados
news_01584.xml,Mercados
news_01585.xml,Mercados
news_01586.xml,Mercados
news_01587.xml,Economia
news_01588.xml,Economia
news_01590.xml,Mercados
news_01593.xml,Mercados
news_01594.xml,Economia
news_01595.xml,Mercados
news_01596.xml,Mercados
news_01597.xml,Mercados
news_01598.xml,Mercados
news_01599.xml,Mercados
news_01600.xml,Mercados
news_01602.xml,Mercados
news_01603.xml,Mercados
news_01604.xml,Mercados
news_01605.xml,Mercados
news_01606.xml,Mercados
news_01608.xml,Mercados
news_01609.xml,Economia
news_01610.xml,Mercados
news_01611.xml,Mercados
news_01612.xml,Mercados
news_01613.xml,GovSocial
news_01614.xml,Economia
news_01615.xml,Mercados
news_01618.xml,Mercados
news_01619.xml,Mercados
news_01620.xml,Mercados
news_01621.xml,Mercados
news_01622.xml,Mercados
news_01623.xml,Mercados
news_01626.xml,Economia
news_01629.xml,Mercados
news_01631.xml,Mercados
news_01632.xml,Mercados
news_01633.xml,Mercados
news_01635.xml,Mercados
news_01636.xml,CorpIndustrial
news_01637.xml,Mercados
news_01638.xml,Mercados
news_01639.xml,Mercados
news_01640.xml,Economia
news_01641.xml,Economia
news_01642.xml,Economia
news_01643.xml,Mercados
news_01645.xml,Mercados
news_01646.xml,Mercados
news_01648.xml,Mercados
news_01649.xml,Mercados
news_01650.xml,Mercados
news_01651.xml,Mercados
news_01652.xml,Economia
news_01653.xml,Mercados
news_01654.xml,Economia
news_01656.xml,Mercados
news_01658.xml,Economia
news_01660.xml,Mercados
news_01661.xml,Mercados
news_01662.xml,Mercados
news_01663.xml,Mercados
news_01665.xml,Mercados
news_01666.xml,Economia
news_01667.xml,Mercados
news_01669.xml,Economia
news_01670.xml,Economia
news_01672.xml,Mercados
news_01673.xml,Mercados
news_01674.xml,Mercados
news_01675.xml,Mercados
news_01676.xml,Mercados
news_01677.xml,Economia
news_01678.xml,CorpIndustrial
news_01679.xml,Mercados
news_01680.xml,Mercados
news_01681.xml,CorpIndustrial
news_01682.xml,GovSocial
news_01683.xml,Mercados
news_01684.xml,GovSocial
news_01686.xml,Mercados
news_01687.xml,Mercados
news_01689.xml,Mercados
news_01692.xml,Mercados
news_01694.xml,Mercados
news_01695.xml,Mercados
news_01696.xml,Mercados
news_01697.xml,Economia
news_01698.xml,Mercados
news_01700.xml,Mercados
news_01701.xml,Mercados
news_01704.xml,Economia
news_01706.xml,Mercados
news_01707.xml,Mercados
news_01709.xml,Mercados
news_01710.xml,Mercados
news_01711.xml,Mercados
news_01712.xml,Mercados
news_01713.xml,Mercados
news_01714.xml,Mercados
news_01715.xml,Mercados
news_01716.xml,Mercados
news_01717.xml,Mercados
news_01719.xml,Economia
news_01721.xml,Mercados
news_01722.xml,Mercados
news_01724.xml,Economia
news_01726.xml,Mercados
news_01727.xml,Mercados
news_01728.xml,Mercados
news_01730.xml,Mercados
news_01731.xml,Mercados
news_01732.xml,Economia
news_01733.xml,Mercados
news_01738.xml,Mercados
news_01739.xml,Economia
news_01740.xml,Mercados
news_01741.xml,Mercados
news_01743.xml,Mercados
news_01745.xml,Mercados
news_01747.xml,Mercados
news_01748.xml,Economia
news_01750.xml,Mercados
news_01752.xml,Mercados
news_01756.xml,Mercados
news_01760.xml,Mercados
news_01761.xml,Mercados
news_01762.xml,Mercados
news_01765.xml,Mercados
news_01767.xml,Mercados
news_01769.xml,Mercados
news_01770.xml,Mercados
news_01771.xml,Mercados
news_01776.xml,CorpIndustrial
news_01777.xml,Economia
news_01778.xml,Mercados
news_01781.xml,Mercados
news_01782.xml,Mercados
news_01783.xml,Mercados
news_01784.xml,Economia
news_01785.xml,Mercados
news_01787.xml,Mercados
news_01788.xml,Mercados
news_01789.xml,Mercados
news_01790.xml,Mercados
news_01791.xml,Mercados
news_01792.xml,Economia
news_01793.xml,Economia
news_01794.xml,Mercados
news_01795.xml,Economia
news_01796.xml,Mercados
news_01797.xml,Mercados
news_01798.xml,Mercados
news_01799.xml,GovSocial
news_01800.xml,Mercados
news_01801.xml,CorpIndustrial
news_01802.xml,Mercados
news_01803.xml,Mercados
news_01804.xml,Mercados
news_01805.xml,Mercados
news_01806.xml,Mercados
news_01807.xml,Mercados
news_01808.xml,Mercados
news_01810.xml,Economia
news_01811.xml,Mercados
news_01813.xml,Economia
news_01814.xml,Mercados
news_01815.xml,Mercados
news_01816.xml,Economia
news_01818.xml,Mercados
news_01819.xml,Mercados
news_01820.xml,Mercados
news_01821.xml,Mercados
news_01823.xml,Economia
news_01824.xml,Mercados
news_01827.xml,Mercados
news_01828.xml,CorpIndustrial
news_01829.xml,Mercados
news_01830.xml,Economia
news_01831.xml,Mercados
news_01832.xml,Mercados
news_01833.xml,CorpIndustrial
news_01834.xml,Mercados
news_01835.xml,Mercados
news_01836.xml,Economia
news_01837.xml,Mercados
news_01840.xml,Economia
news_01841.xml,Economia
news_01842.xml,Economia
news_01843.xml,Mercados
news_01844.xml,Economia
news_01845.xml,Mercados
news_01849.xml,Economia
news_01850.xml,Economia
news_01851.xml,Mercados
news_01852.xml,Mercados
news_01853.xml,Mercados
news_01856.xml,Mercados
news_01857.xml,Mercados
news_01858.xml,Economia
news_01860.xml,Mercados
news_01861.xml,Mercados
news_01863.xml,Mercados
news_01864.xml,Mercados
news_01865.xml,Mercados
news_01867.xml,Mercados
news_01868.xml,Mercados
news_01869.xml,Mercados
news_01870.xml,Mercados
news_01871.xml,Mercados
news_01872.xml,Mercados
news_01873.xml,Mercados
news_01874.xml,Mercados
news_01875.xml,Mercados
news_01876.xml,Mercados
news_01877.xml,Mercados
news_01878.xml,Mercados
news_01879.xml,Mercados
news_01880.xml,Mercados
news_01882.xml,Mercados
news_01883.xml,Mercados
news_01884.xml,Mercados
news_01885.xml,Mercados
news_01886.xml,Mercados
news_01887.xml,Economia
news_01889.xml,Economia
news_01891.xml,Mercados
news_01892.xml,Mercados
news_01893.xml,Mercados
news_01894.xml,Mercados
news_01895.xml,Economia
news_01896.xml,Mercados
news_01897.xml,Mercados
news_01898.xml,GovSocial
news_01899.xml,Mercados
news_01903.xml,Mercados
news_01905.xml,Mercados
news_01908.xml,Economia
news_01909.xml,Mercados
news_01911.xml,Mercados
news_01912.xml,Mercados
news_01913.xml,Mercados
news_01914.xml,Mercados
news_01916.xml,Mercados
news_01917.xml,Mercados
news_01918.xml,Economia
news_01919.xml,Mercados
news_01920.xml,Mercados
news_01921.xml,Mercados
news_01922.xml,Mercados
news_01924.xml,Economia
news_01925.xml,Mercados
news_01927.xml,Mercados
news_01928.xml,Economia
news_01929.xml,Mercados
news_01930.xml,Mercados
news_01931.xml,Mercados
news_01932.xml,Mercados
news_01933.xml,Mercados
news_01935.xml,Mercados
news_01936.xml,Mercados
news_01937.xml,Mercados
news_01938.xml,Mercados
news_01940.xml,Mercados
news_01942.xml,Mercados
news_01944.xml,Economia
news_01945.xml,Economia
news_01946.xml,Mercados
news_01949.xml,Mercados
news_01953.xml,Mercados
news_01954.xml,Mercados
news_01955.xml,Mercados
news_01956.xml,Mercados
news_01957.xml,Mercados
news_01958.xml,Economia
news_01961.xml,Mercados
news_01964.xml,Mercados
news_01965.xml,Mercados
news_01966.xml,Economia
news_01968.xml,Mercados
news_01969.xml,Mercados
news_01971.xml,Mercados
news_01972.xml,Mercados
news_01973.xml,Economia
news_01974.xml,Mercados
news_01975.xml,Economia
news_01976.xml,Mercados
news_01978.xml,Mercados
news_01979.xml,Economia
news_01980.xml,Mercados
news_01981.xml,GovSocial
news_01982.xml,Mercados
news_01983.xml,Economia
news_01984.xml,Mercados
news_01985.xml,Mercados
news_01986.xml,Mercados
news_01987.xml,Mercados
news_01988.xml,Economia
news_01989.xml,Mercados
news_01992.xml,Mercados
news_01994.xml,Mercados
news_01996.xml,Mercados
news_01997.xml,Economia
news_02000.xml,GovSocial
news_02002.xml,Economia
news_02003.xml,Mercados
news_02004.xml,Economia
news_02008.xml,Mercados
news_02010.xml,Mercados
news_02011.xml,Mercados
news_02012.xml,Mercados
news_02013.xml,Mercados
news_02014.xml,Economia
news_02015.xml,Mercados
news_02016.xml,Mercados
news_02017.xml,Economia
news_02018.xml,Mercados
news_02019.xml,Mercados
news_02021.xml,Mercados
news_02022.xml,Mercados
news_02023.xml,Economia
news_02025.xml,Mercados
news_02026.xml,Economia
news_02029.xml,Mercados
news_02031.xml,Mercados
news_02032.xml,Mercados
news_02035.xml,Mercados
news_02036.xml,Mercados
news_02038.xml,Mercados
news_02042.xml,Economia
news_02044.xml,GovSocial
news_02046.xml,Mercados
news_02047.xml,Mercados
news_02048.xml,Mercados
news_02050.xml,Mercados
news_02051.xml,Mercados
news_02052.xml,Mercados
news_02053.xml,Mercados
news_02054.xml,CorpIndustrial
news_02055.xml,Mercados
news_02056.xml,Mercados
news_02057.xml,CorpIndustrial
news_02058.xml,CorpIndustrial
news_02060.xml,Economia
news_02061.xml,Mercados
news_02062.xml,Economia
news_02063.xml,Mercados
news_02067.xml,Mercados
news_02069.xml,CorpIndustrial
news_02070.xml,Economia
news_02071.xml,Mercados
news_02074.xml,Economia
news_02076.xml,Mercados
news_02078.xml,Mercados
news_02079.xml,Economia
news_02081.xml,Mercados
news_02082.xml,Mercados
news_02083.xml,GovSocial
news_02084.xml,Mercados
news_02085.xml,Mercados
news_02087.xml,Mercados
news_02088.xml,Economia
news_02090.xml,Mercados
news_02091.xml,Mercados
news_02094.xml,Mercados
news_02095.xml,Mercados
news_02096.xml,Economia
news_02097.xml,Mercados
news_02098.xml,Mercados
news_02101.xml,Mercados
news_02103.xml,Mercados
news_02104.xml,Mercados
news_02106.xml,Mercados
news_02107.xml,Economia
news_02108.xml,Mercados
news_02109.xml,Mercados
news_02111.xml,Mercados
news_02112.xml,Mercados
news_02113.xml,Mercados
news_02114.xml,Mercados
news_02115.xml,Mercados
news_02116.xml,Mercados
news_02118.xml,Mercados
news_02119.xml,Mercados
news_02120.xml,Mercados
news_02122.xml,Mercados
news_02123.xml,Mercados
news_02124.xml,Mercados
news_02125.xml,Mercados
news_02126.xml,Economia
news_02127.xml,Economia
news_02129.xml,Economia
news_02130.xml,Mercados
news_02132.xml,Mercados
news_02133.xml,Mercados
news_02134.xml,Mercados
news_02135.xml,Mercados
news_02136.xml,Mercados
news_02137.xml,Mercados
news_02138.xml,Economia
news_02141.xml,Mercados
news_02142.xml,Mercados
news_02143.xml,Mercados
news_02145.xml,GovSocial
news_02146.xml,Mercados
news_02147.xml,Mercados
news_02148.xml,Mercados
news_02149.xml,Mercados
news_02150.xml,Mercados
news_02151.xml,Mercados
news_02152.xml,Mercados
news_02153.xml,Mercados
news_02154.xml,Mercados
news_02155.xml,Mercados
news_02156.xml,Mercados
news_02157.xml,Mercados
news_02158.xml,Mercados
news_02159.xml,Mercados
news_02160.xml,Mercados
news_02162.xml,Economia
news_02163.xml,Mercados
news_02164.xml,Economia
news_02166.xml,Mercados
news_02167.xml,GovSocial
news_02168.xml,Economia
news_02169.xml,Mercados
news_02170.xml,Mercados
news_02171.xml,Economia
news_02173.xml,Mercados
news_02176.xml,Mercados
news_02177.xml,Mercados
news_02179.xml,Mercados
news_02181.xml,Mercados
news_02182.xml,Mercados
news_02183.xml,CorpIndustrial
news_02184.xml,Mercados
news_02185.xml,Mercados
news_02186.xml,Mercados
news_02187.xml,Mercados
news_02188.xml,Mercados
news_02189.xml,Mercados
news_02190.xml,Mercados
news_02191.xml,Mercados
news_02192.xml,Economia
news_02193.xml,Mercados
news_02196.xml,Mercados
news_02197.xml,Economia
news_02198.xml,Economia
news_02199.xml,Mercados
news_02200.xml,Mercados
news_02201.xml,Mercados
news_02203.xml,Mercados
news_02204.xml,Economia
news_02205.xml,Mercados
news_02206.xml,Economia
news_02207.xml,Economia
news_02208.xml,Economia
news_02210.xml,Mercados
news_02211.xml,Mercados
news_02213.xml,Mercados
news_02214.xml,GovSocial
news_02216.xml,Mercados
news_02219.xml,Mercados
news_02220.xml,Mercados
news_02221.xml,Mercados
news_02222.xml,Mercados
news_02223.xml,Mercados
news_02225.xml,Mercados
news_02226.xml,Mercados
news_02228.xml,CorpIndustrial
news_02229.xml,Mercados
news_02232.xml,Mercados
news_02235.xml,Mercados
news_02236.xml,Mercados
news_02237.xml,Mercados
news_02238.xml,Mercados
news_02239.xml,Mercados
news_02241.xml,Mercados
news_02242.xml,Mercados
news_02243.xml,Economia
news_02244.xml,Mercados
news_02245.xml,GovSocial
news_02246.xml,Mercados
news_02248.xml,Economia
news_02249.xml,Economia
news_02251.xml,Mercados
news_02252.xml,Mercados
news_02255.xml,Economia
news_02256.xml,Mercados
news_02258.xml,Mercados
news_02259.xml,Mercados
news_02261.xml,Mercados
news_02262.xml,Mercados
news_02263.xml,Mercados
news_02265.xml,Mercados
news_02266.xml,Mercados
news_02267.xml,Mercados
news_02268.xml,Economia
news_02269.xml,Economia
news_02273.xml,Economia
news_02274.xml,Mercados
news_02275.xml,Mercados
news_02276.xml,Mercados
news_02277.xml,Mercados
news_02278.xml,Mercados
news_02279.xml,Economia
news_02280.xml,Mercados
news_02282.xml,Mercados
news_02283.xml,Mercados
news_02284.xml,Economia
news_02285.xml,Mercados
news_02287.xml,GovSocial
news_02288.xml,Economia
news_02292.xml,Mercados
news_02293.xml,Mercados
news_02294.xml,Mercados
news_02295.xml,Mercados
news_02296.xml,Mercados
news_02297.xml,Mercados
news_02301.xml,Mercados
news_02302.xml,Mercados
news_02303.xml,Mercados
news_02304.xml,Mercados
news_02305.xml,Economia
news_02309.xml,Mercados
news_02310.xml,Economia
news_02311.xml,Mercados
news_02314.xml,Mercados
news_02315.xml,Economia
news_02317.xml,Economia
news_02318.xml,Mercados
news_02319.xml,Mercados
news_02320.xml,Mercados
news_02322.xml,Mercados
news_02324.xml,Mercados
news_02325.xml,Mercados
news_02326.xml,Mercados
news_02327.xml,Mercados
news_02328.xml,Mercados
news_02330.xml,Mercados
news_02331.xml,Economia
news_02333.xml,Mercados
news_02334.xml,Mercados
news_02335.xml,Mercados
news_02336.xml,Economia
news_02337.xml,Economia
news_02339.xml,Mercados
news_02340.xml,Mercados
news_02341.xml,Economia
news_02342.xml,Mercados
news_02343.xml,Mercados
news_02344.xml,Mercados
news_02345.xml,Mercados
news_02346.xml,Mercados
news_02349.xml,Mercados
news_02350.xml,Mercados
news_02352.xml,Economia
news_02353.xml,Mercados
news_02355.xml,Mercados
news_02356.xml,Mercados
news_02357.xml,Economia
news_02359.xml,Mercados
news_02360.xml,Economia
news_02361.xml,Mercados
news_02362.xml,Mercados
news_02364.xml,Mercados
news_02366.xml,Mercados
news_02367.xml,Mercados
news_02368.xml,Economia
news_02370.xml,Mercados
news_02371.xml,Mercados
news_02372.xml,Economia
news_02373.xml,Economia
news_02376.xml,Mercados
news_02377.xml,Mercados
news_02378.xml,Mercados
news_02379.xml,Mercados
news_02380.xml,Mercados
news_02382.xml,Mercados
news_02383.xml,Economia
news_02384.xml,Mercados
news_02385.xml,Mercados
news_02386.xml,Mercados
news_02387.xml,Mercados
news_02388.xml,Mercados
news_02389.xml,Mercados
news_02390.xml,Mercados
news_02391.xml,Economia
news_02395.xml,Mercados
news_02396.xml,Mercados
news_02397.xml,Mercados
news_02399.xml,Mercados
news_02402.xml,Mercados
news_02406.xml,Economia
news_02409.xml,Mercados
news_02410.xml,Mercados
news_02411.xml,Economia
news_02412.xml,Mercados
news_02416.xml,Mercados
news_02417.xml,Mercados
news_02420.xml,Mercados
news_02421.xml,Mercados
news_02423.xml,Mercados
news_02424.xml,Mercados
news_02426.xml,Mercados
news_02427.xml,Mercados
news_02428.xml,Economia
news_02429.xml,Mercados
news_02430.xml,Mercados
news_02432.xml,Mercados
news_02436.xml,Mercados
news_02437.xml,Mercados
news_02438.xml,Mercados
news_02439.xml,Mercados
news_02440.xml,Mercados
news_02441.xml,Economia
news_02442.xml,Economia
news_02443.xml,CorpIndustrial
news_02444.xml,Mercados
news_02446.xml,Mercados
news_02447.xml,Mercados
news_02448.xml,Mercados
news_02450.xml,Mercados
news_02452.xml,Mercados
news_02453.xml,Mercados
news_02454.xml,Economia
news_02455.xml,Mercados
news_02458.xml,Mercados
news_02459.xml,Mercados
news_02460.xml,Mercados
news_02464.xml,Mercados
news_02465.xml,Mercados
news_02467.xml,Economia
news_02468.xml,Mercados
news_02471.xml,Mercados
news_02472.xml,Mercados
news_02473.xml,Mercados
news_02474.xml,Mercados
news_02477.xml,Mercados
news_02478.xml,CorpIndustrial
news_02479.xml,Mercados
news_02480.xml,Mercados
news_02481.xml,Mercados
news_02482.xml,Economia
news_02483.xml,Mercados
news_02484.xml,Mercados
news_02485.xml,Mercados
news_02486.xml,Mercados
news_02487.xml,Mercados
news_02488.xml,Economia
news_02489.xml,Mercados
news_02490.xml,Economia
news_02491.xml,Mercados
news_02492.xml,Mercados
news_02493.xml,Economia
news_02494.xml,Mercados
news_02496.xml,Mercados
news_02497.xml,GovSocial
news_02499.xml,Mercados
news_02500.xml,Mercados
news_02501.xml,Mercados
news_02502.xml,Mercados
news_02503.xml,Economia
news_02504.xml,Mercados
news_02507.xml,Mercados
news_02508.xml,Mercados
news_02510.xml,Mercados
news_02511.xml,Mercados
news_02512.xml,GovSocial
news_02514.xml,Mercados
news_02515.xml,Mercados
news_02516.xml,Mercados
news_02517.xml,Mercados
news_02518.xml,Mercados
news_02519.xml,Mercados
news_02520.xml,CorpIndustrial
news_02521.xml,Economia
news_02522.xml,CorpIndustrial
news_02523.xml,Mercados
news_02525.xml,Economia
news_02526.xml,Mercados
news_02528.xml,Mercados
news_02530.xml,Mercados
news_02531.xml,Mercados
news_02532.xml,Mercados
news_02533.xml,Mercados
news_02536.xml,Mercados
news_02538.xml,Mercados
news_02539.xml,Mercados
news_02543.xml,Mercados
news_02544.xml,Mercados
news_02545.xml,Mercados
news_02546.xml,Mercados
news_02547.xml,Economia
news_02548.xml,Mercados
news_02549.xml,Economia
news_02550.xml,Mercados
news_02551.xml,Economia
news_02553.xml,Mercados
news_02554.xml,Mercados
news_02555.xml,Economia
news_02557.xml,Mercados
news_02558.xml,Mercados
news_02560.xml,Mercados
news_02561.xml,Mercados
news_02562.xml,Mercados
news_02563.xml,Mercados
news_02564.xml,Mercados
news_02566.xml,Mercados
news_02567.xml,Mercados
news_02568.xml,Economia
news_02569.xml,Mercados
news_02570.xml,Mercados
news_02572.xml,Mercados
news_02573.xml,Mercados
news_02574.xml,Mercados
news_02575.xml,Economia
news_02576.xml,Mercados
news_02579.xml,GovSocial
news_02581.xml,Mercados
news_02582.xml,Mercados
news_02585.xml,Mercados
news_02586.xml,Mercados
news_02587.xml,Economia
news_02589.xml,Mercados
news_02590.xml,Mercados
news_02592.xml,Mercados
news_02593.xml,Mercados
news_02594.xml,Mercados
news_02597.xml,Mercados
news_02598.xml,Economia
news_02599.xml,Mercados
news_02601.xml,Economia
news_02602.xml,Mercados
news_02604.xml,Economia
news_02605.xml,Mercados
news_02607.xml,Mercados
news_02608.xml,Mercados
news_02609.xml,Mercados
news_02610.xml,Mercados
news_02611.xml,Mercados
news_02612.xml,Mercados
news_02614.xml,Mercados
news_02615.xml,Mercados
news_02616.xml,Mercados
news_02620.xml,Mercados
news_02622.xml,Economia
news_02623.xml,GovSocial
news_02624.xml,Mercados
news_02631.xml,Mercados
news_02632.xml,Mercados
news_02633.xml,Mercados
news_02634.xml,Mercados
news_02635.xml,Mercados
news_02636.xml,Economia
news_02637.xml,Mercados
news_02638.xml,Economia
news_02639.xml,Mercados
news_02640.xml,Mercados
news_02641.xml,Economia
news_02643.xml,GovSocial
news_02644.xml,Mercados
news_02646.xml,Mercados
news_02647.xml,Economia
news_02649.xml,GovSocial
news_02651.xml,Mercados
news_02654.xml,Mercados
news_02656.xml,Mercados
news_02657.xml,Mercados
news_02659.xml,Mercados
news_02660.xml,Mercados
news_02661.xml,Mercados
news_02663.xml,Mercados
news_02665.xml,Mercados
news_02666.xml,Economia
news_02667.xml,Mercados
news_02668.xml,Mercados
news_02669.xml,Mercados
news_02670.xml,Mercados
news_02672.xml,Mercados
news_02673.xml,Economia
news_02674.xml,Economia
news_02675.xml,Economia
news_02677.xml,Economia
news_02680.xml,Economia
news_02681.xml,Mercados
news_02682.xml,Economia
news_02685.xml,Mercados
news_02686.xml,Mercados
news_02687.xml,GovSocial
news_02689.xml,Mercados
news_02690.xml,Mercados
news_02691.xml,Economia
news_02692.xml,Mercados
news_02693.xml,Mercados
news_02694.xml,Mercados
news_02699.xml,Mercados
news_02700.xml,Mercados
news_02701.xml,GovSocial
news_02702.xml,Mercados
news_02703.xml,Mercados
news_02704.xml,Mercados
news_02705.xml,Mercados
news_02706.xml,Mercados
news_02710.xml,Mercados
news_02711.xml,Mercados
news_02713.xml,Mercados
news_02715.xml,Mercados
news_02717.xml,Economia
news_02719.xml,Mercados
news_02721.xml,Mercados
news_02722.xml,Mercados
news_02724.xml,Economia
news_02725.xml,Mercados
news_02727.xml,Mercados
news_02728.xml,Mercados
news_02729.xml,Economia
news_02730.xml,Mercados
news_02731.xml,Mercados
news_02732.xml,Mercados
news_02733.xml,GovSocial
news_02735.xml,Economia
news_02738.xml,Mercados
news_02739.xml,Mercados
news_02740.xml,Mercados
news_02742.xml,Economia
news_02743.xml,Mercados
news_02744.xml,Mercados
news_02745.xml,Mercados
news_02747.xml,Mercados
news_02748.xml,Mercados
news_02749.xml,Mercados
news_02751.xml,CorpIndustrial
news_02752.xml,Mercados
news_02753.xml,Economia
news_02754.xml,Mercados
news_02755.xml,Mercados
news_02756.xml,Mercados
news_02757.xml,Economia
news_02758.xml,Economia
news_02759.xml,Economia
news_02760.xml,Economia
news_02761.xml,Mercados
news_02762.xml,Mercados
news_02763.xml,Economia
news_02764.xml,Mercados
news_02765.xml,Mercados
news_02766.xml,Mercados
news_02767.xml,Economia
news_02768.xml,Mercados
news_02769.xml,Mercados
news_02771.xml,Mercados
news_02772.xml,Mercados
news_02773.xml,Economia
news_02774.xml,Mercados
news_02776.xml,Mercados
news_02779.xml,Economia
news_02780.xml,Mercados
news_02782.xml,Mercados
news_02784.xml,Mercados
news_02785.xml,Economia
news_02786.xml,Mercados
news_02787.xml,Mercados
news_02788.xml,Mercados
news_02792.xml,Mercados
news_02793.xml,Mercados
news_02794.xml,Mercados
news_02795.xml,Mercados
news_02796.xml,Mercados
news_02797.xml,Mercados
news_02798.xml,Mercados
news_02799.xml,Economia
news_02801.xml,Mercados
news_02802.xml,Mercados
news_02803.xml,Mercados
news_02805.xml,Mercados
news_02808.xml,Economia
news_02809.xml,Mercados
news_02810.xml,CorpIndustrial
news_02811.xml,Economia
news_02812.xml,Mercados
news_02813.xml,Mercados
news_02815.xml,Economia
news_02816.xml,Economia
news_02818.xml,Mercados
news_02819.xml,Economia
news_02820.xml,Economia
news_02823.xml,Mercados
news_02827.xml,Economia
news_02828.xml,Mercados
news_02829.xml,Mercados
news_02834.xml,Mercados
news_02835.xml,Economia
news_02836.xml,Mercados
news_02837.xml,Mercados
news_02838.xml,Mercados
news_02839.xml,Economia
news_02840.xml,Mercados
news_02842.xml,GovSocial
news_02843.xml,Economia
news_02844.xml,Mercados
news_02846.xml,Economia
news_02847.xml,GovSocial
news_02848.xml,Mercados
news_02849.xml,Mercados
news_02850.xml,Economia
news_02853.xml,Economia
news_02854.xml,Mercados
news_02855.xml,Mercados
news_02858.xml,Mercados
news_02859.xml,Economia
news_02860.xml,Mercados
news_02861.xml,CorpIndustrial
news_02863.xml,Economia
news_02864.xml,Economia
news_02865.xml,Mercados
news_02868.xml,Mercados
news_02869.xml,Mercados
news_02872.xml,Mercados
news_02875.xml,Economia
news_02877.xml,Mercados
news_02878.xml,GovSocial
news_02879.xml,Mercados
news_02884.xml,Mercados
news_02885.xml,Economia
news_02889.xml,Mercados
news_02890.xml,Mercados
news_02891.xml,Economia
news_02892.xml,Mercados
news_02893.xml,Mercados
news_02894.xml,Mercados
news_02895.xml,Mercados
news_02896.xml,Economia
news_02897.xml,Mercados
news_02898.xml,Economia
news_02899.xml,Mercados
news_02900.xml,Economia
news_02901.xml,Mercados
news_02902.xml,Mercados
news_02904.xml,Mercados
news_02906.xml,Mercados
news_02907.xml,Mercados
news_02908.xml,GovSocial
news_02909.xml,Mercados
news_02912.xml,Mercados
news_02913.xml,Economia
news_02914.xml,GovSocial
news_02915.xml,Mercados
news_02916.xml,Mercados
news_02917.xml,Mercados
news_02918.xml,Economia
news_02919.xml,Mercados
news_02920.xml,Economia
news_02921.xml,Economia
news_02922.xml,Mercados
news_02924.xml,Mercados
news_02925.xml,Mercados
news_02926.xml,CorpIndustrial
news_02928.xml,Mercados
news_02930.xml,Mercados
news_02933.xml,GovSocial
news_02934.xml,Mercados
news_02935.xml,Mercados
news_02937.xml,Economia
news_02938.xml,Economia
news_02940.xml,Mercados
news_02941.xml,Mercados
news_02943.xml,Economia
news_02944.xml,Mercados
news_02945.xml,Mercados
news_02947.xml,Economia
news_02948.xml,Mercados
news_02949.xml,Mercados
news_02951.xml,Mercados
news_02953.xml,Economia
news_02954.xml,Mercados
news_02955.xml,Mercados
news_02956.xml,Economia
news_02958.xml,Economia
news_02959.xml,Economia
news_02960.xml,Mercados
news_02962.xml,CorpIndustrial
news_02963.xml,Mercados
news_02965.xml,Mercados
news_02966.xml,Economia
news_02968.xml,Mercados
news_02970.xml,Economia
news_02972.xml,Mercados
news_02973.xml,Mercados
news_02974.xml,Economia
news_02975.xml,Mercados
news_02978.xml,Mercados
news_02979.xml,Mercados
news_02980.xml,Economia
news_02981.xml,Economia
news_02984.xml,Economia
news_02985.xml,Economia
news_02986.xml,Mercados
news_02988.xml,Mercados
news_02989.xml,Mercados
news_02990.xml,Mercados
news_02995.xml,Mercados
news_02997.xml,Economia
news_02998.xml,Mercados
news_02999.xml,Mercados
news_03002.xml,Mercados
news_03003.xml,Mercados
news_03004.xml,Economia
news_03005.xml,Mercados
news_03006.xml,Economia
news_03009.xml,Mercados
news_03011.xml,Mercados
news_03012.xml,Mercados
news_03013.xml,Mercados
news_03015.xml,Mercados
news_03016.xml,Mercados
news_03017.xml,Mercados
news_03021.xml,Mercados
news_03022.xml,Economia
news_03024.xml,Mercados
news_03025.xml,Economia
news_03026.xml,Mercados
news_03027.xml,Economia
news_03028.xml,Mercados
news_03029.xml,Mercados
news_03030.xml,Economia
news_03031.xml,Mercados
news_03032.xml,Economia
news_03034.xml,Economia
news_03035.xml,Mercados
news_03036.xml,Mercados
news_03037.xml,Mercados
news_03038.xml,Mercados
news_03039.xml,Economia
news_03041.xml,Mercados
news_03042.xml,Mercados
news_03043.xml,Mercados
news_03045.xml,Mercados
news_03046.xml,Mercados
news_03048.xml,Mercados
news_03049.xml,Mercados
news_03050.xml,Mercados
news_03051.xml,Mercados
news_03053.xml,Economia
news_03054.xml,Mercados
news_03055.xml,Mercados
news_03056.xml,Mercados
news_03057.xml,Mercados
news_03059.xml,Mercados
news_03060.xml,Economia
news_03061.xml,Mercados
news_03062.xml,Economia
news_03063.xml,Economia
news_03066.xml,Mercados
news_03070.xml,Mercados
news_03071.xml,Mercados
news_03073.xml,Mercados
news_03074.xml,Mercados
news_03075.xml,Mercados
news_03076.xml,Mercados
news_03077.xml,Mercados
news_03078.xml,Mercados
news_03079.xml,Mercados
news_03080.xml,Mercados
news_03081.xml,Mercados
news_03082.xml,GovSocial
news_03083.xml,Economia
news_03088.xml,GovSocial
news_03089.xml,Mercados
news_03092.xml,Mercados
news_03093.xml,Mercados
news_03094.xml,Mercados
news_03096.xml,Mercados
news_03097.xml,Mercados
news_03098.xml,Mercados
news_03099.xml,Mercados
news_03100.xml,Mercados
news_03101.xml,Mercados
news_03102.xml,Mercados
news_03104.xml,Mercados
news_03105.xml,Economia
news_03106.xml,Economia
news_03107.xml,Mercados
news_03108.xml,Mercados
news_03109.xml,Mercados
news_03110.xml,Economia
news_03112.xml,Mercados
news_03113.xml,Mercados
news_03114.xml,Mercados
news_03115.xml,Mercados
news_03116.xml,Mercados
news_03117.xml,Economia
news_03119.xml,Mercados
news_03122.xml,CorpIndustrial
news_03123.xml,Mercados
news_03124.xml,Mercados
news_03125.xml,Mercados
news_03128.xml,Mercados
news_03130.xml,Economia
news_03131.xml,Mercados
news_03135.xml,Mercados
news_03136.xml,Economia
news_03137.xml,Economia
news_03138.xml,Mercados
news_03139.xml,Economia
news_03141.xml,Mercados
news_03142.xml,Mercados
news_03143.xml,Mercados
news_03144.xml,Mercados
news_03146.xml,Economia
news_03148.xml,Mercados
news_03149.xml,Mercados
news_03150.xml,Mercados
news_03151.xml,Mercados
news_03153.xml,GovSocial
news_03155.xml,Mercados
news_03158.xml,GovSocial
news_03161.xml,Mercados
news_03162.xml,Economia
news_03163.xml,Mercados
news_03164.xml,Mercados
news_03165.xml,Mercados
news_03166.xml,Mercados
news_03168.xml,Mercados
news_03169.xml,Mercados
news_03171.xml,Mercados
news_03172.xml,Mercados
news_03173.xml,Economia
news_03174.xml,Mercados
news_03175.xml,Economia
news_03177.xml,Mercados
news_03178.xml,Mercados
news_03180.xml,Economia
news_03181.xml,Economia
news_03184.xml,Mercados
news_03185.xml,Mercados
news_03186.xml,Mercados
news_03188.xml,Mercados
news_03190.xml,Mercados
news_03191.xml,Mercados
news_03193.xml,Economia
news_03194.xml,Economia
news_03196.xml,Economia
news_03198.xml,Mercados
news_03199.xml,Mercados
news_03200.xml,Mercados
news_03201.xml,Mercados
news_03202.xml,Mercados
news_03204.xml,Economia
news_03205.xml,Mercados
news_03207.xml,Mercados
news_03210.xml,Economia
news_03211.xml,Mercados
news_03212.xml,Mercados
news_03213.xml,GovSocial
news_03214.xml,Mercados
news_03215.xml,Mercados
news_03216.xml,Mercados
news_03217.xml,Economia
news_03218.xml,Mercados
news_03220.xml,Economia
news_03221.xml,Economia
news_03222.xml,Mercados
news_03223.xml,GovSocial
news_03224.xml,Mercados
news_03226.xml,Mercados
news_03227.xml,Mercados
news_03228.xml,Mercados
news_03229.xml,Mercados
news_03230.xml,Mercados
news_03233.xml,GovSocial
news_03235.xml,Economia
news_03239.xml,Mercados
news_03240.xml,Mercados
news_03241.xml,Economia
news_03242.xml,Mercados
news_03243.xml,Mercados
news_03244.xml,Mercados
news_03245.xml,Mercados
news_03246.xml,Mercados
news_03249.xml,GovSocial
news_03251.xml,CorpIndustrial
news_03252.xml,Mercados
news_03258.xml,Mercados
news_03260.xml,Mercados
news_03261.xml,Economia
news_03263.xml,Mercados
news_03264.xml,GovSocial
news_03265.xml,Economia
news_03266.xml,Mercados
news_03267.xml,Mercados
news_03268.xml,Mercados
news_03270.xml,Mercados
news_03272.xml,Mercados
news_03273.xml,Mercados
news_03275.xml,Mercados
news_03276.xml,Economia
news_03277.xml,Mercados
news_03278.xml,Mercados
news_03279.xml,GovSocial
news_03280.xml,Mercados
news_03281.xml,Mercados
news_03282.xml,Economia
news_03283.xml,GovSocial
news_03284.xml,Mercados
news_03288.xml,Mercados
news_03289.xml,Mercados
news_03290.xml,Mercados
news_03291.xml,Mercados
news_03292.xml,Mercados
news_03294.xml,GovSocial
news_03295.xml,GovSocial
news_03296.xml,Economia
news_03297.xml,Mercados
news_03298.xml,Mercados
news_03299.xml,Mercados
news_03301.xml,Mercados
news_03302.xml,Mercados
news_03303.xml,Mercados
news_03305.xml,Economia
news_03306.xml,Mercados
news_03307.xml,Mercados
news_03308.xml,Mercados
news_03309.xml,Economia
news_03310.xml,Mercados
news_03311.xml,Economia
news_03312.xml,Economia
news_03313.xml,Mercados
news_03315.xml,Mercados
news_03317.xml,GovSocial
news_03318.xml,Mercados
news_03320.xml,Mercados
news_03321.xml,Economia
news_03322.xml,Economia
news_03324.xml,Mercados
news_03325.xml,Mercados
news_03326.xml,Mercados
news_03327.xml,Mercados
news_03328.xml,Mercados
news_03329.xml,Mercados
news_03332.xml,Economia
news_03335.xml,Mercados
news_03336.xml,Mercados
news_03338.xml,Mercados
news_03339.xml,Mercados
news_03340.xml,Economia
news_03342.xml,Mercados
news_03345.xml,Mercados
news_03346.xml,Economia
news_03347.xml,Economia
news_03348.xml,Mercados
news_03349.xml,GovSocial
news_03350.xml,Mercados
news_03351.xml,Economia
news_03353.xml,Mercados
news_03356.xml,Mercados
news_03357.xml,Mercados
news_03358.xml,Mercados
news_03360.xml,Mercados
news_03361.xml,Economia
news_03362.xml,Mercados
news_03363.xml,Mercados
news_03364.xml,Mercados
news_03365.xml,Economia
news_03366.xml,Mercados
news_03367.xml,Mercados
news_03368.xml,Mercados
news_03370.xml,Mercados
news_03373.xml,Mercados
news_03375.xml,Mercados
news_03376.xml,Economia
news_03377.xml,Mercados
news_03378.xml,GovSocial
news_03379.xml,Mercados
news_03382.xml,Mercados
news_03384.xml,Economia
news_03387.xml,Mercados
news_03389.xml,Mercados
news_03391.xml,Mercados
news_03393.xml,Mercados
news_03394.xml,Mercados
news_03397.xml,Mercados
news_03399.xml,Economia
news_03401.xml,Economia
news_03403.xml,Mercados
news_03404.xml,Economia
news_03406.xml,Mercados
news_03410.xml,Mercados
news_03411.xml,Mercados
news_03413.xml,Mercados
news_03414.xml,Economia
news_03416.xml,Mercados
news_03418.xml,Mercados
news_03419.xml,Mercados
news_03420.xml,Economia
news_03422.xml,Mercados
news_03423.xml,Mercados
news_03424.xml,Mercados
news_03426.xml,GovSocial
news_03428.xml,Mercados
news_03429.xml,Mercados
news_03430.xml,Mercados
news_03432.xml,Mercados
news_03434.xml,Mercados
news_03435.xml,Economia
news_03437.xml,Mercados
news_03438.xml,Mercados
news_03439.xml,Mercados
news_03440.xml,Mercados
news_03443.xml,Economia
news_03444.xml,Mercados
news_03445.xml,Mercados
news_03448.xml,Mercados
news_03449.xml,Mercados
news_03450.xml,Economia
news_03451.xml,Mercados
news_03452.xml,Mercados
news_03453.xml,Mercados
news_03456.xml,Mercados
news_03457.xml,Mercados
news_03458.xml,Economia
news_03459.xml,Mercados
news_03460.xml,Economia
news_03461.xml,Mercados
news_03462.xml,Mercados
news_03463.xml,Mercados
news_03464.xml,Mercados
news_03465.xml,Mercados
news_03466.xml,Mercados
news_03467.xml,Economia
news_03468.xml,Mercados
news_03470.xml,GovSocial
news_03473.xml,Mercados
news_03474.xml,GovSocial
news_03475.xml,Economia
news_03476.xml,Mercados
news_03479.xml,Economia
news_03480.xml,Mercados
news_03482.xml,CorpIndustrial
news_03485.xml,CorpIndustrial
news_03486.xml,Mercados
news_03487.xml,Economia
news_03488.xml,Mercados
news_03489.xml,Economia
news_03490.xml,Mercados
news_03492.xml,Mercados
news_03493.xml,Economia
news_03494.xml,Mercados
news_03495.xml,Mercados
news_03496.xml,GovSocial
news_03497.xml,Mercados
news_03499.xml,Mercados
news_03500.xml,Mercados
news_03501.xml,Mercados
news_03502.xml,Mercados
news_03503.xml,Mercados
news_03504.xml,Economia
news_03505.xml,Mercados
news_03506.xml,Mercados
news_03508.xml,Economia
news_03509.xml,GovSocial
news_03510.xml,Mercados
news_03512.xml,Mercados
news_03513.xml,Mercados
news_03514.xml,GovSocial
news_03515.xml,GovSocial
news_03516.xml,Mercados
news_03518.xml,Mercados
news_03520.xml,Economia
news_03521.xml,Economia
news_03522.xml,Mercados
news_03525.xml,Economia
news_03527.xml,Economia
news_03528.xml,Mercados
news_03529.xml,Economia
news_03534.xml,Mercados
news_03535.xml,Mercados
news_03536.xml,Mercados
news_03537.xml,Mercados
news_03539.xml,Mercados
news_03541.xml,Mercados
news_03542.xml,Mercados
news_03543.xml,Mercados
news_03546.xml,Mercados
news_03548.xml,Mercados
news_03549.xml,Mercados
news_03550.xml,Mercados
news_03551.xml,Economia
news_03553.xml,GovSocial
news_03557.xml,Mercados
news_03560.xml,Economia
news_03561.xml,Mercados
news_03564.xml,Mercados
news_03565.xml,Mercados
news_03566.xml,Mercados
news_03568.xml,Mercados
news_03569.xml,Mercados
news_03570.xml,Mercados
news_03571.xml,Mercados
news_03572.xml,Mercados
news_03574.xml,Mercados
news_03575.xml,Economia
news_03576.xml,Mercados
news_03577.xml,Mercados
news_03578.xml,Mercados
news_03579.xml,Economia
news_03580.xml,Economia
news_03582.xml,Mercados
news_03584.xml,Economia
news_03585.xml,Mercados
news_03586.xml,Economia
news_03587.xml,Economia
news_03589.xml,Economia
news_03590.xml,Mercados
news_03592.xml,Mercados
news_03593.xml,Mercados
news_03594.xml,Mercados
news_03595.xml,Mercados
news_03596.xml,Economia
news_03597.xml,Mercados
news_03598.xml,Mercados
news_03599.xml,Mercados
news_03600.xml,Mercados
news_03601.xml,Mercados
news_03602.xml,Mercados
news_03606.xml,Mercados
news_03610.xml,Mercados
news_03611.xml,Economia
news_03612.xml,Mercados
news_03613.xml,Mercados
news_03614.xml,Economia
news_03615.xml,Economia
news_03619.xml,Economia
news_03621.xml,Mercados
news_03622.xml,Mercados
news_03624.xml,Economia
news_03625.xml,Mercados
news_03626.xml,Mercados
news_03627.xml,Mercados
news_03629.xml,Mercados
news_03630.xml,Mercados
news_03631.xml,Mercados
news_03634.xml,Mercados
news_03636.xml,GovSocial
news_03637.xml,Mercados
news_03641.xml,Mercados
news_03642.xml,Economia
news_03647.xml,Mercados
news_03648.xml,Mercados
news_03649.xml,Mercados
news_03650.xml,Mercados
news_03651.xml,Mercados
news_03652.xml,Mercados
news_03653.xml,Mercados
news_03655.xml,Mercados
news_03656.xml,Mercados
news_03657.xml,Mercados
news_03658.xml,Economia
news_03659.xml,Mercados
news_03660.xml,Mercados
news_03661.xml,Mercados
news_03662.xml,GovSocial
news_03663.xml,Economia
news_03664.xml,Mercados
news_03665.xml,Mercados
news_03666.xml,Economia
news_03667.xml,Mercados
news_03668.xml,Mercados
news_03670.xml,Mercados
news_03674.xml,Mercados
news_03675.xml,Mercados
news_03677.xml,Mercados
news_03678.xml,Economia
news_03679.xml,Mercados
news_03680.xml,Mercados
news_03681.xml,Mercados
news_03683.xml,Economia
news_03684.xml,Economia
news_03686.xml,Mercados
news_03690.xml,Economia
news_03691.xml,Mercados
news_03692.xml,Mercados
news_03693.xml,Economia
news_03696.xml,Mercados
news_03697.xml,Mercados
news_03699.xml,Mercados
news_03700.xml,Mercados
news_03701.xml,Mercados
news_03702.xml,GovSocial
news_03703.xml,Mercados
news_03704.xml,Mercados
news_03705.xml,Mercados
news_03708.xml,Mercados
news_03712.xml,Mercados
news_03713.xml,CorpIndustrial
news_03715.xml,Mercados
news_03716.xml,Mercados
news_03718.xml,GovSocial
news_03719.xml,Economia
news_03720.xml,Mercados
news_03721.xml,Mercados
news_03723.xml,Economia
news_03724.xml,Economia
news_03727.xml,Mercados
news_03728.xml,Mercados
news_03731.xml,Economia
news_03733.xml,Mercados
news_03734.xml,Mercados
news_03737.xml,Mercados
news_03738.xml,Mercados
news_03739.xml,Mercados
news_03740.xml,Mercados
news_03742.xml,Mercados
news_03744.xml,Mercados
news_03746.xml,Mercados
news_03747.xml,Mercados
news_03749.xml,GovSocial
news_03750.xml,Economia
news_03751.xml,Mercados
news_03754.xml,Economia
news_03755.xml,Mercados
news_03756.xml,Economia
news_03757.xml,Mercados
news_03760.xml,GovSocial
news_03761.xml,Mercados
news_03762.xml,Mercados
news_03764.xml,Economia
news_03765.xml,Mercados
news_03768.xml,Mercados
news_03769.xml,Mercados
news_03770.xml,Mercados
news_03771.xml,Economia
news_03773.xml,Mercados
news_03774.xml,Mercados
news_03776.xml,Mercados
news_03780.xml,Economia
news_03784.xml,Mercados
news_03786.xml,GovSocial
news_03787.xml,Mercados
news_03788.xml,Economia
news_03790.xml,Economia
news_03792.xml,Mercados
news_03793.xml,Mercados
news_03794.xml,Economia
news_03795.xml,Mercados
news_03797.xml,Mercados
news_03798.xml,GovSocial
news_03801.xml,Mercados
news_03802.xml,Mercados
news_03803.xml,Economia
news_03804.xml,Mercados
news_03806.xml,Mercados
news_03807.xml,Mercados
news_03808.xml,Mercados
news_03809.xml,Mercados
news_03810.xml,Mercados
news_03814.xml,Mercados
news_03815.xml,Mercados
news_03816.xml,Mercados
news_03817.xml,Mercados
news_03818.xml,Mercados
news_03821.xml,Economia
news_03823.xml,Economia
news_03824.xml,Mercados
news_03827.xml,Mercados
news_03829.xml,Economia
news_03830.xml,Mercados
news_03834.xml,Mercados
news_03835.xml,Mercados
news_03836.xml,Mercados
news_03837.xml,Mercados
news_03840.xml,Economia
news_03844.xml,Mercados
news_03849.xml,Mercados
news_03850.xml,Economia
news_03852.xml,Mercados
news_03853.xml,Mercados
news_03855.xml,Economia
news_03856.xml,Mercados
news_03858.xml,Mercados
news_03861.xml,Mercados
news_03862.xml,Mercados
news_03865.xml,Mercados
news_03866.xml,Mercados
news_03867.xml,Mercados
news_03869.xml,Mercados
news_03871.xml,Mercados
news_03872.xml,Economia
news_03873.xml,Economia
news_03875.xml,Mercados
news_03876.xml,Mercados
news_03879.xml,Economia
news_03881.xml,Mercados
news_03882.xml,Mercados
news_03883.xml,Mercados
news_03885.xml,Mercados
news_03886.xml,Mercados
news_03888.xml,Mercados
news_03889.xml,Mercados
news_03892.xml,Mercados
news_03894.xml,Mercados
news_03895.xml,Mercados
news_03896.xml,Economia
news_03898.xml,Economia
news_03899.xml,Mercados
news_03900.xml,GovSocial
news_03901.xml,Economia
news_03902.xml,Mercados
news_03903.xml,Mercados
news_03904.xml,Mercados
news_03905.xml,Mercados
news_03906.xml,Mercados
news_03907.xml,Economia
news_03910.xml,Mercados
news_03911.xml,Mercados
news_03912.xml,Mercados
news_03913.xml,Economia
news_03914.xml,Mercados
news_03916.xml,GovSocial
news_03917.xml,Mercados
news_03918.xml,Mercados
news_03919.xml,Mercados
news_03920.xml,Mercados
news_03921.xml,Economia
news_03922.xml,Mercados
news_03924.xml,Mercados
news_03925.xml,Mercados
news_03927.xml,Economia
news_03929.xml,Mercados
news_03930.xml,GovSocial
news_03931.xml,Mercados
news_03932.xml,Mercados
news_03934.xml,Mercados
news_03935.xml,Economia
news_03936.xml,Mercados
news_03939.xml,Mercados
news_03940.xml,Mercados
news_03941.xml,Mercados
news_03943.xml,Mercados
news_03945.xml,Economia
news_03947.xml,GovSocial
news_03949.xml,Mercados
news_03951.xml,Economia
news_03952.xml,Economia
news_03953.xml,Mercados
news_03954.xml,Mercados
news_03955.xml,Mercados
news_03956.xml,Mercados
news_03957.xml,Mercados
news_03958.xml,Mercados
news_03959.xml,Mercados
news_03960.xml,Mercados
news_03961.xml,Mercados
news_03962.xml,Economia
news_03963.xml,Mercados
news_03964.xml,Mercados
news_03966.xml,Economia
news_03967.xml,Mercados
news_03968.xml,GovSocial
news_03969.xml,Mercados
news_03971.xml,Mercados
news_03972.xml,Economia
news_03973.xml,Mercados
news_03974.xml,GovSocial
