<?xml version="1.0" encoding="UTF-8"?>

<newsitem date="1997-07-01" id="root" itemid="55843" xml:lang="pt">
<title></title>
<headline> Índice PSI20 sobe 1,19 pct para 7.423,76 pontos. </headline>
<byline></byline>
<dateline></dateline>
<text>
<p> LISBOA, 1 Jul (Reuter) - O índice PSI20 sobe 87,02 pontos ou 1,19 pct para 7.423,76 pontos. </p>
<p> (c) Reuters Limited 1997. </p></text>
<copyright>(c) Reuters Limited 1997</copyright>
<metadata>
<codes class="bip:countries:1.0">
<code code="cLOqZsnkUQ">
<editdetail action="confirmed" attribution="Reuters BIP Coding Group" date="1997-07-01"></editdetail></code>
<code code="elLLOCsvwe">
<editdetail action="confirmed" attribution="Reuters BIP Coding Group" date="1997-07-01"></editdetail></code>
<code code="xsKEfOdmxH">
<editdetail action="confirmed" attribution="Reuters BIP Coding Group" date="1997-07-01"></editdetail></code></codes>
<codes class="bip:topics:1.0">
<code code="ahTdDFadkt">
<editdetail action="confirmed" attribution="Reuters BIP Coding Group" date="1997-07-01"></editdetail></code>
<code code="evwmIkYmEo">
<editdetail action="confirmed" attribution="Reuters BIP Coding Group" date="1997-07-01"></editdetail></code></codes>
<dc element="dc.publisher" value="Reuters Holdings Plc"></dc>
<dc element="dc.datepublished" value="1997-07-01"></dc>
<dc element="dc.source" value="Reuters - Notícias em Português"></dc>
<dc element="dc.creator.location" value=""></dc>
<dc element="dc.creator.location.country.name" value=""></dc></metadata></newsitem>