<?xml version="1.0" encoding="UTF-8"?>

<newsitem date="1997-07-31" id="root" itemid="56681" xml:lang="pt">
<title></title>
<headline> Índice PSI20 sobe 0,81 pct para 8.035,47 pontos. </headline>
<byline></byline>
<dateline></dateline>
<text>
<p> LISBOA, 31 Jul (Reuter) - O índice PSI20 subiu 0,81 pct ou 64,86 pontos para 8.035,47. </p>
<p> - Lisboa Editorial, 351.1.3113121. </p>
<p> (c) Reuters Limited 1997. </p></text>
<copyright>(c) Reuters Limited 1997</copyright>
<metadata>
<codes class="bip:countries:1.0">
<code code="dWugOQBcsr">
<editdetail action="confirmed" attribution="Reuters BIP Coding Group" date="1997-07-31"></editdetail></code>
<code code="XIcSsQIQGw">
<editdetail action="confirmed" attribution="Reuters BIP Coding Group" date="1997-07-31"></editdetail></code>
<code code="vmIxktJbND">
<editdetail action="confirmed" attribution="Reuters BIP Coding Group" date="1997-07-31"></editdetail></code></codes>
<codes class="bip:topics:1.0">
<code code="ifOkGtJiZw">
<editdetail action="confirmed" attribution="Reuters BIP Coding Group" date="1997-07-31"></editdetail></code>
<code code="FGfYRKtzRR">
<editdetail action="confirmed" attribution="Reuters BIP Coding Group" date="1997-07-31"></editdetail></code></codes>
<dc element="dc.publisher" value="Reuters Holdings Plc"></dc>
<dc element="dc.datepublished" value="1997-07-31"></dc>
<dc element="dc.source" value="Reuters - Notícias em Português"></dc>
<dc element="dc.creator.location" value=""></dc>
<dc element="dc.creator.location.country.name" value=""></dc></metadata></newsitem>