<?xml version="1.0" encoding="UTF-8"?>

<newsitem date="1997-08-19" id="root" itemid="57075" xml:lang="pt">
<title></title>
<headline> Índice PSI20 sobe 0,87 pct para 8.225,03 pontos. </headline>
<byline></byline>
<dateline></dateline>
<text>
<p> LISBOA, 19 Ago (Reuter) - O índice PSI20 subiu 0,87 pct ou 71,09 pontos para 8.225,03. </p>
<p> - Lisboa Editorial, 351.1.3113121. </p>
<p> (c) Reuters Limited 1997. </p></text>
<copyright>(c) Reuters Limited 1997</copyright>
<metadata>
<codes class="bip:countries:1.0">
<code code="wmxVBCHYYI">
<editdetail action="confirmed" attribution="Reuters BIP Coding Group" date="1997-08-19"></editdetail></code>
<code code="vwwwqPogBl">
<editdetail action="confirmed" attribution="Reuters BIP Coding Group" date="1997-08-19"></editdetail></code>
<code code="ZorQtggjHb">
<editdetail action="confirmed" attribution="Reuters BIP Coding Group" date="1997-08-19"></editdetail></code></codes>
<codes class="bip:topics:1.0">
<code code="ybOSZThAqb">
<editdetail action="confirmed" attribution="Reuters BIP Coding Group" date="1997-08-19"></editdetail></code>
<code code="MwRbjHKrZb">
<editdetail action="confirmed" attribution="Reuters BIP Coding Group" date="1997-08-19"></editdetail></code></codes>
<dc element="dc.publisher" value="Reuters Holdings Plc"></dc>
<dc element="dc.datepublished" value="1997-08-19"></dc>
<dc element="dc.source" value="Reuters - Notícias em Português"></dc>
<dc element="dc.creator.location" value=""></dc>
<dc element="dc.creator.location.country.name" value=""></dc></metadata></newsitem>