<?xml version="1.0" encoding="UTF-8"?>

<newsitem date="1997-01-13" id="root" itemid="51757" xml:lang="pt">
<title></title>
<headline> ACÇÕES SEGUEM EM ALTA E FORTEMENTE LÍQUIDAS. </headline>
<byline></byline>
<dateline></dateline>
<text>
<p> As acções do Contínuo e os Futuros sobre o PSI20 seguiam em forte alta na meia sessão, com a liquidez no cash a somar 9,4 milhões de contos, valor pouco usual para uma segunda-feira, mantendo-se o optimismo dos investidores quanto à evolução do mercado para 1997. Destaque para os máximos da Portugal Telecom (PT), BPI-SGPS e Telecel, entre outros. </p>
<p> - Paula Cordeiro, Lisboa Editorial, 351-1-3113125. </p>
<p> (c) Reuters Limited 1997. </p></text>
<copyright>(c) Reuters Limited 1997</copyright>
<metadata>
<codes class="bip:countries:1.0">
<code code="kYNQTqerQd">
<editdetail action="confirmed" attribution="Reuters BIP Coding Group" date="1997-01-13"></editdetail></code>
<code code="saOjnkcSWj">
<editdetail action="confirmed" attribution="Reuters BIP Coding Group" date="1997-01-13"></editdetail></code>
<code code="RZVkgPQDKV">
<editdetail action="confirmed" attribution="Reuters BIP Coding Group" date="1997-01-13"></editdetail></code></codes>
<codes class="bip:topics:1.0">
<code code="pqogJPqZvm">
<editdetail action="confirmed" attribution="Reuters BIP Coding Group" date="1997-01-13"></editdetail></code>
<code code="fGaYfgAnyS">
<editdetail action="confirmed" attribution="Reuters BIP Coding Group" date="1997-01-13"></editdetail></code></codes>
<dc element="dc.publisher" value="Reuters Holdings Plc"></dc>
<dc element="dc.datepublished" value="1997-01-13"></dc>
<dc element="dc.source" value="Reuters - Notícias em Português"></dc>
<dc element="dc.creator.location" value=""></dc>
<dc element="dc.creator.location.country.name" value=""></dc></metadata></newsitem>