<?xml version="1.0" encoding="UTF-8"?>

<newsitem date="1997-04-24" id="root" itemid="54258" xml:lang="pt">
<title></title>
<headline> PSI20 fecha cair 0,26 pct para 6.224,33 pontos. </headline>
<byline></byline>
<dateline></dateline>
<text>
<p> LISBOA, 24 Abr (Reuter) - O Índice PSI20 fechou a cai 0,26 pct, ou 16,00 pontos, para 6.224,33, anunciou a Bolsa de Derivados do Porto (BDP). </p>
<p> - Lisboa Editorial, 351.1.3113121. </p>
<p> (c) Reuters Limited 1997. </p></text>
<copyright>(c) Reuters Limited 1997</copyright>
<metadata>
<codes class="bip:countries:1.0">
<code code="fkVKutBHfF">
<editdetail action="confirmed" attribution="Reuters BIP Coding Group" date="1997-04-24"></editdetail></code>
<code code="WVYaLPKtrM">
<editdetail action="confirmed" attribution="Reuters BIP Coding Group" date="1997-04-24"></editdetail></code>
<code code="PpORjaDmzq">
<editdetail action="confirmed" attribution="Reuters BIP Coding Group" date="1997-04-24"></editdetail></code></codes>
<codes class="bip:topics:1.0">
<code code="tRKPXTPWEE">
<editdetail action="confirmed" attribution="Reuters BIP Coding Group" date="1997-04-24"></editdetail></code>
<code code="WFmEWolwrJ">
<editdetail action="confirmed" attribution="Reuters BIP Coding Group" date="1997-04-24"></editdetail></code></codes>
<dc element="dc.publisher" value="Reuters Holdings Plc"></dc>
<dc element="dc.datepublished" value="1997-04-24"></dc>
<dc element="dc.source" value="Reuters - Notícias em Português"></dc>
<dc element="dc.creator.location" value=""></dc>
<dc element="dc.creator.location.country.name" value=""></dc></metadata></newsitem>