<?xml version="1.0" encoding="UTF-8"?>

<newsitem date="1997-06-06" id="root" itemid="55278" xml:lang="pt">
<title></title>
<headline> Índice PSI20 sobe 1,1 pct para 6.977,69 pontos. </headline>
<byline></byline>
<dateline></dateline>
<text>
<p> LISBOA, 6 Jun (Reuter) - O índice PSI20 subiu 75,64 pontos ou 1,1 pct para 6.977,69 pontos, tendo atingido o máximo do ano nos 6.982,93. </p>
<p> (c) Reuters Limited 1997. </p></text>
<copyright>(c) Reuters Limited 1997</copyright>
<metadata>
<codes class="bip:countries:1.0">
<code code="PcaNnskWZG">
<editdetail action="confirmed" attribution="Reuters BIP Coding Group" date="1997-06-06"></editdetail></code>
<code code="yVfTsyRXwa">
<editdetail action="confirmed" attribution="Reuters BIP Coding Group" date="1997-06-06"></editdetail></code>
<code code="zsAKvnrXPX">
<editdetail action="confirmed" attribution="Reuters BIP Coding Group" date="1997-06-06"></editdetail></code></codes>
<codes class="bip:topics:1.0">
<code code="BBkokHZOds">
<editdetail action="confirmed" attribution="Reuters BIP Coding Group" date="1997-06-06"></editdetail></code>
<code code="KWDFJhLjdV">
<editdetail action="confirmed" attribution="Reuters BIP Coding Group" date="1997-06-06"></editdetail></code></codes>
<dc element="dc.publisher" value="Reuters Holdings Plc"></dc>
<dc element="dc.datepublished" value="1997-06-06"></dc>
<dc element="dc.source" value="Reuters - Notícias em Português"></dc>
<dc element="dc.creator.location" value=""></dc>
<dc element="dc.creator.location.country.name" value=""></dc></metadata></newsitem>