<?xml version="1.0" encoding="UTF-8"?>

<newsitem date="1996-12-04" id="root" itemid="50961" xml:lang="pt">
<title></title>
<headline> PARTIDO POPULAR APRESENTA AMANHÃ MEDIDAS OE97. </headline>
<byline></byline>
<dateline></dateline>
<text>
<p> LISBOA, 4 Dez (Reuter) - O Partido Popular (PP) irá apresentar amanhã, em conferência de imprensa, o resultado das negociações que tem vindo a ter com o Governo sobre o Orçamento de Estado para 1997, disse o líder do PP à saída de um encontro com o primeiro-ministro. </p>
<p> - Lisboa Editorial, 351-1-3113126. </p>
<p> (c) Reuters Limited 1996. </p></text>
<copyright>(c) Reuters Limited 1996</copyright>
<metadata>
<codes class="bip:countries:1.0">
<code code="lrKeOFiwHh">
<editdetail action="confirmed" attribution="Reuters BIP Coding Group" date="1996-12-04"></editdetail></code>
<code code="JYUneTQPyc">
<editdetail action="confirmed" attribution="Reuters BIP Coding Group" date="1996-12-04"></editdetail></code>
<code code="LGfhzZipbd">
<editdetail action="confirmed" attribution="Reuters BIP Coding Group" date="1996-12-04"></editdetail></code></codes>
<codes class="bip:topics:1.0">
<code code="gafiJwthcp">
<editdetail action="confirmed" attribution="Reuters BIP Coding Group" date="1996-12-04"></editdetail></code>
<code code="NBcoDnWQLZ">
<editdetail action="confirmed" attribution="Reuters BIP Coding Group" date="1996-12-04"></editdetail></code></codes>
<dc element="dc.publisher" value="Reuters Holdings Plc"></dc>
<dc element="dc.datepublished" value="1996-12-04"></dc>
<dc element="dc.source" value="Reuters - Notícias em Português"></dc>
<dc element="dc.creator.location" value=""></dc>
<dc element="dc.creator.location.country.name" value=""></dc></metadata></newsitem>