<?xml version="1.0" encoding="UTF-8"?>

<newsitem date="1997-04-03" id="root" itemid="53692" xml:lang="pt">
<title></title>
<headline> BDP diz negociação suspensa por problemas técnicos. </headline>
<byline></byline>
<dateline></dateline>
<text>
<p> LISBOA, 3 Abr (Reuter) - A negociação da Bolsa de Derivados do Porto (BDP) foi suspensa por tempo indeterminado por problemas de comunicações, disse fonte oficial da BDP. </p>
<p> &quot;A negociação da BDP está suspensa por tempo indeterminado devido a problemas de comunicações&quot;, disse a fonte da BDP. </p>
<p> Acrescentou não se prever ainda quando a negociação possa ser retomada. </p>
<p> - Lisboa Editorial, 351.1.3113121. </p>
<p> (c) Reuters Limited 1997. </p></text>
<copyright>(c) Reuters Limited 1997</copyright>
<metadata>
<codes class="bip:countries:1.0">
<code code="tTroYkHeDg">
<editdetail action="confirmed" attribution="Reuters BIP Coding Group" date="1997-04-03"></editdetail></code>
<code code="fLIekckPTE">
<editdetail action="confirmed" attribution="Reuters BIP Coding Group" date="1997-04-03"></editdetail></code>
<code code="VPTbfvYDZR">
<editdetail action="confirmed" attribution="Reuters BIP Coding Group" date="1997-04-03"></editdetail></code></codes>
<codes class="bip:topics:1.0">
<code code="EWBpnfnMzc">
<editdetail action="confirmed" attribution="Reuters BIP Coding Group" date="1997-04-03"></editdetail></code></codes>
<dc element="dc.publisher" value="Reuters Holdings Plc"></dc>
<dc element="dc.datepublished" value="1997-04-03"></dc>
<dc element="dc.source" value="Reuters - Notícias em Português"></dc>
<dc element="dc.creator.location" value=""></dc>
<dc element="dc.creator.location.country.name" value=""></dc></metadata></newsitem>