<?xml version="1.0" encoding="UTF-8"?>

<newsitem date="1997-01-03" id="root" itemid="51568" xml:lang="pt">
<title></title>
<headline> MONETÁRIO ABRE ESTÁVEL, BP DEVE MANTER TAXAS. </headline>
<byline></byline>
<dateline></dateline>
<text>
<p> O mercado monetário do escudo abriu calmo, com as taxas estáveis e poucos interesses nos prazos, disseram operadores. A &apos;poll&apos; de analistas da Reuters não espera cortes de taxas do Banco de Portugal hoje, quando anunciar taxas para o próximo período. Futuro sobre a Lisbor ainda não abriu. (c) Reuters Limited 1997. </p></text>
<copyright>(c) Reuters Limited 1997</copyright>
<metadata>
<codes class="bip:countries:1.0">
<code code="xzqwkrocJm">
<editdetail action="confirmed" attribution="Reuters BIP Coding Group" date="1997-01-03"></editdetail></code>
<code code="STBzkKBjYo">
<editdetail action="confirmed" attribution="Reuters BIP Coding Group" date="1997-01-03"></editdetail></code>
<code code="lTvrvGhJhr">
<editdetail action="confirmed" attribution="Reuters BIP Coding Group" date="1997-01-03"></editdetail></code></codes>
<codes class="bip:topics:1.0">
<code code="ImpVCXtfgJ">
<editdetail action="confirmed" attribution="Reuters BIP Coding Group" date="1997-01-03"></editdetail></code>
<code code="ytqhMeYySP">
<editdetail action="confirmed" attribution="Reuters BIP Coding Group" date="1997-01-03"></editdetail></code>
<code code="SUZvJyNZJO">
<editdetail action="confirmed" attribution="Reuters BIP Coding Group" date="1997-01-03"></editdetail></code></codes>
<dc element="dc.publisher" value="Reuters Holdings Plc"></dc>
<dc element="dc.datepublished" value="1997-01-03"></dc>
<dc element="dc.source" value="Reuters - Notícias em Português"></dc>
<dc element="dc.creator.location" value=""></dc>
<dc element="dc.creator.location.country.name" value=""></dc></metadata></newsitem>