<?xml version="1.0" encoding="UTF-8"?>

<newsitem date="1997-06-23" id="root" itemid="55613" xml:lang="pt">
<title></title>
<headline> Escudo desliza manhã vs marco em sessão calma. </headline>
<byline></byline>
<dateline></dateline>
<text>
<p> O escudo deslizou contra o marco ao longo da manhã, seguindo a tendência das moedas europeias e também a reflectir uma ligeira queda do dólar, numa sessão que se tem revelado sem interesses e que se deverá manter nesta toada. </p>
<p>     ----Lisboa Editorial, 351.1.3113121. </p>
<p> (c) Reuters Limited 1997. </p></text>
<copyright>(c) Reuters Limited 1997</copyright>
<metadata>
<codes class="bip:countries:1.0">
<code code="VuJTdHjLNR">
<editdetail action="confirmed" attribution="Reuters BIP Coding Group" date="1997-06-23"></editdetail></code>
<code code="TjXScyaasz">
<editdetail action="confirmed" attribution="Reuters BIP Coding Group" date="1997-06-23"></editdetail></code>
<code code="QAvGdhsYAh">
<editdetail action="confirmed" attribution="Reuters BIP Coding Group" date="1997-06-23"></editdetail></code></codes>
<codes class="bip:topics:1.0">
<code code="YjXSepLAOq">
<editdetail action="confirmed" attribution="Reuters BIP Coding Group" date="1997-06-23"></editdetail></code>
<code code="bnKGcfuycS">
<editdetail action="confirmed" attribution="Reuters BIP Coding Group" date="1997-06-23"></editdetail></code>
<code code="aMjorMXKMO">
<editdetail action="confirmed" attribution="Reuters BIP Coding Group" date="1997-06-23"></editdetail></code></codes>
<dc element="dc.publisher" value="Reuters Holdings Plc"></dc>
<dc element="dc.datepublished" value="1997-06-23"></dc>
<dc element="dc.source" value="Reuters - Notícias em Português"></dc>
<dc element="dc.creator.location" value=""></dc>
<dc element="dc.creator.location.country.name" value=""></dc></metadata></newsitem>