<?xml version="1.0" encoding="UTF-8"?>

<newsitem date="1997-07-22" id="root" itemid="56401" xml:lang="pt">
<title></title>
<headline> Índice PSI20 sobe 0,51 pct para 7.782,79 pontos. </headline>
<byline></byline>
<dateline></dateline>
<text>
<p> LISBOA, 22 Jul (Reuter) - O índice PSI20 subiu 0,51 pct ou 39,23 pontos para 7.782,79. </p>
<p> - Lisboa Editorial, 351.1.3113121. </p>
<p> (c) Reuters Limited 1997. </p></text>
<copyright>(c) Reuters Limited 1997</copyright>
<metadata>
<codes class="bip:countries:1.0">
<code code="ZCzAIdcBsl">
<editdetail action="confirmed" attribution="Reuters BIP Coding Group" date="1997-07-22"></editdetail></code>
<code code="uyjwBloymK">
<editdetail action="confirmed" attribution="Reuters BIP Coding Group" date="1997-07-22"></editdetail></code>
<code code="kdiXJZurwk">
<editdetail action="confirmed" attribution="Reuters BIP Coding Group" date="1997-07-22"></editdetail></code></codes>
<codes class="bip:topics:1.0">
<code code="GNVIjCLCQy">
<editdetail action="confirmed" attribution="Reuters BIP Coding Group" date="1997-07-22"></editdetail></code>
<code code="GYlTPCWeEp">
<editdetail action="confirmed" attribution="Reuters BIP Coding Group" date="1997-07-22"></editdetail></code></codes>
<dc element="dc.publisher" value="Reuters Holdings Plc"></dc>
<dc element="dc.datepublished" value="1997-07-22"></dc>
<dc element="dc.source" value="Reuters - Notícias em Português"></dc>
<dc element="dc.creator.location" value=""></dc>
<dc element="dc.creator.location.country.name" value=""></dc></metadata></newsitem>