<?xml version="1.0" encoding="UTF-8"?>

<newsitem date="1997-03-31" id="root" itemid="53618" xml:lang="pt">
<title></title>
<headline> Monetário abre estável, prevê-se sessão calma. </headline>
<byline></byline>
<dateline></dateline>
<text>
<p> O mercado monetário do escudo abriu com as taxas estabilizadas aos níveis do fecho de quinta-feira, numa sessão que se prevê calma e sem interesses especiais, porque há vários mercados europeus encerrados devido ao período da Páscoa. &quot;Faz-se alguma coisa nos prazos mais curtinhas, eventualmente também nos três meses, mas o sentimento para hoje é para uma completa apatia&quot;, disse um dealer. </p>
<p> - Lisboa Editorial, 351-1-311.31.26 </p>
<p> (c) Reuters Limited 1997. </p></text>
<copyright>(c) Reuters Limited 1997</copyright>
<metadata>
<codes class="bip:countries:1.0">
<code code="AWIBkQZbYJ">
<editdetail action="confirmed" attribution="Reuters BIP Coding Group" date="1997-03-31"></editdetail></code>
<code code="joOxulSBNH">
<editdetail action="confirmed" attribution="Reuters BIP Coding Group" date="1997-03-31"></editdetail></code>
<code code="iPalobIsXF">
<editdetail action="confirmed" attribution="Reuters BIP Coding Group" date="1997-03-31"></editdetail></code></codes>
<codes class="bip:topics:1.0">
<code code="uZlciIXZNw">
<editdetail action="confirmed" attribution="Reuters BIP Coding Group" date="1997-03-31"></editdetail></code>
<code code="sajCwuASCa">
<editdetail action="confirmed" attribution="Reuters BIP Coding Group" date="1997-03-31"></editdetail></code></codes>
<dc element="dc.publisher" value="Reuters Holdings Plc"></dc>
<dc element="dc.datepublished" value="1997-03-31"></dc>
<dc element="dc.source" value="Reuters - Notícias em Português"></dc>
<dc element="dc.creator.location" value=""></dc>
<dc element="dc.creator.location.country.name" value=""></dc></metadata></newsitem>