<?xml version="1.0" encoding="UTF-8"?>

<newsitem date="1996-09-20" id="root" itemid="49129" xml:lang="pt">
<title></title>
<headline> ÍNDICE PSI20 CAI 5,05 PONTOS PARA 4.766,57. </headline>
<byline></byline>
<dateline></dateline>
<text>
<p> LISBOA, 20 Set (Reuter) - O índice PSI20 caiu 5,05 pontos para 4.766,57. </p>
<p> (c) Reuters Limited 1996. </p></text>
<copyright>(c) Reuters Limited 1996</copyright>
<metadata>
<codes class="bip:countries:1.0">
<code code="bZVbdWalos">
<editdetail action="confirmed" attribution="Reuters BIP Coding Group" date="1996-09-20"></editdetail></code>
<code code="pbIxbkdiNW">
<editdetail action="confirmed" attribution="Reuters BIP Coding Group" date="1996-09-20"></editdetail></code>
<code code="OwiCjrlIUW">
<editdetail action="confirmed" attribution="Reuters BIP Coding Group" date="1996-09-20"></editdetail></code></codes>
<codes class="bip:topics:1.0">
<code code="pLJIrVyKRf">
<editdetail action="confirmed" attribution="Reuters BIP Coding Group" date="1996-09-20"></editdetail></code>
<code code="KfqhJVItxe">
<editdetail action="confirmed" attribution="Reuters BIP Coding Group" date="1996-09-20"></editdetail></code></codes>
<dc element="dc.publisher" value="Reuters Holdings Plc"></dc>
<dc element="dc.datepublished" value="1996-09-20"></dc>
<dc element="dc.source" value="Reuters - Notícias em Português"></dc>
<dc element="dc.creator.location" value=""></dc>
<dc element="dc.creator.location.country.name" value=""></dc></metadata></newsitem>