<?xml version="1.0" encoding="UTF-8"?>

<newsitem date="1997-06-25" id="root" itemid="55677" xml:lang="pt">
<title></title>
<headline> Índice PSI20 sobe 1,28 pct para 7.385,64 pontos. </headline>
<byline></byline>
<dateline></dateline>
<text>
<p> LISBOA, 25 Jun (Reuter) - O índice PSI20 subiu 93,59 pontos ou 1,28 pct para 7.385,64 pontos. </p>
<p> (c) Reuters Limited 1997. </p></text>
<copyright>(c) Reuters Limited 1997</copyright>
<metadata>
<codes class="bip:countries:1.0">
<code code="EvRCrEEDQE">
<editdetail action="confirmed" attribution="Reuters BIP Coding Group" date="1997-06-25"></editdetail></code>
<code code="dQnLJukIeu">
<editdetail action="confirmed" attribution="Reuters BIP Coding Group" date="1997-06-25"></editdetail></code>
<code code="ZziZJvyqyN">
<editdetail action="confirmed" attribution="Reuters BIP Coding Group" date="1997-06-25"></editdetail></code></codes>
<codes class="bip:topics:1.0">
<code code="aRzgpdnrlO">
<editdetail action="confirmed" attribution="Reuters BIP Coding Group" date="1997-06-25"></editdetail></code>
<code code="VRTbZEMFGA">
<editdetail action="confirmed" attribution="Reuters BIP Coding Group" date="1997-06-25"></editdetail></code></codes>
<dc element="dc.publisher" value="Reuters Holdings Plc"></dc>
<dc element="dc.datepublished" value="1997-06-25"></dc>
<dc element="dc.source" value="Reuters - Notícias em Português"></dc>
<dc element="dc.creator.location" value=""></dc>
<dc element="dc.creator.location.country.name" value=""></dc></metadata></newsitem>