<?xml version="1.0" encoding="UTF-8"?>

<newsitem date="1997-02-06" id="root" itemid="52403" xml:lang="pt">
<title></title>
<headline> MONETÁRIO FECHA ESTÁVEL, ALTA LIGEIRA FUTURO LISBOR. </headline>
<byline></byline>
<dateline></dateline>
<text>
<p> O mercado monetário do escudo fechou relativamente estável, depois de uma sessão calma, com os prazos com uma descida marginal e o futuro da Lisbor a três meses a registar uma subida entre 0,02 e 0,04 pontos, com uma liquidez de 17,5 milhões de contos. </p>
<p> (c) Reuters Limited 1997. </p></text>
<copyright>(c) Reuters Limited 1997</copyright>
<metadata>
<codes class="bip:countries:1.0">
<code code="tSgPpWLTwG">
<editdetail action="confirmed" attribution="Reuters BIP Coding Group" date="1997-02-06"></editdetail></code>
<code code="jfTXieKNAm">
<editdetail action="confirmed" attribution="Reuters BIP Coding Group" date="1997-02-06"></editdetail></code>
<code code="zfyGPlBkHF">
<editdetail action="confirmed" attribution="Reuters BIP Coding Group" date="1997-02-06"></editdetail></code></codes>
<codes class="bip:topics:1.0">
<code code="AXAysESfba">
<editdetail action="confirmed" attribution="Reuters BIP Coding Group" date="1997-02-06"></editdetail></code>
<code code="vGnLhSfOWI">
<editdetail action="confirmed" attribution="Reuters BIP Coding Group" date="1997-02-06"></editdetail></code></codes>
<dc element="dc.publisher" value="Reuters Holdings Plc"></dc>
<dc element="dc.datepublished" value="1997-02-06"></dc>
<dc element="dc.source" value="Reuters - Notícias em Português"></dc>
<dc element="dc.creator.location" value=""></dc>
<dc element="dc.creator.location.country.name" value=""></dc></metadata></newsitem>