<?xml version="1.0" encoding="UTF-8"?>

<newsitem date="1997-07-24" id="root" itemid="56487" xml:lang="pt">
<title></title>
<headline> Futuro PSI20 Ago97 cai 29 pontos para 7.890. </headline>
<byline></byline>
<dateline></dateline>
<text>
<p> *Futuro PSI20 Ago97 (PSI20Q7)cai 29 pontos para 7.890 *Índice PSI-20 (.PSI20)cai 0,06 pct para 7.872,71 pontos *Cimpor desce 18 escudos p/4.505. Negociadas 29.800 *S.Indústria sobe 8 esc p/2.180, com 12.700 *EDP cai 24 escudos para 3.271. Negociadas 12.150 *BTA sobe 20 escudos para 3.420. Negociadas 10.000 *BPSM sobe 11 escudos poara 3.271. Negociadas 9.200. </p>
<p>      ---Paula Cordeiro, Lisboa Editorial, 351-1-3113125. </p>
<p> (c) Reuters Limited 1997. </p></text>
<copyright>(c) Reuters Limited 1997</copyright>
<metadata>
<codes class="bip:countries:1.0">
<code code="fgTvCbPKHC">
<editdetail action="confirmed" attribution="Reuters BIP Coding Group" date="1997-07-24"></editdetail></code>
<code code="TakwXFhbXc">
<editdetail action="confirmed" attribution="Reuters BIP Coding Group" date="1997-07-24"></editdetail></code>
<code code="iVqWZUsAEj">
<editdetail action="confirmed" attribution="Reuters BIP Coding Group" date="1997-07-24"></editdetail></code></codes>
<codes class="bip:topics:1.0">
<code code="EIACxzDHrL">
<editdetail action="confirmed" attribution="Reuters BIP Coding Group" date="1997-07-24"></editdetail></code>
<code code="geCkREgDSP">
<editdetail action="confirmed" attribution="Reuters BIP Coding Group" date="1997-07-24"></editdetail></code></codes>
<dc element="dc.publisher" value="Reuters Holdings Plc"></dc>
<dc element="dc.datepublished" value="1997-07-24"></dc>
<dc element="dc.source" value="Reuters - Notícias em Português"></dc>
<dc element="dc.creator.location" value=""></dc>
<dc element="dc.creator.location.country.name" value=""></dc></metadata></newsitem>