<?xml version="1.0" encoding="UTF-8"?>

<newsitem date="1997-01-03" id="root" itemid="51567" xml:lang="pt">
<title></title>
<headline> ACÇÕES PREVÊEM-SE ILÍQUIDAS E PREÇOS SUSTENTADOS. </headline>
<byline></byline>
<dateline></dateline>
<text>
<p> As acções do Contínuo prevêem-se ilíquidas e com os preços sustentados. As atenções deverão concentrar-se, à semelhança de ontem, em Cimpor, e também na Telecel por ter conseguido chegar a acordo com a PT para a redução do seu tarifário para 1997. (c) Reuters Limited 1997. </p></text>
<copyright>(c) Reuters Limited 1997</copyright>
<metadata>
<codes class="bip:countries:1.0">
<code code="frZYvuHxiS">
<editdetail action="confirmed" attribution="Reuters BIP Coding Group" date="1997-01-03"></editdetail></code>
<code code="AcKHGwGZbr">
<editdetail action="confirmed" attribution="Reuters BIP Coding Group" date="1997-01-03"></editdetail></code>
<code code="DnBYfAmUPk">
<editdetail action="confirmed" attribution="Reuters BIP Coding Group" date="1997-01-03"></editdetail></code></codes>
<codes class="bip:topics:1.0">
<code code="iurPhPNXOC">
<editdetail action="confirmed" attribution="Reuters BIP Coding Group" date="1997-01-03"></editdetail></code>
<code code="FVhOkeqHvQ">
<editdetail action="confirmed" attribution="Reuters BIP Coding Group" date="1997-01-03"></editdetail></code></codes>
<dc element="dc.publisher" value="Reuters Holdings Plc"></dc>
<dc element="dc.datepublished" value="1997-01-03"></dc>
<dc element="dc.source" value="Reuters - Notícias em Português"></dc>
<dc element="dc.creator.location" value=""></dc>
<dc element="dc.creator.location.country.name" value=""></dc></metadata></newsitem>