<?xml version="1.0" encoding="UTF-8"?>

<newsitem date="1996-09-24" id="root" itemid="49198" xml:lang="pt">
<title></title>
<headline> ÍNDICE PSI-20 CAI 0,17 PCT PARA 4.744,82 PONTOS. </headline>
<byline></byline>
<dateline></dateline>
<text>
<p> *Índice PSI-20 cai 0,17 pct para 4.744,82 pontos *PT sobe 6 escudos para 4.066. Negociadas 38.100 *Tertir sobe 47 escudos para 649. Negociadas 23.100 *Crisal cai 100 escudos para 2.900, com 15.000 *BPI-SGPS cai 19 escudos para 1.800.Negociadas 13.800. </p>
<p> - Paula Cordeiro, Lisboa Editorial, 351-1-3150035. (c) Reuters Limited 1996. </p></text>
<copyright>(c) Reuters Limited 1996</copyright>
<metadata>
<codes class="bip:countries:1.0">
<code code="MzaXPpUhIW">
<editdetail action="confirmed" attribution="Reuters BIP Coding Group" date="1996-09-24"></editdetail></code>
<code code="FxjPlVVuax">
<editdetail action="confirmed" attribution="Reuters BIP Coding Group" date="1996-09-24"></editdetail></code>
<code code="JiBslLiSZh">
<editdetail action="confirmed" attribution="Reuters BIP Coding Group" date="1996-09-24"></editdetail></code></codes>
<codes class="bip:topics:1.0">
<code code="kicOoUeXLu">
<editdetail action="confirmed" attribution="Reuters BIP Coding Group" date="1996-09-24"></editdetail></code>
<code code="dmmtZekiWU">
<editdetail action="confirmed" attribution="Reuters BIP Coding Group" date="1996-09-24"></editdetail></code></codes>
<dc element="dc.publisher" value="Reuters Holdings Plc"></dc>
<dc element="dc.datepublished" value="1996-09-24"></dc>
<dc element="dc.source" value="Reuters - Notícias em Português"></dc>
<dc element="dc.creator.location" value=""></dc>
<dc element="dc.creator.location.country.name" value=""></dc></metadata></newsitem>