<?xml version="1.0" encoding="UTF-8"?>

<newsitem date="1997-07-23" id="root" itemid="56470" xml:lang="pt">
<title></title>
<headline> Índice PSI20 sobe 1,21 pct para 7.877,16 pontos. </headline>
<byline></byline>
<dateline></dateline>
<text>
<p> LISBOA, 23 Jul (Reuter) - O índice PSI20 subiu 1,21 pct ou 94,37 pontos para 7.877,16. </p>
<p> - Lisboa Editorial, 351.1.3113121. </p>
<p> (c) Reuters Limited 1997. </p></text>
<copyright>(c) Reuters Limited 1997</copyright>
<metadata>
<codes class="bip:countries:1.0">
<code code="trZxhybXtx">
<editdetail action="confirmed" attribution="Reuters BIP Coding Group" date="1997-07-23"></editdetail></code>
<code code="ZGJZodzWpw">
<editdetail action="confirmed" attribution="Reuters BIP Coding Group" date="1997-07-23"></editdetail></code>
<code code="gWvbpDHXLS">
<editdetail action="confirmed" attribution="Reuters BIP Coding Group" date="1997-07-23"></editdetail></code></codes>
<codes class="bip:topics:1.0">
<code code="VIGSsLCfIv">
<editdetail action="confirmed" attribution="Reuters BIP Coding Group" date="1997-07-23"></editdetail></code>
<code code="AMPgWhplbm">
<editdetail action="confirmed" attribution="Reuters BIP Coding Group" date="1997-07-23"></editdetail></code></codes>
<dc element="dc.publisher" value="Reuters Holdings Plc"></dc>
<dc element="dc.datepublished" value="1997-07-23"></dc>
<dc element="dc.source" value="Reuters - Notícias em Português"></dc>
<dc element="dc.creator.location" value=""></dc>
<dc element="dc.creator.location.country.name" value=""></dc></metadata></newsitem>