<?xml version="1.0" encoding="UTF-8"?>

<newsitem date="1996-10-17" id="root" itemid="49845" xml:lang="pt">
<title></title>
<headline> FUTURO OT DEZ/96 101,56 CONTRA 101,63 FECHO. </headline>
<byline></byline>
<dateline></dateline>
<text>
<p> *Futuro (BDPOTZ6)Dez/96 101,56 vs 101,63 no fecho anterior *Futuro Bono (MFFZ6)Dez/96 106,05 vs 106,29 fecho anterior *Bonos/Fev/06 com yield de 7,91 pct vs 7,72 pct fecho *BP cede até 40 MC, 4 dias, em leilão e absorve a 6,8 pct *Tesouro coloca 15 MC BT 364 dias, TMP cai para 6,5347 pct </p>
<p> - Sérgio Gonçalves, Lisboa Editorial, 351-1-3150035 (c) Reuters Limited 1996. </p></text>
<copyright>(c) Reuters Limited 1996</copyright>
<metadata>
<codes class="bip:countries:1.0">
<code code="WxiLritada">
<editdetail action="confirmed" attribution="Reuters BIP Coding Group" date="1996-10-17"></editdetail></code>
<code code="euHuENHfhv">
<editdetail action="confirmed" attribution="Reuters BIP Coding Group" date="1996-10-17"></editdetail></code>
<code code="VuynyEUjCO">
<editdetail action="confirmed" attribution="Reuters BIP Coding Group" date="1996-10-17"></editdetail></code></codes>
<codes class="bip:topics:1.0">
<code code="CmwxsFlWXZ">
<editdetail action="confirmed" attribution="Reuters BIP Coding Group" date="1996-10-17"></editdetail></code>
<code code="jGxqGzEctx">
<editdetail action="confirmed" attribution="Reuters BIP Coding Group" date="1996-10-17"></editdetail></code></codes>
<dc element="dc.publisher" value="Reuters Holdings Plc"></dc>
<dc element="dc.datepublished" value="1996-10-17"></dc>
<dc element="dc.source" value="Reuters - Notícias em Português"></dc>
<dc element="dc.creator.location" value=""></dc>
<dc element="dc.creator.location.country.name" value=""></dc></metadata></newsitem>