<?xml version="1.0" encoding="UTF-8"?>

<newsitem date="1997-01-21" id="root" itemid="51966" xml:lang="pt">
<title></title>
<headline> ACÇÕES RECUPERAM DOS MÍNIMOS APÓS ALAN GREENSPAN. </headline>
<byline></byline>
<dateline></dateline>
<text>
<p> As acções do Contínuo e os Futuros sobre o PSI20 recuperaram dos mínimos do dia, após as declarações de Alan Greenspan. Destaque para os negócios BTA, BPSM e Cimpor. *Índice PSI-20 (.PSI20)cai 0,50 pct para 5.695,10 pontos. </p>
<p> - Paula Cordeiro, Lisboa Editorial, 351-1-3150035. </p>
<p> (c) Reuters Limited 1997. </p></text>
<copyright>(c) Reuters Limited 1997</copyright>
<metadata>
<codes class="bip:countries:1.0">
<code code="uMUFEdiSES">
<editdetail action="confirmed" attribution="Reuters BIP Coding Group" date="1997-01-21"></editdetail></code>
<code code="DhjOnxUSpL">
<editdetail action="confirmed" attribution="Reuters BIP Coding Group" date="1997-01-21"></editdetail></code>
<code code="wKTlhYncBj">
<editdetail action="confirmed" attribution="Reuters BIP Coding Group" date="1997-01-21"></editdetail></code></codes>
<codes class="bip:topics:1.0">
<code code="dxtXPjPWGY">
<editdetail action="confirmed" attribution="Reuters BIP Coding Group" date="1997-01-21"></editdetail></code>
<code code="IAGEoVBkCf">
<editdetail action="confirmed" attribution="Reuters BIP Coding Group" date="1997-01-21"></editdetail></code></codes>
<dc element="dc.publisher" value="Reuters Holdings Plc"></dc>
<dc element="dc.datepublished" value="1997-01-21"></dc>
<dc element="dc.source" value="Reuters - Notícias em Português"></dc>
<dc element="dc.creator.location" value=""></dc>
<dc element="dc.creator.location.country.name" value=""></dc></metadata></newsitem>