<?xml version="1.0" encoding="UTF-8"?>

<newsitem date="1997-02-04" id="root" itemid="52322" xml:lang="pt">
<title></title>
<headline> ESCUDO FRACO MANHÃ VS MARCO LIMITADO SEGUIR PESETA. </headline>
<byline></byline>
<dateline></dateline>
<text>
<p> O escudo manteve-se fraco ao longo da manhã contra o marco, limitando-se a seguir a peseta, por falta de interesses. Dealers dizem que o escudo está estacionado nos 100,50 por marco, mas que este nível não deverá ser quebrado outra vez desde que a peseta não volte a ser pressionada na descida. </p>
<p> (c) Reuters Limited 1997. </p></text>
<copyright>(c) Reuters Limited 1997</copyright>
<metadata>
<codes class="bip:countries:1.0">
<code code="obMPSdfqYd">
<editdetail action="confirmed" attribution="Reuters BIP Coding Group" date="1997-02-04"></editdetail></code>
<code code="SPFXXgIlWz">
<editdetail action="confirmed" attribution="Reuters BIP Coding Group" date="1997-02-04"></editdetail></code>
<code code="VTpMlXPlum">
<editdetail action="confirmed" attribution="Reuters BIP Coding Group" date="1997-02-04"></editdetail></code></codes>
<codes class="bip:topics:1.0">
<code code="owIqFeRgWI">
<editdetail action="confirmed" attribution="Reuters BIP Coding Group" date="1997-02-04"></editdetail></code>
<code code="MqrGgoMTqm">
<editdetail action="confirmed" attribution="Reuters BIP Coding Group" date="1997-02-04"></editdetail></code>
<code code="JjIBLvqBnR">
<editdetail action="confirmed" attribution="Reuters BIP Coding Group" date="1997-02-04"></editdetail></code></codes>
<dc element="dc.publisher" value="Reuters Holdings Plc"></dc>
<dc element="dc.datepublished" value="1997-02-04"></dc>
<dc element="dc.source" value="Reuters - Notícias em Português"></dc>
<dc element="dc.creator.location" value=""></dc>
<dc element="dc.creator.location.country.name" value=""></dc></metadata></newsitem>