<?xml version="1.0" encoding="UTF-8"?>

<newsitem date="1997-04-28" id="root" itemid="54290" xml:lang="pt">
<title></title>
<headline> Índice PSI20 sobe 0,51 pct para 6.256,20 pontos. </headline>
<byline></byline>
<dateline></dateline>
<text>
<p> LISBOA, 28 Abr (Reuter) - O Índice PSI20 fechou a subir 31,87 pontos, 0,51 pct, para 6.256,20, máximo do ano. </p>
<p> - Lisboa Editorial, 351.1.3113121. </p>
<p> (c) Reuters Limited 1997. </p></text>
<copyright>(c) Reuters Limited 1997</copyright>
<metadata>
<codes class="bip:countries:1.0">
<code code="fqhxPQImzY">
<editdetail action="confirmed" attribution="Reuters BIP Coding Group" date="1997-04-28"></editdetail></code>
<code code="hAfUAiyDwK">
<editdetail action="confirmed" attribution="Reuters BIP Coding Group" date="1997-04-28"></editdetail></code>
<code code="HauCwSutda">
<editdetail action="confirmed" attribution="Reuters BIP Coding Group" date="1997-04-28"></editdetail></code></codes>
<codes class="bip:topics:1.0">
<code code="qBWJkDNPit">
<editdetail action="confirmed" attribution="Reuters BIP Coding Group" date="1997-04-28"></editdetail></code>
<code code="wbvSoGmSkL">
<editdetail action="confirmed" attribution="Reuters BIP Coding Group" date="1997-04-28"></editdetail></code></codes>
<dc element="dc.publisher" value="Reuters Holdings Plc"></dc>
<dc element="dc.datepublished" value="1997-04-28"></dc>
<dc element="dc.source" value="Reuters - Notícias em Português"></dc>
<dc element="dc.creator.location" value=""></dc>
<dc element="dc.creator.location.country.name" value=""></dc></metadata></newsitem>