<?xml version="1.0" encoding="UTF-8"?>

<newsitem date="1997-07-23" id="root" itemid="56444" xml:lang="pt">
<title></title>
<headline> Futuro Lisbor Mar98 abre a subir 0,02 para 94,99. </headline>
<byline></byline>
<dateline></dateline>
<text>
<p> LISBOA, 23 Jul (Reuter) - O futuro sobre a Lisbor a três meses com vencimento em Março de 1998 (LBOH8)abriu a subir 0,02 para 94,99, com 20 contratos negociados. </p>
<p> - Lisboa Editorial, 351.1.311.31.26. </p>
<p> (c) Reuters Limited 1997. </p></text>
<copyright>(c) Reuters Limited 1997</copyright>
<metadata>
<codes class="bip:countries:1.0">
<code code="ADsXlIxYqX">
<editdetail action="confirmed" attribution="Reuters BIP Coding Group" date="1997-07-23"></editdetail></code>
<code code="NzBWFYsBhS">
<editdetail action="confirmed" attribution="Reuters BIP Coding Group" date="1997-07-23"></editdetail></code>
<code code="eYIdgWTdyO">
<editdetail action="confirmed" attribution="Reuters BIP Coding Group" date="1997-07-23"></editdetail></code></codes>
<codes class="bip:topics:1.0">
<code code="AmFhBvoQaL">
<editdetail action="confirmed" attribution="Reuters BIP Coding Group" date="1997-07-23"></editdetail></code>
<code code="TyHQFMpfBo">
<editdetail action="confirmed" attribution="Reuters BIP Coding Group" date="1997-07-23"></editdetail></code></codes>
<dc element="dc.publisher" value="Reuters Holdings Plc"></dc>
<dc element="dc.datepublished" value="1997-07-23"></dc>
<dc element="dc.source" value="Reuters - Notícias em Português"></dc>
<dc element="dc.creator.location" value=""></dc>
<dc element="dc.creator.location.country.name" value=""></dc></metadata></newsitem>