<?xml version="1.0" encoding="UTF-8"?>

<newsitem date="1996-12-19" id="root" itemid="51350" xml:lang="pt">
<title></title>
<headline> MONETÁRIO ABRE CALMO E COM PRAZOS ESTÁVEIS. </headline>
<byline></byline>
<dateline></dateline>
<text>
<p> O mercado monetário do escudo abriu calmo, com as taxas estáveis e sem interesses significativos, disseram operadores. Expectativa sobre a reunião que está a decorrer do conselho syuperior do Bundesbank. (c) Reuters Limited 1996. </p></text>
<copyright>(c) Reuters Limited 1996</copyright>
<metadata>
<codes class="bip:countries:1.0">
<code code="WjRTSohQmp">
<editdetail action="confirmed" attribution="Reuters BIP Coding Group" date="1996-12-19"></editdetail></code>
<code code="LODmzyODhS">
<editdetail action="confirmed" attribution="Reuters BIP Coding Group" date="1996-12-19"></editdetail></code>
<code code="HZhrNYfywT">
<editdetail action="confirmed" attribution="Reuters BIP Coding Group" date="1996-12-19"></editdetail></code></codes>
<codes class="bip:topics:1.0">
<code code="imQIRXjfVX">
<editdetail action="confirmed" attribution="Reuters BIP Coding Group" date="1996-12-19"></editdetail></code>
<code code="JdsQZKTrUZ">
<editdetail action="confirmed" attribution="Reuters BIP Coding Group" date="1996-12-19"></editdetail></code></codes>
<dc element="dc.publisher" value="Reuters Holdings Plc"></dc>
<dc element="dc.datepublished" value="1996-12-19"></dc>
<dc element="dc.source" value="Reuters - Notícias em Português"></dc>
<dc element="dc.creator.location" value=""></dc>
<dc element="dc.creator.location.country.name" value=""></dc></metadata></newsitem>