<?xml version="1.0" encoding="UTF-8"?>

<newsitem date="1997-01-08" id="root" itemid="51651" xml:lang="pt">
<title></title>
<headline> INE DIVULGA AMANHÃ CONTAS JAN-JUN 1996. </headline>
<byline></byline>
<dateline></dateline>
<text>
<p> LISBOA, 8 Jan (Reuter) - O Instituto Nacional de Estatísitica (INE) divulga amanhã pelas 1500 horas locais (1500 TMG) a primeira versão das contas nacionais trimestrais relativas aos primeiro e segundo trimestres de 1996, disse fonte oficial da instituição. </p>
<p> - Lisboa Editorial, 351.1.311.31.26. </p>
<p> (c) Reuters Limited 1997. </p></text>
<copyright>(c) Reuters Limited 1997</copyright>
<metadata>
<codes class="bip:countries:1.0">
<code code="UxcYKwbuGC">
<editdetail action="confirmed" attribution="Reuters BIP Coding Group" date="1997-01-08"></editdetail></code>
<code code="UJgUxlLemh">
<editdetail action="confirmed" attribution="Reuters BIP Coding Group" date="1997-01-08"></editdetail></code>
<code code="aVqJBGRTxv">
<editdetail action="confirmed" attribution="Reuters BIP Coding Group" date="1997-01-08"></editdetail></code></codes>
<codes class="bip:topics:1.0">
<code code="PikKywsEGu">
<editdetail action="confirmed" attribution="Reuters BIP Coding Group" date="1997-01-08"></editdetail></code></codes>
<dc element="dc.publisher" value="Reuters Holdings Plc"></dc>
<dc element="dc.datepublished" value="1997-01-08"></dc>
<dc element="dc.source" value="Reuters - Notícias em Português"></dc>
<dc element="dc.creator.location" value=""></dc>
<dc element="dc.creator.location.country.name" value=""></dc></metadata></newsitem>