<?xml version="1.0" encoding="UTF-8"?>

<newsitem date="1996-11-20" id="root" itemid="50668" xml:lang="pt">
<title></title>
<headline> ÍNDICE PSI20 SOBE 9,25 PONTOS PARA 4.953,23. </headline>
<byline></byline>
<dateline></dateline>
<text>
<p> LISBOA, 20 Nov (Reuter) - O índice PSI20 subiu 9,25 pontos para 4.953,23. </p>
<p> (c) Reuters Limited 1996. </p></text>
<copyright>(c) Reuters Limited 1996</copyright>
<metadata>
<codes class="bip:countries:1.0">
<code code="SuptNlNXSG">
<editdetail action="confirmed" attribution="Reuters BIP Coding Group" date="1996-11-20"></editdetail></code>
<code code="gxUgoGXGmA">
<editdetail action="confirmed" attribution="Reuters BIP Coding Group" date="1996-11-20"></editdetail></code>
<code code="PblbrPnJbO">
<editdetail action="confirmed" attribution="Reuters BIP Coding Group" date="1996-11-20"></editdetail></code></codes>
<codes class="bip:topics:1.0">
<code code="HotaZhBsss">
<editdetail action="confirmed" attribution="Reuters BIP Coding Group" date="1996-11-20"></editdetail></code>
<code code="BbPcXoScps">
<editdetail action="confirmed" attribution="Reuters BIP Coding Group" date="1996-11-20"></editdetail></code></codes>
<dc element="dc.publisher" value="Reuters Holdings Plc"></dc>
<dc element="dc.datepublished" value="1996-11-20"></dc>
<dc element="dc.source" value="Reuters - Notícias em Português"></dc>
<dc element="dc.creator.location" value=""></dc>
<dc element="dc.creator.location.country.name" value=""></dc></metadata></newsitem>