<?xml version="1.0" encoding="UTF-8"?>

<newsitem date="1997-07-22" id="root" itemid="56418" xml:lang="pt">
<title></title>
<headline> Futuro PSI20 Ago97 sobe 75 pontos para 7.799. </headline>
<byline></byline>
<dateline></dateline>
<text>
<p> *Futuro PSI20 Ago97 (PSI20Q7)sobe 75 pontos para 7.799 *Índice PSI-20 (.PSI20)sobe 0,70 pct para 7.798,02 pontos *BES sobe 85 escudos para 4.500. Negociadas 42.200 *BPSM sobe 36 escudos para 1.680. Negociadas 24.100 *EDP estável nos 3.270 escudos, com 15.125 *BCP sobe 48 escudos para 3.398. Negociadas 12.100. </p>
<p>      ---Paula Cordeiro, Lisboa Editorial, 351-1-3113125. </p>
<p> (c) Reuters Limited 1997. </p></text>
<copyright>(c) Reuters Limited 1997</copyright>
<metadata>
<codes class="bip:countries:1.0">
<code code="qLYsnmJDba">
<editdetail action="confirmed" attribution="Reuters BIP Coding Group" date="1997-07-22"></editdetail></code>
<code code="cmgnaoWwhE">
<editdetail action="confirmed" attribution="Reuters BIP Coding Group" date="1997-07-22"></editdetail></code>
<code code="BsnnNxTcUS">
<editdetail action="confirmed" attribution="Reuters BIP Coding Group" date="1997-07-22"></editdetail></code></codes>
<codes class="bip:topics:1.0">
<code code="WnEeRRptiL">
<editdetail action="confirmed" attribution="Reuters BIP Coding Group" date="1997-07-22"></editdetail></code>
<code code="ZgUwcDPifJ">
<editdetail action="confirmed" attribution="Reuters BIP Coding Group" date="1997-07-22"></editdetail></code></codes>
<dc element="dc.publisher" value="Reuters Holdings Plc"></dc>
<dc element="dc.datepublished" value="1997-07-22"></dc>
<dc element="dc.source" value="Reuters - Notícias em Português"></dc>
<dc element="dc.creator.location" value=""></dc>
<dc element="dc.creator.location.country.name" value=""></dc></metadata></newsitem>