<?xml version="1.0" encoding="UTF-8"?>

<newsitem date="1997-01-28" id="root" itemid="52120" xml:lang="pt">
<title></title>
<headline> ACÇÕES PREVÊEM-SE POSITIVAS AJUDADAS FIRMEZA DÓLAR. </headline>
<byline></byline>
<dateline></dateline>
<text>
<p> As acções do Contínuo prevêem-se positivas, com ligeira recuperação dos índices e com a firmeza do dólar a ajudar o regresso dos não-residentes, especialmente a papéis também transaccionados no exterior, como PT, BCP e Cimpor fecha Nova Iorque a cair 0,250 dólares para 33,75. </p>
<p> (c) Reuters Limited 1997. </p></text>
<copyright>(c) Reuters Limited 1997</copyright>
<metadata>
<codes class="bip:countries:1.0">
<code code="crRXNiFesR">
<editdetail action="confirmed" attribution="Reuters BIP Coding Group" date="1997-01-28"></editdetail></code>
<code code="JpUOmnbHYw">
<editdetail action="confirmed" attribution="Reuters BIP Coding Group" date="1997-01-28"></editdetail></code>
<code code="hKPZoOFyFn">
<editdetail action="confirmed" attribution="Reuters BIP Coding Group" date="1997-01-28"></editdetail></code></codes>
<codes class="bip:topics:1.0">
<code code="MTAWEghYkC">
<editdetail action="confirmed" attribution="Reuters BIP Coding Group" date="1997-01-28"></editdetail></code>
<code code="ilFVoxyFZi">
<editdetail action="confirmed" attribution="Reuters BIP Coding Group" date="1997-01-28"></editdetail></code></codes>
<dc element="dc.publisher" value="Reuters Holdings Plc"></dc>
<dc element="dc.datepublished" value="1997-01-28"></dc>
<dc element="dc.source" value="Reuters - Notícias em Português"></dc>
<dc element="dc.creator.location" value=""></dc>
<dc element="dc.creator.location.country.name" value=""></dc></metadata></newsitem>