<?xml version="1.0" encoding="UTF-8"?>

<newsitem date="1996-09-26" id="root" itemid="49261" xml:lang="pt">
<title></title>
<headline> FUTURO PSI20 OUT96 ABRE ESTÁVEL NOS 4.804 PONTOS. </headline>
<byline></byline>
<dateline></dateline>
<text>
<p> *Futuro PSI20 Out96 estavel nos 4.804 pontos *Índice PSI-20 cai 0,07 pct para 4.753,79 pontos *Lisnave cai 4 esc para 390. Negociadas 27.700 *Tertir sobe 82 escudos para 881. Negociadas 25.400 *P.Fernandes sobe 50 escudos p/ 720. Negociadas 9.700 *PT cai 10 escudos para 4.035. Negociadas 6.590 *BA sobe 49 escudos para 2.950. Negociadas 4.600. </p>
<p> - Paula Cordeiro, Lisboa Editorial, 351-1-3150035. (c) Reuters Limited 1996. </p></text>
<copyright>(c) Reuters Limited 1996</copyright>
<metadata>
<codes class="bip:countries:1.0">
<code code="TmgqvEHMWB">
<editdetail action="confirmed" attribution="Reuters BIP Coding Group" date="1996-09-26"></editdetail></code>
<code code="jxdozJAydl">
<editdetail action="confirmed" attribution="Reuters BIP Coding Group" date="1996-09-26"></editdetail></code>
<code code="fsbYjcFZgv">
<editdetail action="confirmed" attribution="Reuters BIP Coding Group" date="1996-09-26"></editdetail></code></codes>
<codes class="bip:topics:1.0">
<code code="fBkeCsvNXp">
<editdetail action="confirmed" attribution="Reuters BIP Coding Group" date="1996-09-26"></editdetail></code>
<code code="mNOHNiYZHn">
<editdetail action="confirmed" attribution="Reuters BIP Coding Group" date="1996-09-26"></editdetail></code></codes>
<dc element="dc.publisher" value="Reuters Holdings Plc"></dc>
<dc element="dc.datepublished" value="1996-09-26"></dc>
<dc element="dc.source" value="Reuters - Notícias em Português"></dc>
<dc element="dc.creator.location" value=""></dc>
<dc element="dc.creator.location.country.name" value=""></dc></metadata></newsitem>