<?xml version="1.0" encoding="UTF-8"?>

<newsitem date="1997-01-28" id="root" itemid="52122" xml:lang="pt">
<title></title>
<headline> MONETÁRIO ABRE COM LIGEIRA SUBIDA TAXAS PRAZOS. </headline>
<byline></byline>
<dateline></dateline>
<text>
<p> O mercado monetário do escudo abriu com uma subida ligeira de taxas, sobretudo nas maturidades mais curtas, quer do mercado &apos;cash&apos; quer nos derivados, seguindo outros mercados, nomeadamente o espanhol. Dealers referiram que interesses compradores de não residentes são a principal razão da subida, mas consideraram que se trata mais de um ajustamento do que de uma inversão estrutural de tendência. </p>
<p> (c) Reuters Limited 1997. </p></text>
<copyright>(c) Reuters Limited 1997</copyright>
<metadata>
<codes class="bip:countries:1.0">
<code code="kTwfUGujMp">
<editdetail action="confirmed" attribution="Reuters BIP Coding Group" date="1997-01-28"></editdetail></code>
<code code="sPsIJikBjO">
<editdetail action="confirmed" attribution="Reuters BIP Coding Group" date="1997-01-28"></editdetail></code>
<code code="hOFbZTFXky">
<editdetail action="confirmed" attribution="Reuters BIP Coding Group" date="1997-01-28"></editdetail></code></codes>
<codes class="bip:topics:1.0">
<code code="ZKOykeddtb">
<editdetail action="confirmed" attribution="Reuters BIP Coding Group" date="1997-01-28"></editdetail></code>
<code code="RcCcBHEvFM">
<editdetail action="confirmed" attribution="Reuters BIP Coding Group" date="1997-01-28"></editdetail></code></codes>
<dc element="dc.publisher" value="Reuters Holdings Plc"></dc>
<dc element="dc.datepublished" value="1997-01-28"></dc>
<dc element="dc.source" value="Reuters - Notícias em Português"></dc>
<dc element="dc.creator.location" value=""></dc>
<dc element="dc.creator.location.country.name" value=""></dc></metadata></newsitem>