<?xml version="1.0" encoding="UTF-8"?>

<newsitem date="1997-07-03" id="root" itemid="55934" xml:lang="pt">
<title></title>
<headline> António Guterres faz declaração ao País às 1915 TMG. </headline>
<byline></byline>
<dateline></dateline>
<text>
<p> LISBOA, 3 Jul (Reuter) - O primeiro-ministro, António Guterres, vai fazer uma declaração ao País às 1915 TMG, depois de ter sido &apos;chumbada&apos; na Assembleia da República a proposta do Governo para as finanças locais, disse uma fonte oficial do Gabinete do primeiro-ministro. </p>
<p> - Lisboa Editorial, 351-1-3150035. </p>
<p> (c) Reuters Limited 1997. </p></text>
<copyright>(c) Reuters Limited 1997</copyright>
<metadata>
<codes class="bip:countries:1.0">
<code code="doyyRfjTYi">
<editdetail action="confirmed" attribution="Reuters BIP Coding Group" date="1997-07-03"></editdetail></code>
<code code="fgQhPszbYo">
<editdetail action="confirmed" attribution="Reuters BIP Coding Group" date="1997-07-03"></editdetail></code>
<code code="fwsuFNBtTX">
<editdetail action="confirmed" attribution="Reuters BIP Coding Group" date="1997-07-03"></editdetail></code></codes>
<codes class="bip:topics:1.0">
<code code="CXifzmJGpZ">
<editdetail action="confirmed" attribution="Reuters BIP Coding Group" date="1997-07-03"></editdetail></code>
<code code="EJTxkkFpqp">
<editdetail action="confirmed" attribution="Reuters BIP Coding Group" date="1997-07-03"></editdetail></code></codes>
<dc element="dc.publisher" value="Reuters Holdings Plc"></dc>
<dc element="dc.datepublished" value="1997-07-03"></dc>
<dc element="dc.source" value="Reuters - Notícias em Português"></dc>
<dc element="dc.creator.location" value=""></dc>
<dc element="dc.creator.location.country.name" value=""></dc></metadata></newsitem>