<?xml version="1.0" encoding="UTF-8"?>

<newsitem date="1997-03-11" id="root" itemid="53175" xml:lang="pt">
<title></title>
<headline> Acções prevêem-se em alta com exterior, destaque PT. </headline>
<byline></byline>
<dateline></dateline>
<text>
<p> As acções do Contínuo deverão abrir em alta, a reflectir a subida de mais de um pct de Wall Street ontem e a reacção também em alta das bolsas europeias hoje. No mercado nacional, a Portugal Telecom poderá continuar a registar ganhos, não só com a subida ontem em Nova Iorque como com as expectativas sobre os resultados de 1996 a publicar amanhã. </p>
<p> - Lisboa Editorial, 351-1-3113125. </p>
<p> (c) Reuters Limited 1997. </p></text>
<copyright>(c) Reuters Limited 1997</copyright>
<metadata>
<codes class="bip:countries:1.0">
<code code="ivsdXFDovT">
<editdetail action="confirmed" attribution="Reuters BIP Coding Group" date="1997-03-11"></editdetail></code>
<code code="GeHdkHiKRF">
<editdetail action="confirmed" attribution="Reuters BIP Coding Group" date="1997-03-11"></editdetail></code>
<code code="erivJhGugb">
<editdetail action="confirmed" attribution="Reuters BIP Coding Group" date="1997-03-11"></editdetail></code></codes>
<codes class="bip:topics:1.0">
<code code="oOzEbyEqCA">
<editdetail action="confirmed" attribution="Reuters BIP Coding Group" date="1997-03-11"></editdetail></code>
<code code="HSSpWpwNDV">
<editdetail action="confirmed" attribution="Reuters BIP Coding Group" date="1997-03-11"></editdetail></code></codes>
<dc element="dc.publisher" value="Reuters Holdings Plc"></dc>
<dc element="dc.datepublished" value="1997-03-11"></dc>
<dc element="dc.source" value="Reuters - Notícias em Português"></dc>
<dc element="dc.creator.location" value=""></dc>
<dc element="dc.creator.location.country.name" value=""></dc></metadata></newsitem>