<?xml version="1.0" encoding="UTF-8"?>

<newsitem date="1997-03-14" id="root" itemid="53280" xml:lang="pt">
<title></title>
<headline> Ministro Finanças apresenta Plano Convergência 1630h. </headline>
<byline></byline>
<dateline></dateline>
<text>
<p> LISBOA, 14 Mar (Reuter) - O ministro das Finanças, António de Sousa Franco, irá apresentar hoje às 1630 horas, o Programa de Convergência, Estabilidade e Crescimento para 1998/2000, anunciou o Ministério das Finanças em comunicado. </p>
<p> Estarão presentes também os secretários de Estado das Finanças, Orçamento e Assuntos Fiscais, respectivamente Fernando Teixeira Santos, Manuela Arcanjo e António Carlos Santos. </p>
<p> - Lisboa Editorial, 351.1.311.31.26. </p>
<p> (c) Reuters Limited 1997. </p></text>
<copyright>(c) Reuters Limited 1997</copyright>
<metadata>
<codes class="bip:countries:1.0">
<code code="YSWkNnUSXM">
<editdetail action="confirmed" attribution="Reuters BIP Coding Group" date="1997-03-14"></editdetail></code>
<code code="kqZwmCrWXK">
<editdetail action="confirmed" attribution="Reuters BIP Coding Group" date="1997-03-14"></editdetail></code>
<code code="kaIpKVFiiX">
<editdetail action="confirmed" attribution="Reuters BIP Coding Group" date="1997-03-14"></editdetail></code></codes>
<codes class="bip:topics:1.0">
<code code="nCamkqkKmm">
<editdetail action="confirmed" attribution="Reuters BIP Coding Group" date="1997-03-14"></editdetail></code></codes>
<dc element="dc.publisher" value="Reuters Holdings Plc"></dc>
<dc element="dc.datepublished" value="1997-03-14"></dc>
<dc element="dc.source" value="Reuters - Notícias em Português"></dc>
<dc element="dc.creator.location" value=""></dc>
<dc element="dc.creator.location.country.name" value=""></dc></metadata></newsitem>