<?xml version="1.0" encoding="UTF-8"?>

<newsitem date="1996-11-07" id="root" itemid="50371" xml:lang="pt">
<title></title>
<headline> FUTURO PSI20 NOV96 DESCE 15 PONTOS PARA 4.853. </headline>
<byline></byline>
<dateline></dateline>
<text>
<p> *Futuro PSI20 Nov96 (PSI20X6)cai p/4.853 pontos vs 4.868 fecho *Índice PSI-20 (.PSI20)cai 0,12 pct para 4.853,98 pontos *BCP cai 10 escudos para 1.940. Negociadas 32.400 *EMT sobe 99 escudos para 3.050. Negociadas 19.866 *BPSM sobe 26 escudos para 1.062. Negociadas 18.570 *BESCL sobe um escudo para 2.688. Negociadas 15.080. </p>
<p> (c) Reuters Limited 1996. </p></text>
<copyright>(c) Reuters Limited 1996</copyright>
<metadata>
<codes class="bip:countries:1.0">
<code code="yMPaYqYNRK">
<editdetail action="confirmed" attribution="Reuters BIP Coding Group" date="1996-11-07"></editdetail></code>
<code code="JczYkkXeDQ">
<editdetail action="confirmed" attribution="Reuters BIP Coding Group" date="1996-11-07"></editdetail></code>
<code code="aROtfkIbxx">
<editdetail action="confirmed" attribution="Reuters BIP Coding Group" date="1996-11-07"></editdetail></code></codes>
<codes class="bip:topics:1.0">
<code code="ilHEXfwcsE">
<editdetail action="confirmed" attribution="Reuters BIP Coding Group" date="1996-11-07"></editdetail></code>
<code code="PJJXnZCgZR">
<editdetail action="confirmed" attribution="Reuters BIP Coding Group" date="1996-11-07"></editdetail></code></codes>
<dc element="dc.publisher" value="Reuters Holdings Plc"></dc>
<dc element="dc.datepublished" value="1996-11-07"></dc>
<dc element="dc.source" value="Reuters - Notícias em Português"></dc>
<dc element="dc.creator.location" value=""></dc>
<dc element="dc.creator.location.country.name" value=""></dc></metadata></newsitem>