<?xml version="1.0" encoding="UTF-8"?>

<newsitem date="1997-07-29" id="root" itemid="56597" xml:lang="pt">
<title></title>
<headline> Escudo calmo e estável de manhã vs marco. </headline>
<byline></byline>
<dateline></dateline>
<text>
<p> O escudo manteve-se calmo ao longo da manhã contra o marco, continuando num range estreito, com falta de intervenientes e sem conseguir forçar os 101,10. Dealers dizem que o escudo vai continuar estabilizado entre 101,00 e 101,10 por marco. </p>
<p>     ----José Barata, Lisboa Editorial, 351.1.3113121. </p>
<p> (c) Reuters Limited 1997. </p></text>
<copyright>(c) Reuters Limited 1997</copyright>
<metadata>
<codes class="bip:countries:1.0">
<code code="BdlhcnlTWx">
<editdetail action="confirmed" attribution="Reuters BIP Coding Group" date="1997-07-29"></editdetail></code>
<code code="bKUJsAMwuP">
<editdetail action="confirmed" attribution="Reuters BIP Coding Group" date="1997-07-29"></editdetail></code>
<code code="pxttQTNcNX">
<editdetail action="confirmed" attribution="Reuters BIP Coding Group" date="1997-07-29"></editdetail></code></codes>
<codes class="bip:topics:1.0">
<code code="EvclwHVUDP">
<editdetail action="confirmed" attribution="Reuters BIP Coding Group" date="1997-07-29"></editdetail></code>
<code code="bEvubfkJZC">
<editdetail action="confirmed" attribution="Reuters BIP Coding Group" date="1997-07-29"></editdetail></code>
<code code="KooAmIqnZn">
<editdetail action="confirmed" attribution="Reuters BIP Coding Group" date="1997-07-29"></editdetail></code></codes>
<dc element="dc.publisher" value="Reuters Holdings Plc"></dc>
<dc element="dc.datepublished" value="1997-07-29"></dc>
<dc element="dc.source" value="Reuters - Notícias em Português"></dc>
<dc element="dc.creator.location" value=""></dc>
<dc element="dc.creator.location.country.name" value=""></dc></metadata></newsitem>