<?xml version="1.0" encoding="UTF-8"?>

<newsitem date="1997-01-03" id="root" itemid="51579" xml:lang="pt">
<title></title>
<headline> ACÇÕES SEGUEM EM ALTA, FUNDOS REFORÇAM CARTEIRAS. </headline>
<byline></byline>
<dateline></dateline>
<text>
<p> As acções do Contínuo e os Futuros sobre o PSI20 seguiam em alta, com a fortaleza dos mercados externos a ajudar as cotações a atingirem novos máximos, sentimento que se vai manter. Analistas prevêem que o mercado suba entre 15 e 20 pct em 1997, tendo em conta os fundamentais da economia, as privatizações e o facto de estar barato em relação à Europa. Telecel atinge máximo nos 10.060 escudos. Fundos reforçam as suas carteiras de acções. Liquidez atinge 5,5 MC. (c) Reuters Limited 1997. </p></text>
<copyright>(c) Reuters Limited 1997</copyright>
<metadata>
<codes class="bip:countries:1.0">
<code code="QWuKDBkcNN">
<editdetail action="confirmed" attribution="Reuters BIP Coding Group" date="1997-01-03"></editdetail></code>
<code code="qHuXATwnaW">
<editdetail action="confirmed" attribution="Reuters BIP Coding Group" date="1997-01-03"></editdetail></code>
<code code="ihVizsNbJJ">
<editdetail action="confirmed" attribution="Reuters BIP Coding Group" date="1997-01-03"></editdetail></code></codes>
<codes class="bip:topics:1.0">
<code code="eJypfFarGy">
<editdetail action="confirmed" attribution="Reuters BIP Coding Group" date="1997-01-03"></editdetail></code>
<code code="PAkXfgffVe">
<editdetail action="confirmed" attribution="Reuters BIP Coding Group" date="1997-01-03"></editdetail></code></codes>
<dc element="dc.publisher" value="Reuters Holdings Plc"></dc>
<dc element="dc.datepublished" value="1997-01-03"></dc>
<dc element="dc.source" value="Reuters - Notícias em Português"></dc>
<dc element="dc.creator.location" value=""></dc>
<dc element="dc.creator.location.country.name" value=""></dc></metadata></newsitem>