<?xml version="1.0" encoding="UTF-8"?>

<newsitem date="1997-01-08" id="root" itemid="51664" xml:lang="pt">
<title></title>
<headline> ACÇÕES FECHAM ALTA E COM VONTADE CONTINUAR SUBIR. </headline>
<byline></byline>
<dateline></dateline>
<text>
<p> As acções do Contínuo e os Futuros sobre PSI20 fecharam em alta e com o mercado convencido que este movimento é para continuar, com os fundos e os bancos a continuarem a antecipar a subida previsível do mercado em 1997 e suportado pelo fortalecimento do dólar. </p>
<p>  (c) Reuters Limited 1997. </p></text>
<copyright>(c) Reuters Limited 1997</copyright>
<metadata>
<codes class="bip:countries:1.0">
<code code="kHcVLOBJbY">
<editdetail action="confirmed" attribution="Reuters BIP Coding Group" date="1997-01-08"></editdetail></code>
<code code="pLcbcbcJHc">
<editdetail action="confirmed" attribution="Reuters BIP Coding Group" date="1997-01-08"></editdetail></code>
<code code="LioHvDQGsp">
<editdetail action="confirmed" attribution="Reuters BIP Coding Group" date="1997-01-08"></editdetail></code></codes>
<codes class="bip:topics:1.0">
<code code="oneeNUWSGB">
<editdetail action="confirmed" attribution="Reuters BIP Coding Group" date="1997-01-08"></editdetail></code>
<code code="bmSZhjHibZ">
<editdetail action="confirmed" attribution="Reuters BIP Coding Group" date="1997-01-08"></editdetail></code></codes>
<dc element="dc.publisher" value="Reuters Holdings Plc"></dc>
<dc element="dc.datepublished" value="1997-01-08"></dc>
<dc element="dc.source" value="Reuters - Notícias em Português"></dc>
<dc element="dc.creator.location" value=""></dc>
<dc element="dc.creator.location.country.name" value=""></dc></metadata></newsitem>