<?xml version="1.0" encoding="UTF-8"?>

<newsitem date="1996-12-17" id="root" itemid="51287" xml:lang="pt">
<title></title>
<headline> ESCUDO ABRE ESTÁVEL NA ALTA EM SESSÃO CALMA. </headline>
<byline></byline>
<dateline></dateline>
<text>
<p> O escudo abriu calmo, com os preços estabilizados nos níveis do fecho de ontem, admitindo dealers que, com a manutenção dos níveis fortes do franco fancês e da peseta, o escudo terá alguma dificuldade em voltar aos 101,00 por marco, a menos que o dólar venha a descer significativamente. </p>
<p> (c) Reuters Limited 1996. </p></text>
<copyright>(c) Reuters Limited 1996</copyright>
<metadata>
<codes class="bip:countries:1.0">
<code code="yphtKmKgpp">
<editdetail action="confirmed" attribution="Reuters BIP Coding Group" date="1996-12-17"></editdetail></code>
<code code="NXdipzGpYD">
<editdetail action="confirmed" attribution="Reuters BIP Coding Group" date="1996-12-17"></editdetail></code>
<code code="mXKLPHpaEi">
<editdetail action="confirmed" attribution="Reuters BIP Coding Group" date="1996-12-17"></editdetail></code></codes>
<codes class="bip:topics:1.0">
<code code="WlTcmGIjrR">
<editdetail action="confirmed" attribution="Reuters BIP Coding Group" date="1996-12-17"></editdetail></code>
<code code="GIwqObtmTi">
<editdetail action="confirmed" attribution="Reuters BIP Coding Group" date="1996-12-17"></editdetail></code>
<code code="wtgzYyesdl">
<editdetail action="confirmed" attribution="Reuters BIP Coding Group" date="1996-12-17"></editdetail></code></codes>
<dc element="dc.publisher" value="Reuters Holdings Plc"></dc>
<dc element="dc.datepublished" value="1996-12-17"></dc>
<dc element="dc.source" value="Reuters - Notícias em Português"></dc>
<dc element="dc.creator.location" value=""></dc>
<dc element="dc.creator.location.country.name" value=""></dc></metadata></newsitem>