<?xml version="1.0" encoding="UTF-8"?>

<newsitem date="1996-11-22" id="root" itemid="50721" xml:lang="pt">
<title></title>
<headline> ÍNDICE PSI-20 CAI 0,15 PCT PARA 4.949,00 PONTOS. </headline>
<byline></byline>
<dateline></dateline>
<text>
<p> *Índice PSI-20 (.PSI20)cai 0,15 pct para 4.949,00 pontos *Cimpor cai 4 escudos para 3.270. Negociadas 20.737 *Reditus sobe 2 escudos para 474. Negociadas 7.700 *M.Confianca sobe 5 escudo p/1.479. Negociadas 6.700 *BCP estável nos 1.995 escudos. Negociadas 3.200 *Somague cai 18 escudos para 1.405. Negociadas 2.000. </p>
<p> - Paula Cordeiro, Lisboa Editorial, 351-1-3150035. (c) Reuters Limited 1996. </p></text>
<copyright>(c) Reuters Limited 1996</copyright>
<metadata>
<codes class="bip:countries:1.0">
<code code="XsdGOZiEKe">
<editdetail action="confirmed" attribution="Reuters BIP Coding Group" date="1996-11-22"></editdetail></code>
<code code="ZbsMhrEamv">
<editdetail action="confirmed" attribution="Reuters BIP Coding Group" date="1996-11-22"></editdetail></code>
<code code="lwwmHTVsIW">
<editdetail action="confirmed" attribution="Reuters BIP Coding Group" date="1996-11-22"></editdetail></code></codes>
<codes class="bip:topics:1.0">
<code code="ezpkaPAWTp">
<editdetail action="confirmed" attribution="Reuters BIP Coding Group" date="1996-11-22"></editdetail></code>
<code code="EbIBmLcOZj">
<editdetail action="confirmed" attribution="Reuters BIP Coding Group" date="1996-11-22"></editdetail></code></codes>
<dc element="dc.publisher" value="Reuters Holdings Plc"></dc>
<dc element="dc.datepublished" value="1996-11-22"></dc>
<dc element="dc.source" value="Reuters - Notícias em Português"></dc>
<dc element="dc.creator.location" value=""></dc>
<dc element="dc.creator.location.country.name" value=""></dc></metadata></newsitem>