<?xml version="1.0" encoding="UTF-8"?>

<newsitem date="1997-05-02" id="root" itemid="54393" xml:lang="pt">
<title></title>
<headline> BP diz cedência 7 dias sem procura. </headline>
<byline></byline>
<dateline></dateline>
<text>
<p> LISBOA, 2 Mai (Reuter) - O Banco de Portugal (BP) disse que não houve procura para a cedência de fundos contra a recompra de bilhetes do Tesouro, Títulos de Depósito e obrigações do Tesouro taxa fixa (BT/TD/OT) a sete dias em regime de leilão de taxa. </p>
<p> - Lisboa Editorial, 351.1.315-00-35. </p>
<p> (c) Reuters Limited 1997. </p></text>
<copyright>(c) Reuters Limited 1997</copyright>
<metadata>
<codes class="bip:countries:1.0">
<code code="MhBYtiWnus">
<editdetail action="confirmed" attribution="Reuters BIP Coding Group" date="1997-05-02"></editdetail></code>
<code code="hsBJMIfCsm">
<editdetail action="confirmed" attribution="Reuters BIP Coding Group" date="1997-05-02"></editdetail></code>
<code code="gPdDqpXCdt">
<editdetail action="confirmed" attribution="Reuters BIP Coding Group" date="1997-05-02"></editdetail></code></codes>
<codes class="bip:topics:1.0">
<code code="OAxSMzEQBO">
<editdetail action="confirmed" attribution="Reuters BIP Coding Group" date="1997-05-02"></editdetail></code>
<code code="ZSFWqIXsMD">
<editdetail action="confirmed" attribution="Reuters BIP Coding Group" date="1997-05-02"></editdetail></code>
<code code="bHTrVrMiWv">
<editdetail action="confirmed" attribution="Reuters BIP Coding Group" date="1997-05-02"></editdetail></code></codes>
<dc element="dc.publisher" value="Reuters Holdings Plc"></dc>
<dc element="dc.datepublished" value="1997-05-02"></dc>
<dc element="dc.source" value="Reuters - Notícias em Português"></dc>
<dc element="dc.creator.location" value=""></dc>
<dc element="dc.creator.location.country.name" value=""></dc></metadata></newsitem>