<?xml version="1.0" encoding="UTF-8"?>

<newsitem date="1997-08-18" id="root" itemid="57025" xml:lang="pt">
<title></title>
<headline> Negociação Bolsa Lisboa retomada às 1010 locais. </headline>
<byline></byline>
<dateline></dateline>
<text>
<p> LISBOA, 18 Ago (Reuter) - A negociação na Bolsa de Valores de Lisboa (BVL) vai ser retomada às 1010 horas locais, depois de ter estado interrompida por problemas técnicos, disse uma fonte oficial da Bolsa. </p>
<p> A mesma fonte disse que os primeiros negócios efectuados, referente à pré-abertura da Bolsa de Lisboa, não serão anulados. </p>
<p> - Paula Cordeiro, Lisboa Editorial, 351-1-3150035. </p>
<p> (c) Reuters Limited 1997. </p></text>
<copyright>(c) Reuters Limited 1997</copyright>
<metadata>
<codes class="bip:countries:1.0">
<code code="qplIOckAQW">
<editdetail action="confirmed" attribution="Reuters BIP Coding Group" date="1997-08-18"></editdetail></code>
<code code="SvfXxnrkAX">
<editdetail action="confirmed" attribution="Reuters BIP Coding Group" date="1997-08-18"></editdetail></code>
<code code="GLyyAWKjcd">
<editdetail action="confirmed" attribution="Reuters BIP Coding Group" date="1997-08-18"></editdetail></code></codes>
<codes class="bip:topics:1.0">
<code code="mEKyjTKMgj">
<editdetail action="confirmed" attribution="Reuters BIP Coding Group" date="1997-08-18"></editdetail></code></codes>
<dc element="dc.publisher" value="Reuters Holdings Plc"></dc>
<dc element="dc.datepublished" value="1997-08-18"></dc>
<dc element="dc.source" value="Reuters - Notícias em Português"></dc>
<dc element="dc.creator.location" value=""></dc>
<dc element="dc.creator.location.country.name" value=""></dc></metadata></newsitem>