<?xml version="1.0" encoding="UTF-8"?>

<newsitem date="1997-05-05" id="root" itemid="54428" xml:lang="pt">
<title></title>
<headline> PSI20 sobe 1,71 pct para 6.747,98 pontos. </headline>
<byline></byline>
<dateline></dateline>
<text>
<p> LISBOA, 5 Mai (Reuter) - O índice PSI20 subiu 113,29 pontos ou 1,71 pct para 6.747,98 pontos, tendo atingido o máximo histórico nos 6.829,90. </p>
<p> (c) Reuters Limited 1997. </p></text>
<copyright>(c) Reuters Limited 1997</copyright>
<metadata>
<codes class="bip:countries:1.0">
<code code="EBMQSDiAYj">
<editdetail action="confirmed" attribution="Reuters BIP Coding Group" date="1997-05-05"></editdetail></code>
<code code="UhDfnmeqbf">
<editdetail action="confirmed" attribution="Reuters BIP Coding Group" date="1997-05-05"></editdetail></code>
<code code="cvWuMjQxqj">
<editdetail action="confirmed" attribution="Reuters BIP Coding Group" date="1997-05-05"></editdetail></code></codes>
<codes class="bip:topics:1.0">
<code code="DtJoHhmUOR">
<editdetail action="confirmed" attribution="Reuters BIP Coding Group" date="1997-05-05"></editdetail></code>
<code code="XPQrVuyfDn">
<editdetail action="confirmed" attribution="Reuters BIP Coding Group" date="1997-05-05"></editdetail></code></codes>
<dc element="dc.publisher" value="Reuters Holdings Plc"></dc>
<dc element="dc.datepublished" value="1997-05-05"></dc>
<dc element="dc.source" value="Reuters - Notícias em Português"></dc>
<dc element="dc.creator.location" value=""></dc>
<dc element="dc.creator.location.country.name" value=""></dc></metadata></newsitem>