<?xml version="1.0" encoding="UTF-8"?>

<newsitem date="1996-11-14" id="root" itemid="50539" xml:lang="pt">
<title></title>
<headline> ÍNDICE PSI-20 CAI 0,17 PCT PARA 4.886,73 PONTOS. </headline>
<byline></byline>
<dateline></dateline>
<text>
<p> *Índice PSI-20 (.PSI20)cai 0,17 pct para 4.886,73 pontos *Banco Essi cai 65 esc. p/1.335. Negociadas 109.900 *Cel-Cat sobe 20 escudos para 2.800.Negociadas 30.000 *BPSM cai 1 escudo para 1.044. Negociadas 2.400 *PI cai 18 escudos para 911. Negociadas 3.840 *Reditus sobe 5 escudos para 480. Negociadas 2.100. </p>
<p> - Paula Cordeiro, Lisboa Editorial, 351-1-3150035. (c) Reuters Limited 1996. </p></text>
<copyright>(c) Reuters Limited 1996</copyright>
<metadata>
<codes class="bip:countries:1.0">
<code code="ObasiLQEWS">
<editdetail action="confirmed" attribution="Reuters BIP Coding Group" date="1996-11-14"></editdetail></code>
<code code="ScvuELScOu">
<editdetail action="confirmed" attribution="Reuters BIP Coding Group" date="1996-11-14"></editdetail></code>
<code code="CUehusUmnN">
<editdetail action="confirmed" attribution="Reuters BIP Coding Group" date="1996-11-14"></editdetail></code></codes>
<codes class="bip:topics:1.0">
<code code="zChuDyxKon">
<editdetail action="confirmed" attribution="Reuters BIP Coding Group" date="1996-11-14"></editdetail></code>
<code code="EVPyMUESjK">
<editdetail action="confirmed" attribution="Reuters BIP Coding Group" date="1996-11-14"></editdetail></code></codes>
<dc element="dc.publisher" value="Reuters Holdings Plc"></dc>
<dc element="dc.datepublished" value="1996-11-14"></dc>
<dc element="dc.source" value="Reuters - Notícias em Português"></dc>
<dc element="dc.creator.location" value=""></dc>
<dc element="dc.creator.location.country.name" value=""></dc></metadata></newsitem>