<?xml version="1.0" encoding="UTF-8"?>

<newsitem date="1997-04-14" id="root" itemid="53917" xml:lang="pt">
<title></title>
<headline> Cotações oficiais. </headline>
<byline></byline>
<dateline></dateline>
<text>
<p>     LISBOA, 14 Abr (Reuter) - Cotações oficiais indicativas do </p>
<p> Banco de Portugal (BP). Entre parêntesis sessão anterior. </p>
<p> USD 172,119..........(172,225)   NLG 88,829..........(88,928) </p>
<p> DEM 99,872............(99,968)   BEF 4,8409..........(4,8455). </p>
<p> (c) Reuters Limited 1997. </p></text>
<copyright>(c) Reuters Limited 1997</copyright>
<metadata>
<codes class="bip:countries:1.0">
<code code="GIQYiVFgHc">
<editdetail action="confirmed" attribution="Reuters BIP Coding Group" date="1997-04-14"></editdetail></code>
<code code="FOpblhuJVq">
<editdetail action="confirmed" attribution="Reuters BIP Coding Group" date="1997-04-14"></editdetail></code>
<code code="giuoIxqEbM">
<editdetail action="confirmed" attribution="Reuters BIP Coding Group" date="1997-04-14"></editdetail></code></codes>
<codes class="bip:topics:1.0">
<code code="QLbRvWKPHw">
<editdetail action="confirmed" attribution="Reuters BIP Coding Group" date="1997-04-14"></editdetail></code>
<code code="noiPiDjZob">
<editdetail action="confirmed" attribution="Reuters BIP Coding Group" date="1997-04-14"></editdetail></code>
<code code="nkjCwwDnra">
<editdetail action="confirmed" attribution="Reuters BIP Coding Group" date="1997-04-14"></editdetail></code></codes>
<dc element="dc.publisher" value="Reuters Holdings Plc"></dc>
<dc element="dc.datepublished" value="1997-04-14"></dc>
<dc element="dc.source" value="Reuters - Notícias em Português"></dc>
<dc element="dc.creator.location" value=""></dc>
<dc element="dc.creator.location.country.name" value=""></dc></metadata></newsitem>