<?xml version="1.0" encoding="UTF-8"?>

<newsitem date="1997-07-07" id="root" itemid="55984" xml:lang="pt">
<title></title>
<headline> Índice PSI20 sobe 1,72 pct para 7.900,39 pontos. </headline>
<byline></byline>
<dateline></dateline>
<text>
<p> LISBOA, 7 Jul (Reuter) - O índice PSI20 subiu 133,71 pontos ou 1,72 pct para 7.900,39 pontos. </p>
<p> (c) Reuters Limited 1997. </p></text>
<copyright>(c) Reuters Limited 1997</copyright>
<metadata>
<codes class="bip:countries:1.0">
<code code="GfZKQGkoSI">
<editdetail action="confirmed" attribution="Reuters BIP Coding Group" date="1997-07-07"></editdetail></code>
<code code="dPckPGOdnb">
<editdetail action="confirmed" attribution="Reuters BIP Coding Group" date="1997-07-07"></editdetail></code>
<code code="svmhDBfOvz">
<editdetail action="confirmed" attribution="Reuters BIP Coding Group" date="1997-07-07"></editdetail></code></codes>
<codes class="bip:topics:1.0">
<code code="YtrwzfTjEl">
<editdetail action="confirmed" attribution="Reuters BIP Coding Group" date="1997-07-07"></editdetail></code>
<code code="roKQWTUdTS">
<editdetail action="confirmed" attribution="Reuters BIP Coding Group" date="1997-07-07"></editdetail></code></codes>
<dc element="dc.publisher" value="Reuters Holdings Plc"></dc>
<dc element="dc.datepublished" value="1997-07-07"></dc>
<dc element="dc.source" value="Reuters - Notícias em Português"></dc>
<dc element="dc.creator.location" value=""></dc>
<dc element="dc.creator.location.country.name" value=""></dc></metadata></newsitem>