<?xml version="1.0" encoding="UTF-8"?>

<newsitem date="1997-04-24" id="root" itemid="54245" xml:lang="pt">
<title></title>
<headline> BP cede, segunda sessão, até 60 MC a 4 dias em leilão. </headline>
<byline></byline>
<dateline></dateline>
<text>
<p> LISBOA, 24 Abr (Reuter) - O Banco de Potugal (BP) anunciou que cede, em segunda sessão, até 60 milhões de contos (MC) de liquidez a quatro dias em leilão de taxa, com entrega de propostas até às 1330 horas locais. </p>
<p> Na primeira sessão, o banco central cedeu a totalidade dos 40 MC propostos a uma taxa média de 6,3247 pct, tendo a taxa mínima sido de 6,30 pct. </p>
<p> - Lisboa Editorial, 351.1.311.31.26. </p>
<p> (c) Reuters Limited 1997. </p></text>
<copyright>(c) Reuters Limited 1997</copyright>
<metadata>
<codes class="bip:countries:1.0">
<code code="sGYUUQECnm">
<editdetail action="confirmed" attribution="Reuters BIP Coding Group" date="1997-04-24"></editdetail></code>
<code code="ePCHQCiHrE">
<editdetail action="confirmed" attribution="Reuters BIP Coding Group" date="1997-04-24"></editdetail></code>
<code code="mjbVZBxqyk">
<editdetail action="confirmed" attribution="Reuters BIP Coding Group" date="1997-04-24"></editdetail></code></codes>
<codes class="bip:topics:1.0">
<code code="ZjmcRMNIHg">
<editdetail action="confirmed" attribution="Reuters BIP Coding Group" date="1997-04-24"></editdetail></code>
<code code="fcRxOsXBlO">
<editdetail action="confirmed" attribution="Reuters BIP Coding Group" date="1997-04-24"></editdetail></code></codes>
<dc element="dc.publisher" value="Reuters Holdings Plc"></dc>
<dc element="dc.datepublished" value="1997-04-24"></dc>
<dc element="dc.source" value="Reuters - Notícias em Português"></dc>
<dc element="dc.creator.location" value=""></dc>
<dc element="dc.creator.location.country.name" value=""></dc></metadata></newsitem>