<?xml version="1.0" encoding="UTF-8"?>

<newsitem date="1997-07-28" id="root" itemid="56563" xml:lang="pt">
<title></title>
<headline> Escudo calmo e apático de manhã vs marco. </headline>
<byline></byline>
<dateline></dateline>
<text>
<p> O escudo manteve-se calmo e estabilizado ao longo da manhã contra o marco, numa sessão apática e marcada por uma completa ausência de interesses. Dealers dizem que o escudo deverá manter-se centrado nos 101,00 por marco. </p>
<p>     ----Lisboa Editorial, 351.1.3113121. </p>
<p> (c) Reuters Limited 1997. </p></text>
<copyright>(c) Reuters Limited 1997</copyright>
<metadata>
<codes class="bip:countries:1.0">
<code code="AiWBvBJcrI">
<editdetail action="confirmed" attribution="Reuters BIP Coding Group" date="1997-07-28"></editdetail></code>
<code code="gPNIGFNHxN">
<editdetail action="confirmed" attribution="Reuters BIP Coding Group" date="1997-07-28"></editdetail></code>
<code code="DwwINrkxWa">
<editdetail action="confirmed" attribution="Reuters BIP Coding Group" date="1997-07-28"></editdetail></code></codes>
<codes class="bip:topics:1.0">
<code code="uXFneJwjFW">
<editdetail action="confirmed" attribution="Reuters BIP Coding Group" date="1997-07-28"></editdetail></code>
<code code="vuPMlovSyA">
<editdetail action="confirmed" attribution="Reuters BIP Coding Group" date="1997-07-28"></editdetail></code>
<code code="xAvlYcITdq">
<editdetail action="confirmed" attribution="Reuters BIP Coding Group" date="1997-07-28"></editdetail></code></codes>
<dc element="dc.publisher" value="Reuters Holdings Plc"></dc>
<dc element="dc.datepublished" value="1997-07-28"></dc>
<dc element="dc.source" value="Reuters - Notícias em Português"></dc>
<dc element="dc.creator.location" value=""></dc>
<dc element="dc.creator.location.country.name" value=""></dc></metadata></newsitem>