<?xml version="1.0" encoding="UTF-8"?>

<newsitem date="1997-01-29" id="root" itemid="52158" xml:lang="pt">
<title></title>
<headline> ACÇÕES PREVÊEM-SE LIGEIRA QUEDA, MAS COM PT SUBIR. </headline>
<byline></byline>
<dateline></dateline>
<text>
<p> As acções do Contínuo prevêem-se que possam registar algum arrefecimento a seguir as bolsas europeias e também Nova Iorque, compensado por uma eventual subida da Portugal Telecom (PT), suportada pela firmeza do dólar e pela subida registada ontem em Wall Street deste título. BCP não deve reagir aos resultados ontem apresentados, porque o preço já os descontava. </p>
<p> - Lisboa Editorial, 351-1-3113125. </p>
<p> (c) Reuters Limited 1997. </p></text>
<copyright>(c) Reuters Limited 1997</copyright>
<metadata>
<codes class="bip:countries:1.0">
<code code="DPiDiNmNUR">
<editdetail action="confirmed" attribution="Reuters BIP Coding Group" date="1997-01-29"></editdetail></code>
<code code="zFRJDXPQyy">
<editdetail action="confirmed" attribution="Reuters BIP Coding Group" date="1997-01-29"></editdetail></code>
<code code="lMdjCPcrTS">
<editdetail action="confirmed" attribution="Reuters BIP Coding Group" date="1997-01-29"></editdetail></code></codes>
<codes class="bip:topics:1.0">
<code code="nlqQqzWukA">
<editdetail action="confirmed" attribution="Reuters BIP Coding Group" date="1997-01-29"></editdetail></code>
<code code="DHEJuhYIOo">
<editdetail action="confirmed" attribution="Reuters BIP Coding Group" date="1997-01-29"></editdetail></code></codes>
<dc element="dc.publisher" value="Reuters Holdings Plc"></dc>
<dc element="dc.datepublished" value="1997-01-29"></dc>
<dc element="dc.source" value="Reuters - Notícias em Português"></dc>
<dc element="dc.creator.location" value=""></dc>
<dc element="dc.creator.location.country.name" value=""></dc></metadata></newsitem>