<?xml version="1.0" encoding="UTF-8"?>

<newsitem date="1996-11-11" id="root" itemid="50436" xml:lang="pt">
<title></title>
<headline> ÍNDICE PSI20 SOBE 5,29 PONTOS PARA 4.856,87. </headline>
<byline></byline>
<dateline></dateline>
<text>
<p> LISBOA, 11 Nov (Reuter) - O índice PSI20 subiu 5,29 pontos para 4.856,87. </p>
<p> (c) Reuters Limited 1996. </p></text>
<copyright>(c) Reuters Limited 1996</copyright>
<metadata>
<codes class="bip:countries:1.0">
<code code="aMcyOLYVSu">
<editdetail action="confirmed" attribution="Reuters BIP Coding Group" date="1996-11-11"></editdetail></code>
<code code="mMseAUfQyI">
<editdetail action="confirmed" attribution="Reuters BIP Coding Group" date="1996-11-11"></editdetail></code>
<code code="caffdoKkse">
<editdetail action="confirmed" attribution="Reuters BIP Coding Group" date="1996-11-11"></editdetail></code></codes>
<codes class="bip:topics:1.0">
<code code="MeOshfVvyO">
<editdetail action="confirmed" attribution="Reuters BIP Coding Group" date="1996-11-11"></editdetail></code>
<code code="jZjqlJzxsI">
<editdetail action="confirmed" attribution="Reuters BIP Coding Group" date="1996-11-11"></editdetail></code></codes>
<dc element="dc.publisher" value="Reuters Holdings Plc"></dc>
<dc element="dc.datepublished" value="1996-11-11"></dc>
<dc element="dc.source" value="Reuters - Notícias em Português"></dc>
<dc element="dc.creator.location" value=""></dc>
<dc element="dc.creator.location.country.name" value=""></dc></metadata></newsitem>