<?xml version="1.0" encoding="UTF-8"?>

<newsitem date="1997-06-23" id="root" itemid="55600" xml:lang="pt">
<title></title>
<headline> Futuro Lisbor Set/97 abre a subir 0,01 para 94,70. </headline>
<byline></byline>
<dateline></dateline>
<text>
<p> LISBOA, 23 Jun (Reuter) - O vencimento de Setembro de 1997 do futuro sobre a Lisbor a três meses abriu a subir 0,01 para 94,70, com 20 contratos negociados. </p>
<p> - Lisboa Editorial, 351.1.311.31.26. </p>
<p> (c) Reuters Limited 1997. </p></text>
<copyright>(c) Reuters Limited 1997</copyright>
<metadata>
<codes class="bip:countries:1.0">
<code code="sYzdvbzkjh">
<editdetail action="confirmed" attribution="Reuters BIP Coding Group" date="1997-06-23"></editdetail></code>
<code code="ZjLIiBLokd">
<editdetail action="confirmed" attribution="Reuters BIP Coding Group" date="1997-06-23"></editdetail></code>
<code code="tZWBnpuvvE">
<editdetail action="confirmed" attribution="Reuters BIP Coding Group" date="1997-06-23"></editdetail></code></codes>
<codes class="bip:topics:1.0">
<code code="FbSQGwrvdz">
<editdetail action="confirmed" attribution="Reuters BIP Coding Group" date="1997-06-23"></editdetail></code>
<code code="zSiqNcdOmU">
<editdetail action="confirmed" attribution="Reuters BIP Coding Group" date="1997-06-23"></editdetail></code></codes>
<dc element="dc.publisher" value="Reuters Holdings Plc"></dc>
<dc element="dc.datepublished" value="1997-06-23"></dc>
<dc element="dc.source" value="Reuters - Notícias em Português"></dc>
<dc element="dc.creator.location" value=""></dc>
<dc element="dc.creator.location.country.name" value=""></dc></metadata></newsitem>