<?xml version="1.0" encoding="UTF-8"?>

<newsitem date="1996-09-20" id="root" itemid="49103" xml:lang="pt">
<title></title>
<headline> FUTUROS E CASH PREVÊEM-SE EM ALTA COM ESPANHA. </headline>
<byline></byline>
<dateline></dateline>
<text>
<p> As OT deverão hoje abrir com os Futuros e o cash suportados em alta com os periféricos, mas prevendo os dealers que a força de Portugal não seja idêntica à fúria espanhola e que os spreads dos 10 anos contra os Bonos continuem esmagados, caso Espanha se mantenham tão forte como abriu. </p>
<p> *Futuro Bono Set/96 104,85 vs 104,47 fecho anterior </p>
<p> *Bonos/Fev/05 com yield de 8,15 pct vs 8,23 pct fecho </p>
<p> - Sérgio Gonçalves, Lisboa Editorial, 351-1-3150035 (c) Reuters Limited 1996. </p></text>
<copyright>(c) Reuters Limited 1996</copyright>
<metadata>
<codes class="bip:countries:1.0">
<code code="uMaUHGqCWL">
<editdetail action="confirmed" attribution="Reuters BIP Coding Group" date="1996-09-20"></editdetail></code>
<code code="OQBtidCghn">
<editdetail action="confirmed" attribution="Reuters BIP Coding Group" date="1996-09-20"></editdetail></code>
<code code="GJVCYFZAiT">
<editdetail action="confirmed" attribution="Reuters BIP Coding Group" date="1996-09-20"></editdetail></code></codes>
<codes class="bip:topics:1.0">
<code code="LdltWyUnPW">
<editdetail action="confirmed" attribution="Reuters BIP Coding Group" date="1996-09-20"></editdetail></code>
<code code="octEtYLmrD">
<editdetail action="confirmed" attribution="Reuters BIP Coding Group" date="1996-09-20"></editdetail></code></codes>
<dc element="dc.publisher" value="Reuters Holdings Plc"></dc>
<dc element="dc.datepublished" value="1996-09-20"></dc>
<dc element="dc.source" value="Reuters - Notícias em Português"></dc>
<dc element="dc.creator.location" value=""></dc>
<dc element="dc.creator.location.country.name" value=""></dc></metadata></newsitem>