<?xml version="1.0" encoding="UTF-8"?>

<newsitem date="1996-12-31" id="root" itemid="51519" xml:lang="pt">
<title></title>
<headline> MONETÁRIO FECHA ANO ESTÁVEL, APÓS SESSÃO APÁTICA. </headline>
<byline></byline>
<dateline></dateline>
<text>
<p> O mercado monetário do escudo fechou calmo, após uma sessão com os interesses centrados no curto prazo e sem movimento noutras maturidades nem nos derivados. Os três meses fecham o ano próximo dos 6,30 pct, os seis meses em 6,05 pct e os 12 meses em 5,95 pct. &quot;São níveis que antecipam mais cortes de taxas em 1997, porque estão abaixo das taxas directoras do Banco de Portugal&quot;, disse um dealer. (c) Reuters Limited 1996. </p></text>
<copyright>(c) Reuters Limited 1996</copyright>
<metadata>
<codes class="bip:countries:1.0">
<code code="vavOqAVIYH">
<editdetail action="confirmed" attribution="Reuters BIP Coding Group" date="1996-12-31"></editdetail></code>
<code code="yLvPoTfXJS">
<editdetail action="confirmed" attribution="Reuters BIP Coding Group" date="1996-12-31"></editdetail></code>
<code code="BBTplOMrte">
<editdetail action="confirmed" attribution="Reuters BIP Coding Group" date="1996-12-31"></editdetail></code></codes>
<codes class="bip:topics:1.0">
<code code="EgLRXhVMRA">
<editdetail action="confirmed" attribution="Reuters BIP Coding Group" date="1996-12-31"></editdetail></code>
<code code="TgWODTyplo">
<editdetail action="confirmed" attribution="Reuters BIP Coding Group" date="1996-12-31"></editdetail></code></codes>
<dc element="dc.publisher" value="Reuters Holdings Plc"></dc>
<dc element="dc.datepublished" value="1996-12-31"></dc>
<dc element="dc.source" value="Reuters - Notícias em Português"></dc>
<dc element="dc.creator.location" value=""></dc>
<dc element="dc.creator.location.country.name" value=""></dc></metadata></newsitem>