<?xml version="1.0" encoding="UTF-8"?>

<newsitem date="1997-01-14" id="root" itemid="51787" xml:lang="pt">
<title></title>
<headline> ACÇÕES SEGUEM EM ALTA, MOMENTO POSITIVO DO EXTERIOR. </headline>
<byline></byline>
<dateline></dateline>
<text>
<p> As acções do Contínuo e os Futuros sobre o PSI20 seguiam em alta na meia sessão com a liquidez no cash a somar 9,4 milhões de contos. Operadores afirmaram que os números da inflação americana de Dezembro, dentro das previsões, e a abertura da Wall Street em alta ajudaram o mercado a sustentar a tendência de subida, mas sem as euforias das últimas sessões. </p>
<p> (c) Reuters Limited 1997. </p></text>
<copyright>(c) Reuters Limited 1997</copyright>
<metadata>
<codes class="bip:countries:1.0">
<code code="RIWuAhjIKA">
<editdetail action="confirmed" attribution="Reuters BIP Coding Group" date="1997-01-14"></editdetail></code>
<code code="BCgWkPQzEX">
<editdetail action="confirmed" attribution="Reuters BIP Coding Group" date="1997-01-14"></editdetail></code>
<code code="YmdTGLMaIK">
<editdetail action="confirmed" attribution="Reuters BIP Coding Group" date="1997-01-14"></editdetail></code></codes>
<codes class="bip:topics:1.0">
<code code="drzBNJLOEw">
<editdetail action="confirmed" attribution="Reuters BIP Coding Group" date="1997-01-14"></editdetail></code>
<code code="BAwzLgrGZP">
<editdetail action="confirmed" attribution="Reuters BIP Coding Group" date="1997-01-14"></editdetail></code></codes>
<dc element="dc.publisher" value="Reuters Holdings Plc"></dc>
<dc element="dc.datepublished" value="1997-01-14"></dc>
<dc element="dc.source" value="Reuters - Notícias em Português"></dc>
<dc element="dc.creator.location" value=""></dc>
<dc element="dc.creator.location.country.name" value=""></dc></metadata></newsitem>