<?xml version="1.0" encoding="UTF-8"?>

<newsitem date="1997-04-23" id="root" itemid="54214" xml:lang="pt">
<title></title>
<headline> PSI20 fecha subir 0,81 pct para 6.240,33 pontos. </headline>
<byline></byline>
<dateline></dateline>
<text>
<p> LISBOA, 23 Abr (Reuter) - O Índice PSI20 fechou a subir 0,81 pct, ou 50,11 pontos, para 6.240,33, anunciou a Bolsa de Derivados do Porto (BDP). </p>
<p> - Lisboa Editorial, 351.1.3113121. </p>
<p> (c) Reuters Limited 1997. </p></text>
<copyright>(c) Reuters Limited 1997</copyright>
<metadata>
<codes class="bip:countries:1.0">
<code code="SAJelUWLQo">
<editdetail action="confirmed" attribution="Reuters BIP Coding Group" date="1997-04-23"></editdetail></code>
<code code="SjvIwiAlDh">
<editdetail action="confirmed" attribution="Reuters BIP Coding Group" date="1997-04-23"></editdetail></code>
<code code="SDpaETgTce">
<editdetail action="confirmed" attribution="Reuters BIP Coding Group" date="1997-04-23"></editdetail></code></codes>
<codes class="bip:topics:1.0">
<code code="UyCFqiZAWq">
<editdetail action="confirmed" attribution="Reuters BIP Coding Group" date="1997-04-23"></editdetail></code>
<code code="dLEQRjdNmN">
<editdetail action="confirmed" attribution="Reuters BIP Coding Group" date="1997-04-23"></editdetail></code></codes>
<dc element="dc.publisher" value="Reuters Holdings Plc"></dc>
<dc element="dc.datepublished" value="1997-04-23"></dc>
<dc element="dc.source" value="Reuters - Notícias em Português"></dc>
<dc element="dc.creator.location" value=""></dc>
<dc element="dc.creator.location.country.name" value=""></dc></metadata></newsitem>