<?xml version="1.0" encoding="UTF-8"?>

<newsitem date="1996-12-12" id="root" itemid="51188" xml:lang="pt">
<title></title>
<headline> MONETÁRIO ABRE CALMO, PRAZOS APÁTICOS E ESTÁVEIS. </headline>
<byline></byline>
<dateline></dateline>
<text>
<p> O mercado monetário do escudo abriu calmo em início de período, sem aparentar problemas de liquidez no curto prazo, dependendo a evolução do mercado das novidades sobre o pacto de estabilidade a ser discutido sexta e sábado na Cimeira de Dublin, da inflação nacional a publicar esta semana, assim como do IPC e repo espanholas, também a sair esta semana. - Fernanda Pargana, Lisboa Editorial, 351-1-311.31.26 </p>
<p> (c) Reuters Limited 1996. </p></text>
<copyright>(c) Reuters Limited 1996</copyright>
<metadata>
<codes class="bip:countries:1.0">
<code code="dEdLYIuimi">
<editdetail action="confirmed" attribution="Reuters BIP Coding Group" date="1996-12-12"></editdetail></code>
<code code="qudaeRjRMq">
<editdetail action="confirmed" attribution="Reuters BIP Coding Group" date="1996-12-12"></editdetail></code>
<code code="BgmAJxgSwb">
<editdetail action="confirmed" attribution="Reuters BIP Coding Group" date="1996-12-12"></editdetail></code></codes>
<codes class="bip:topics:1.0">
<code code="mZcEKbbnFZ">
<editdetail action="confirmed" attribution="Reuters BIP Coding Group" date="1996-12-12"></editdetail></code>
<code code="EeZnivLAgL">
<editdetail action="confirmed" attribution="Reuters BIP Coding Group" date="1996-12-12"></editdetail></code></codes>
<dc element="dc.publisher" value="Reuters Holdings Plc"></dc>
<dc element="dc.datepublished" value="1996-12-12"></dc>
<dc element="dc.source" value="Reuters - Notícias em Português"></dc>
<dc element="dc.creator.location" value=""></dc>
<dc element="dc.creator.location.country.name" value=""></dc></metadata></newsitem>