<?xml version="1.0" encoding="UTF-8"?>

<newsitem date="1997-06-18" id="root" itemid="55515" xml:lang="pt">
<title></title>
<headline> Índice PSI20 cai 0,37 pct para 7.337,47 pontos. </headline>
<byline></byline>
<dateline></dateline>
<text>
<p> LISBOA, 18 Jun (Reuter) - O índice PSI20 caiu 27,58 pontos ou 0,37 pct para 7.337,47 pontos. </p>
<p> (c) Reuters Limited 1997. </p></text>
<copyright>(c) Reuters Limited 1997</copyright>
<metadata>
<codes class="bip:countries:1.0">
<code code="OftkwTLygX">
<editdetail action="confirmed" attribution="Reuters BIP Coding Group" date="1997-06-18"></editdetail></code>
<code code="GEXKoCJhHO">
<editdetail action="confirmed" attribution="Reuters BIP Coding Group" date="1997-06-18"></editdetail></code>
<code code="VDEvVgWjGq">
<editdetail action="confirmed" attribution="Reuters BIP Coding Group" date="1997-06-18"></editdetail></code></codes>
<codes class="bip:topics:1.0">
<code code="jUEpFKfufP">
<editdetail action="confirmed" attribution="Reuters BIP Coding Group" date="1997-06-18"></editdetail></code>
<code code="oJPqWXJExe">
<editdetail action="confirmed" attribution="Reuters BIP Coding Group" date="1997-06-18"></editdetail></code></codes>
<dc element="dc.publisher" value="Reuters Holdings Plc"></dc>
<dc element="dc.datepublished" value="1997-06-18"></dc>
<dc element="dc.source" value="Reuters - Notícias em Português"></dc>
<dc element="dc.creator.location" value=""></dc>
<dc element="dc.creator.location.country.name" value=""></dc></metadata></newsitem>