<?xml version="1.0" encoding="UTF-8"?>

<newsitem date="1997-04-10" id="root" itemid="53846" xml:lang="pt">
<title></title>
<headline> Monetário abre líquido e à espera corte taxas BP. </headline>
<byline></byline>
<dateline></dateline>
<text>
<p> O monetário abriu com o curto prazo líquido e com os prazos a descontarem já um corte nas taxas directoras do Banco de Portugal (BP) amanhã. O recurso à cedência deve-se ao facto de, com o aproximar do final do período, haver as habituais dificuldades de linhas, daí que algns bancos tenham que se financiar no BP, a uma taxa mais alta do que no mercado. </p>
<p> - Lisboa Editorial, 351-1-311.31.26 </p>
<p> (c) Reuters Limited 1997. </p></text>
<copyright>(c) Reuters Limited 1997</copyright>
<metadata>
<codes class="bip:countries:1.0">
<code code="QxAzCnOTOC">
<editdetail action="confirmed" attribution="Reuters BIP Coding Group" date="1997-04-10"></editdetail></code>
<code code="wuKJoHsxey">
<editdetail action="confirmed" attribution="Reuters BIP Coding Group" date="1997-04-10"></editdetail></code>
<code code="LXiezNpplB">
<editdetail action="confirmed" attribution="Reuters BIP Coding Group" date="1997-04-10"></editdetail></code></codes>
<codes class="bip:topics:1.0">
<code code="OrsyPaVMEi">
<editdetail action="confirmed" attribution="Reuters BIP Coding Group" date="1997-04-10"></editdetail></code>
<code code="FswFewWMzk">
<editdetail action="confirmed" attribution="Reuters BIP Coding Group" date="1997-04-10"></editdetail></code></codes>
<dc element="dc.publisher" value="Reuters Holdings Plc"></dc>
<dc element="dc.datepublished" value="1997-04-10"></dc>
<dc element="dc.source" value="Reuters - Notícias em Português"></dc>
<dc element="dc.creator.location" value=""></dc>
<dc element="dc.creator.location.country.name" value=""></dc></metadata></newsitem>