<?xml version="1.0" encoding="UTF-8"?>

<newsitem date="1997-01-24" id="root" itemid="52071" xml:lang="pt">
<title></title>
<headline> BP DIZ CEDÊNCIA 8 DIAS SEM PROCURA - (BPDF). </headline>
<byline></byline>
<dateline></dateline>
<text>
<p> LISBOA, 24 Jan (Reuter) - O Banco de Portugal (BP) disse que não houve procura para a cedência de fundos contra a recompra de bilhetes do Tesouro, Títulos de Depósito e obrigações do Tesouro taxa fixa (BT/TD/OT) a oito dias em regime de leilão de taxa. </p>
<p> Na última cedência, a taxa média de colocação de fundos foi de 6,5 pct. </p>
<p> O BP tinha proposto ceder até 10 milhões de contos (MC). </p>
<p> - Lisboa Editorial, 351.1.315-00-35. </p>
<p> (c) Reuters Limited 1997. </p></text>
<copyright>(c) Reuters Limited 1997</copyright>
<metadata>
<codes class="bip:countries:1.0">
<code code="LzomSyKEDg">
<editdetail action="confirmed" attribution="Reuters BIP Coding Group" date="1997-01-24"></editdetail></code>
<code code="vbcBzLnCTB">
<editdetail action="confirmed" attribution="Reuters BIP Coding Group" date="1997-01-24"></editdetail></code>
<code code="FSEvXTuiKU">
<editdetail action="confirmed" attribution="Reuters BIP Coding Group" date="1997-01-24"></editdetail></code></codes>
<codes class="bip:topics:1.0">
<code code="YlsEtPAnjU">
<editdetail action="confirmed" attribution="Reuters BIP Coding Group" date="1997-01-24"></editdetail></code>
<code code="nxfzeSZAMe">
<editdetail action="confirmed" attribution="Reuters BIP Coding Group" date="1997-01-24"></editdetail></code></codes>
<dc element="dc.publisher" value="Reuters Holdings Plc"></dc>
<dc element="dc.datepublished" value="1997-01-24"></dc>
<dc element="dc.source" value="Reuters - Notícias em Português"></dc>
<dc element="dc.creator.location" value=""></dc>
<dc element="dc.creator.location.country.name" value=""></dc></metadata></newsitem>