<?xml version="1.0" encoding="UTF-8"?>

<newsitem date="1996-10-04" id="root" itemid="49493" xml:lang="pt">
<title></title>
<headline> ACÇÕES PREVÊEM-SE =2. </headline>
<byline></byline>
<dateline></dateline>
<text>
<p> - Sérgio Gonçalves, Lisboa Editorial, 351-1-3150035. (c) Reuters Limited 1996. </p></text>
<copyright>(c) Reuters Limited 1996</copyright>
<metadata>
<codes class="bip:countries:1.0">
<code code="oaGFPegdtn">
<editdetail action="confirmed" attribution="Reuters BIP Coding Group" date="1996-10-04"></editdetail></code>
<code code="IeflvZVDTG">
<editdetail action="confirmed" attribution="Reuters BIP Coding Group" date="1996-10-04"></editdetail></code>
<code code="XbMhtfcoGj">
<editdetail action="confirmed" attribution="Reuters BIP Coding Group" date="1996-10-04"></editdetail></code></codes>
<codes class="bip:topics:1.0">
<code code="AQGzpOEFZa">
<editdetail action="confirmed" attribution="Reuters BIP Coding Group" date="1996-10-04"></editdetail></code>
<code code="YiqmkzliJF">
<editdetail action="confirmed" attribution="Reuters BIP Coding Group" date="1996-10-04"></editdetail></code></codes>
<dc element="dc.publisher" value="Reuters Holdings Plc"></dc>
<dc element="dc.datepublished" value="1996-10-04"></dc>
<dc element="dc.source" value="Reuters - Notícias em Português"></dc>
<dc element="dc.creator.location" value=""></dc>
<dc element="dc.creator.location.country.name" value=""></dc></metadata></newsitem>