<?xml version="1.0" encoding="UTF-8"?>

<newsitem date="1997-02-21" id="root" itemid="52731" xml:lang="pt">
<title></title>
<headline> Acções prevêem-se em queda com outras praças. </headline>
<byline></byline>
<dateline></dateline>
<text>
<p> As acções do Contínuo deverão abrir em queda, seguindo o sentimento negativo das outras praças, com a Portugal Telecom (PT) e Sonae Investimentos a reflectirem mais de perto este momento menos positivo, dada a sua exposição aos investidores estrangeiros. A Lisnave deverá voltar a cair. </p>
<p> - Paula Cordeiro, Lisboa Editorial, 351-1-3113125. </p>
<p> (c) Reuters Limited 1997. </p></text>
<copyright>(c) Reuters Limited 1997</copyright>
<metadata>
<codes class="bip:countries:1.0">
<code code="dndsZHhdkC">
<editdetail action="confirmed" attribution="Reuters BIP Coding Group" date="1997-02-21"></editdetail></code>
<code code="MfxQgvfGsk">
<editdetail action="confirmed" attribution="Reuters BIP Coding Group" date="1997-02-21"></editdetail></code>
<code code="zqhzeQbSSF">
<editdetail action="confirmed" attribution="Reuters BIP Coding Group" date="1997-02-21"></editdetail></code></codes>
<codes class="bip:topics:1.0">
<code code="PvhfnsqCyG">
<editdetail action="confirmed" attribution="Reuters BIP Coding Group" date="1997-02-21"></editdetail></code>
<code code="UdMsgPMDnw">
<editdetail action="confirmed" attribution="Reuters BIP Coding Group" date="1997-02-21"></editdetail></code></codes>
<dc element="dc.publisher" value="Reuters Holdings Plc"></dc>
<dc element="dc.datepublished" value="1997-02-21"></dc>
<dc element="dc.source" value="Reuters - Notícias em Português"></dc>
<dc element="dc.creator.location" value=""></dc>
<dc element="dc.creator.location.country.name" value=""></dc></metadata></newsitem>