<?xml version="1.0" encoding="UTF-8"?>

<newsitem date="1997-07-15" id="root" itemid="56227" xml:lang="pt">
<title></title>
<headline> Índice PSI20 cai 1,41 pct para 7.784,44 pontos. </headline>
<byline></byline>
<dateline></dateline>
<text>
<p> LISBOA, 15 Jul (Reuter) - O índice PSI20 caiu 1,41 pct ou 111,27 pontos para 7.784,44. </p>
<p> (c) Reuters Limited 1997. </p></text>
<copyright>(c) Reuters Limited 1997</copyright>
<metadata>
<codes class="bip:countries:1.0">
<code code="zqmHcolpCn">
<editdetail action="confirmed" attribution="Reuters BIP Coding Group" date="1997-07-15"></editdetail></code>
<code code="wELFVVQbpz">
<editdetail action="confirmed" attribution="Reuters BIP Coding Group" date="1997-07-15"></editdetail></code>
<code code="kYQNhKJmpK">
<editdetail action="confirmed" attribution="Reuters BIP Coding Group" date="1997-07-15"></editdetail></code></codes>
<codes class="bip:topics:1.0">
<code code="CqYKPOdlAX">
<editdetail action="confirmed" attribution="Reuters BIP Coding Group" date="1997-07-15"></editdetail></code>
<code code="RaBtPPkjCP">
<editdetail action="confirmed" attribution="Reuters BIP Coding Group" date="1997-07-15"></editdetail></code></codes>
<dc element="dc.publisher" value="Reuters Holdings Plc"></dc>
<dc element="dc.datepublished" value="1997-07-15"></dc>
<dc element="dc.source" value="Reuters - Notícias em Português"></dc>
<dc element="dc.creator.location" value=""></dc>
<dc element="dc.creator.location.country.name" value=""></dc></metadata></newsitem>