<?xml version="1.0" encoding="UTF-8"?>

<newsitem date="1996-10-17" id="root" itemid="49866" xml:lang="pt">
<title></title>
<headline> ESCUDO FECHA FORTE VS MARCO E COM LEBED A AJUDAR. </headline>
<byline></byline>
<dateline></dateline>
<text>
<p> O escudo fechou forte contra o marco, numa sessão que voltou a ser dominada por muito muito movimento e alguma volatilidade. A demissão de Alexander Lebed fez o marco cair e disso se aproveitaram o dólar e as moedas do sul da Europa. Dealers admitem que o escudo possa continuar firme. </p>
<p> (c) Reuters Limited 1996. </p></text>
<copyright>(c) Reuters Limited 1996</copyright>
<metadata>
<codes class="bip:countries:1.0">
<code code="dqWLxAiIJE">
<editdetail action="confirmed" attribution="Reuters BIP Coding Group" date="1996-10-17"></editdetail></code>
<code code="rgDPGvBqBI">
<editdetail action="confirmed" attribution="Reuters BIP Coding Group" date="1996-10-17"></editdetail></code>
<code code="dlpuKRVWbm">
<editdetail action="confirmed" attribution="Reuters BIP Coding Group" date="1996-10-17"></editdetail></code></codes>
<codes class="bip:topics:1.0">
<code code="HkpXSKnPBF">
<editdetail action="confirmed" attribution="Reuters BIP Coding Group" date="1996-10-17"></editdetail></code>
<code code="qexmkVVDmn">
<editdetail action="confirmed" attribution="Reuters BIP Coding Group" date="1996-10-17"></editdetail></code>
<code code="snzOxBZNQC">
<editdetail action="confirmed" attribution="Reuters BIP Coding Group" date="1996-10-17"></editdetail></code></codes>
<dc element="dc.publisher" value="Reuters Holdings Plc"></dc>
<dc element="dc.datepublished" value="1996-10-17"></dc>
<dc element="dc.source" value="Reuters - Notícias em Português"></dc>
<dc element="dc.creator.location" value=""></dc>
<dc element="dc.creator.location.country.name" value=""></dc></metadata></newsitem>