<?xml version="1.0" encoding="UTF-8"?>

<newsitem date="1996-11-11" id="root" itemid="50428" xml:lang="pt">
<title></title>
<headline> CAMIÃO VOLTA-SE PONTE TEJO, TRÂNSITO RESTABELECIDO. </headline>
<byline></byline>
<dateline></dateline>
<text>
<p> LISBOA, 11 Nov (Reuter) - O atrelado de um veículo pesado voltou-se, esta manhã, no tabuleiro da ponte 25 de Abril, no sentido norte-sul, afectando a circulação até às 1130 horas, disse fonte da Brigada de Trânsito da Guarda Nacional Republicana (GNR). </p>
<p> &quot;A circulação normal foi retomada às 1130 horas, após a remoção do atrelado&quot;, disse a mesma fonte, que esclareceu não ter havido feridos deste acidente. </p>
<p> O atrelado, carregado de esferovite voltou-se cerca das 1045 horas. </p>
<p> - Lisboa Editorial, 351.1.3113121. </p>
<p> (c) Reuters Limited 1996. </p></text>
<copyright>(c) Reuters Limited 1996</copyright>
<metadata>
<codes class="bip:countries:1.0">
<code code="zhjHJmRDnc">
<editdetail action="confirmed" attribution="Reuters BIP Coding Group" date="1996-11-11"></editdetail></code>
<code code="veTRdNzLKZ">
<editdetail action="confirmed" attribution="Reuters BIP Coding Group" date="1996-11-11"></editdetail></code>
<code code="EgwtSCrJLb">
<editdetail action="confirmed" attribution="Reuters BIP Coding Group" date="1996-11-11"></editdetail></code></codes>
<codes class="bip:topics:1.0">
<code code="UjQzPEPkRJ">
<editdetail action="confirmed" attribution="Reuters BIP Coding Group" date="1996-11-11"></editdetail></code></codes>
<dc element="dc.publisher" value="Reuters Holdings Plc"></dc>
<dc element="dc.datepublished" value="1996-11-11"></dc>
<dc element="dc.source" value="Reuters - Notícias em Português"></dc>
<dc element="dc.creator.location" value=""></dc>
<dc element="dc.creator.location.country.name" value=""></dc></metadata></newsitem>