<?xml version="1.0" encoding="UTF-8"?>

<newsitem date="1996-11-27" id="root" itemid="50823" xml:lang="pt">
<title></title>
<headline> ESCUDO ABRE ESTABILIZADO VS MARCO EM SESSÃO CALMA. </headline>
<byline></byline>
<dateline></dateline>
<text>
<p> O escudo abriu calmo e estabilizado junto aos 101,00 por marco, numa sessão que se prevê sem grandes interesses, até porque vão sair hoje uma série de indicadores americanos e amanhã é feriado nos Estados Unidos. </p>
<p> (c) Reuters Limited 1996. </p></text>
<copyright>(c) Reuters Limited 1996</copyright>
<metadata>
<codes class="bip:countries:1.0">
<code code="CcnJBTvccU">
<editdetail action="confirmed" attribution="Reuters BIP Coding Group" date="1996-11-27"></editdetail></code>
<code code="AoUmShGmVx">
<editdetail action="confirmed" attribution="Reuters BIP Coding Group" date="1996-11-27"></editdetail></code>
<code code="hSRKDzPvaw">
<editdetail action="confirmed" attribution="Reuters BIP Coding Group" date="1996-11-27"></editdetail></code></codes>
<codes class="bip:topics:1.0">
<code code="QQTfCcoHgC">
<editdetail action="confirmed" attribution="Reuters BIP Coding Group" date="1996-11-27"></editdetail></code>
<code code="bmzaihQRCr">
<editdetail action="confirmed" attribution="Reuters BIP Coding Group" date="1996-11-27"></editdetail></code>
<code code="xbLHDihFxC">
<editdetail action="confirmed" attribution="Reuters BIP Coding Group" date="1996-11-27"></editdetail></code></codes>
<dc element="dc.publisher" value="Reuters Holdings Plc"></dc>
<dc element="dc.datepublished" value="1996-11-27"></dc>
<dc element="dc.source" value="Reuters - Notícias em Português"></dc>
<dc element="dc.creator.location" value=""></dc>
<dc element="dc.creator.location.country.name" value=""></dc></metadata></newsitem>