<?xml version="1.0" encoding="UTF-8"?>

<newsitem date="1997-07-10" id="root" itemid="56086" xml:lang="pt">
<title></title>
<headline> Jovem electrocutado 2da feira morre Santa Maria. </headline>
<byline></byline>
<dateline></dateline>
<text>
<p> LISBOA, 10 Jul (Reuters) - O jovem Ruben Cunha, de 12 anos, que segunda-feira foi electrocutado ao accionar um semáforo para peões no Campo Grande, faleceu hoje cerca das 1500 horas locais, no Hospital de Santa Maria, disse uma fonte hospitalar. </p>
<p> Silva Sequeira, responsável da urgência de pediatria de Santa Maria, afirmou que a morte do jovem foi provocada por graves lesões cerebrais e paragem cardio-respiratória. </p>
<p> - Lisboa Editorial, 351.1.3113121. </p>
<p> (c) Reuters Limited 1997. </p></text>
<copyright>(c) Reuters Limited 1997</copyright>
<metadata>
<codes class="bip:countries:1.0">
<code code="OLaAZHiElU">
<editdetail action="confirmed" attribution="Reuters BIP Coding Group" date="1997-07-10"></editdetail></code>
<code code="MMFKdIaoOF">
<editdetail action="confirmed" attribution="Reuters BIP Coding Group" date="1997-07-10"></editdetail></code>
<code code="DOryeYSrLZ">
<editdetail action="confirmed" attribution="Reuters BIP Coding Group" date="1997-07-10"></editdetail></code></codes>
<codes class="bip:topics:1.0">
<code code="JAHqKAhvAR">
<editdetail action="confirmed" attribution="Reuters BIP Coding Group" date="1997-07-10"></editdetail></code></codes>
<dc element="dc.publisher" value="Reuters Holdings Plc"></dc>
<dc element="dc.datepublished" value="1997-07-10"></dc>
<dc element="dc.source" value="Reuters - Notícias em Português"></dc>
<dc element="dc.creator.location" value=""></dc>
<dc element="dc.creator.location.country.name" value=""></dc></metadata></newsitem>