<?xml version="1.0" encoding="UTF-8"?>

<newsitem date="1997-01-21" id="root" itemid="51956" xml:lang="pt">
<title></title>
<headline> MONETÁRIO ABRE CALMO, TENDÊNCIA QUEDA COM ALEMANHA. </headline>
<byline></byline>
<dateline></dateline>
<text>
<p> O mercado monetário do escudo abriu calmo, sem muito movimento, mas com os derivados a mostrar uma tendência de descida de taxas, depois de o indicador de confiança empresarial alemão &apos;IFO&apos; ter descido em Dezembro, o que aumentou as expectativas de um corte da repo alemã na próxima quinta-feira. </p>
<p> (c) Reuters Limited 1997. </p></text>
<copyright>(c) Reuters Limited 1997</copyright>
<metadata>
<codes class="bip:countries:1.0">
<code code="YXXEvmcqez">
<editdetail action="confirmed" attribution="Reuters BIP Coding Group" date="1997-01-21"></editdetail></code>
<code code="laBhCwZIPW">
<editdetail action="confirmed" attribution="Reuters BIP Coding Group" date="1997-01-21"></editdetail></code>
<code code="LFMbazcIEr">
<editdetail action="confirmed" attribution="Reuters BIP Coding Group" date="1997-01-21"></editdetail></code></codes>
<codes class="bip:topics:1.0">
<code code="zKrYAOmgqA">
<editdetail action="confirmed" attribution="Reuters BIP Coding Group" date="1997-01-21"></editdetail></code>
<code code="zjeISBGzmY">
<editdetail action="confirmed" attribution="Reuters BIP Coding Group" date="1997-01-21"></editdetail></code></codes>
<dc element="dc.publisher" value="Reuters Holdings Plc"></dc>
<dc element="dc.datepublished" value="1997-01-21"></dc>
<dc element="dc.source" value="Reuters - Notícias em Português"></dc>
<dc element="dc.creator.location" value=""></dc>
<dc element="dc.creator.location.country.name" value=""></dc></metadata></newsitem>