<?xml version="1.0" encoding="UTF-8"?>

<newsitem date="1996-12-12" id="root" itemid="51187" xml:lang="pt">
<title></title>
<headline> ESCUDO ABRE DESLIZAR CONTRA MARCO E ATENTO DÓLAR. </headline>
<byline></byline>
<dateline></dateline>
<text>
<p> O escudo abriu com alguns interesses compradores de marcos, centrado-se junto dos 101,00 por marco. Dealers dizem que o marco-escudo se deverá mostrar calmo ao longo da sessão, num range entre 100,95 e 101,10, e atento aos movimentos do dólar, que voltou a ser transaccionado acima dos 1,54 marcos. </p>
<p> (c) Reuters Limited 1996. </p></text>
<copyright>(c) Reuters Limited 1996</copyright>
<metadata>
<codes class="bip:countries:1.0">
<code code="KscaBrjPPN">
<editdetail action="confirmed" attribution="Reuters BIP Coding Group" date="1996-12-12"></editdetail></code>
<code code="kFUkggfGyF">
<editdetail action="confirmed" attribution="Reuters BIP Coding Group" date="1996-12-12"></editdetail></code>
<code code="rwtImebqlI">
<editdetail action="confirmed" attribution="Reuters BIP Coding Group" date="1996-12-12"></editdetail></code></codes>
<codes class="bip:topics:1.0">
<code code="POrXlAwebm">
<editdetail action="confirmed" attribution="Reuters BIP Coding Group" date="1996-12-12"></editdetail></code>
<code code="mosiLzrCWn">
<editdetail action="confirmed" attribution="Reuters BIP Coding Group" date="1996-12-12"></editdetail></code>
<code code="nwFssSpJNL">
<editdetail action="confirmed" attribution="Reuters BIP Coding Group" date="1996-12-12"></editdetail></code></codes>
<dc element="dc.publisher" value="Reuters Holdings Plc"></dc>
<dc element="dc.datepublished" value="1996-12-12"></dc>
<dc element="dc.source" value="Reuters - Notícias em Português"></dc>
<dc element="dc.creator.location" value=""></dc>
<dc element="dc.creator.location.country.name" value=""></dc></metadata></newsitem>