<?xml version="1.0" encoding="UTF-8"?>

<newsitem date="1997-01-09" id="root" itemid="51681" xml:lang="pt">
<title></title>
<headline> MONETÁRIO ABRE CALMO, PRAZOS ESTÁVEIS. </headline>
<byline></byline>
<dateline></dateline>
<text>
<p> O mercado monetário do escudo abriu calmo, com mais liquidez no curto prazo, enquanto as taxas nos prazos estão estáveis face ao fecho de ontem e sem muito movimento, disseram operadores. Futuro Lisbor ainda não abriu. </p>
<p>  (c) Reuters Limited 1997. </p></text>
<copyright>(c) Reuters Limited 1997</copyright>
<metadata>
<codes class="bip:countries:1.0">
<code code="TnjSdNfsBO">
<editdetail action="confirmed" attribution="Reuters BIP Coding Group" date="1997-01-09"></editdetail></code>
<code code="VhUFYYkHSC">
<editdetail action="confirmed" attribution="Reuters BIP Coding Group" date="1997-01-09"></editdetail></code>
<code code="qWSpphwAMS">
<editdetail action="confirmed" attribution="Reuters BIP Coding Group" date="1997-01-09"></editdetail></code></codes>
<codes class="bip:topics:1.0">
<code code="rrlvonByCb">
<editdetail action="confirmed" attribution="Reuters BIP Coding Group" date="1997-01-09"></editdetail></code>
<code code="tUkIcyluTz">
<editdetail action="confirmed" attribution="Reuters BIP Coding Group" date="1997-01-09"></editdetail></code></codes>
<dc element="dc.publisher" value="Reuters Holdings Plc"></dc>
<dc element="dc.datepublished" value="1997-01-09"></dc>
<dc element="dc.source" value="Reuters - Notícias em Português"></dc>
<dc element="dc.creator.location" value=""></dc>
<dc element="dc.creator.location.country.name" value=""></dc></metadata></newsitem>