<?xml version="1.0" encoding="UTF-8"?>

<newsitem date="1997-02-12" id="root" itemid="52487" xml:lang="pt">
<title></title>
<headline> ACÇÕES PREVÊEM-SE EM ALTA, COM OLHOS NA TELECEL. </headline>
<byline></byline>
<dateline></dateline>
<text>
<p> As acções do Contínuo deverão abrir em alta, beneficiando da subida dos mercados externos com a ajuda do dólar, mas os olhos dos investidores vão estar na divulgação dos resultados de 1996 da Telecel hoje às 0930 horas locais e que repercussões terão na sua cotação, sendo possível arrastarem com a mesma tendência a outra empresa de telecomunicações, a Portugal Telecom (PT). </p>
<p> - Paula Cordeiro, Lisboa Editorial, 351-1-3113125. </p>
<p> (c) Reuters Limited 1997. </p></text>
<copyright>(c) Reuters Limited 1997</copyright>
<metadata>
<codes class="bip:countries:1.0">
<code code="KhIixyCqFq">
<editdetail action="confirmed" attribution="Reuters BIP Coding Group" date="1997-02-12"></editdetail></code>
<code code="OdaNsYcTIv">
<editdetail action="confirmed" attribution="Reuters BIP Coding Group" date="1997-02-12"></editdetail></code>
<code code="CsDnCuFdbR">
<editdetail action="confirmed" attribution="Reuters BIP Coding Group" date="1997-02-12"></editdetail></code></codes>
<codes class="bip:topics:1.0">
<code code="riTQGpgaMa">
<editdetail action="confirmed" attribution="Reuters BIP Coding Group" date="1997-02-12"></editdetail></code>
<code code="gZJirYhVWt">
<editdetail action="confirmed" attribution="Reuters BIP Coding Group" date="1997-02-12"></editdetail></code></codes>
<dc element="dc.publisher" value="Reuters Holdings Plc"></dc>
<dc element="dc.datepublished" value="1997-02-12"></dc>
<dc element="dc.source" value="Reuters - Notícias em Português"></dc>
<dc element="dc.creator.location" value=""></dc>
<dc element="dc.creator.location.country.name" value=""></dc></metadata></newsitem>