<?xml version="1.0" encoding="UTF-8"?>

<newsitem date="1997-02-06" id="root" itemid="52388" xml:lang="pt">
<title></title>
<headline> ACÇÕES PREVÊEM-SE EM ALTA, DESTAQUE TELECOMUNICAÇÕES. </headline>
<byline></byline>
<dateline></dateline>
<text>
<p> As acções do Contínuo deverão abrir em alta, devendo as telecomunicações continuar a destacar-se, embora não sejam de excluir algumas mais valias depois das fortes subidas de ontem. Dúvidas sobre a influência do fecho em baixa de Nova Iorque, ainda que o dólar esteja a subir. PT deve subir com notícia dos resultados e recomendação da SG Warburg. </p>
<p> (c) Reuters Limited 1997. </p></text>
<copyright>(c) Reuters Limited 1997</copyright>
<metadata>
<codes class="bip:countries:1.0">
<code code="HuCImHNVHN">
<editdetail action="confirmed" attribution="Reuters BIP Coding Group" date="1997-02-06"></editdetail></code>
<code code="cMPqqkmniJ">
<editdetail action="confirmed" attribution="Reuters BIP Coding Group" date="1997-02-06"></editdetail></code>
<code code="DDJPycwUhU">
<editdetail action="confirmed" attribution="Reuters BIP Coding Group" date="1997-02-06"></editdetail></code></codes>
<codes class="bip:topics:1.0">
<code code="hMqIovPVZu">
<editdetail action="confirmed" attribution="Reuters BIP Coding Group" date="1997-02-06"></editdetail></code>
<code code="vLkTkEhGxb">
<editdetail action="confirmed" attribution="Reuters BIP Coding Group" date="1997-02-06"></editdetail></code></codes>
<dc element="dc.publisher" value="Reuters Holdings Plc"></dc>
<dc element="dc.datepublished" value="1997-02-06"></dc>
<dc element="dc.source" value="Reuters - Notícias em Português"></dc>
<dc element="dc.creator.location" value=""></dc>
<dc element="dc.creator.location.country.name" value=""></dc></metadata></newsitem>