<?xml version="1.0" encoding="UTF-8"?>

<newsitem date="1997-06-17" id="root" itemid="55451" xml:lang="pt">
<title></title>
<headline> Divulgação IPC Maio prevista 1500 horas locais. </headline>
<byline></byline>
<dateline></dateline>
<text>
<p> LISBOA, 17 Jun (Reuter) - A divulgação do Índice de Preços no Consumidor (IPC) de Maio está prevista para as 1500 horas locais (1400 TMG), disse fonte oficial do Instituto Nacional de Estatística (INE). </p>
<p> - Lisboa Editorial, 351.1.311.31.26. </p>
<p> (c) Reuters Limited 1997. </p></text>
<copyright>(c) Reuters Limited 1997</copyright>
<metadata>
<codes class="bip:countries:1.0">
<code code="jTSwOhzqxd">
<editdetail action="confirmed" attribution="Reuters BIP Coding Group" date="1997-06-17"></editdetail></code>
<code code="eEivlEVzVm">
<editdetail action="confirmed" attribution="Reuters BIP Coding Group" date="1997-06-17"></editdetail></code>
<code code="TtVNWKWtnR">
<editdetail action="confirmed" attribution="Reuters BIP Coding Group" date="1997-06-17"></editdetail></code></codes>
<codes class="bip:topics:1.0">
<code code="bXTgxzqmYW">
<editdetail action="confirmed" attribution="Reuters BIP Coding Group" date="1997-06-17"></editdetail></code>
<code code="uNGeuPiGFb">
<editdetail action="confirmed" attribution="Reuters BIP Coding Group" date="1997-06-17"></editdetail></code>
<code code="nRdWzyRbDs">
<editdetail action="confirmed" attribution="Reuters BIP Coding Group" date="1997-06-17"></editdetail></code></codes>
<dc element="dc.publisher" value="Reuters Holdings Plc"></dc>
<dc element="dc.datepublished" value="1997-06-17"></dc>
<dc element="dc.source" value="Reuters - Notícias em Português"></dc>
<dc element="dc.creator.location" value=""></dc>
<dc element="dc.creator.location.country.name" value=""></dc></metadata></newsitem>