<?xml version="1.0" encoding="UTF-8"?>

<newsitem date="1996-11-07" id="root" itemid="50382" xml:lang="pt">
<title></title>
<headline> TRÂNSITO CORTADO MARQUÊS POMBAL POR INCÊNDIO CÂMARA. </headline>
<byline></byline>
<dateline></dateline>
<text>
<p> LISBOA, 7 Nov (Reuter) - O trânsito automóvel foi cortado a partir do Marquês de Pombal na direcção da baixa, devido ao incêndio que deflagrou hoje de manhã na Câmara Municipal de Lisboa, segundo fontes da PSP. </p>
<p> Todas as ruas que envolvem o edifício do município foram também cortadas ao trânsito. </p>
<p> Uma outra fonte disse, ainda, à Reuters que o incêndio já passou para o Ministério da Marinha. </p>
<p> - Lisboa Editorial, 351-1-3150035. </p>
<p> (c) Reuters Limited 1996. </p></text>
<copyright>(c) Reuters Limited 1996</copyright>
<metadata>
<codes class="bip:countries:1.0">
<code code="hnFBjdLCVa">
<editdetail action="confirmed" attribution="Reuters BIP Coding Group" date="1996-11-07"></editdetail></code>
<code code="IBukHuGubu">
<editdetail action="confirmed" attribution="Reuters BIP Coding Group" date="1996-11-07"></editdetail></code>
<code code="dOqrRMAyFa">
<editdetail action="confirmed" attribution="Reuters BIP Coding Group" date="1996-11-07"></editdetail></code></codes>
<codes class="bip:topics:1.0">
<code code="yBqNUdDxgS">
<editdetail action="confirmed" attribution="Reuters BIP Coding Group" date="1996-11-07"></editdetail></code></codes>
<dc element="dc.publisher" value="Reuters Holdings Plc"></dc>
<dc element="dc.datepublished" value="1996-11-07"></dc>
<dc element="dc.source" value="Reuters - Notícias em Português"></dc>
<dc element="dc.creator.location" value=""></dc>
<dc element="dc.creator.location.country.name" value=""></dc></metadata></newsitem>