<?xml version="1.0" encoding="UTF-8"?>

<newsitem date="1997-04-04" id="root" itemid="53716" xml:lang="pt">
<title></title>
<headline> Monetário abre curto prazo estável, longos deslizar. </headline>
<byline></byline>
<dateline></dateline>
<text>
<p> O mercado monetário do escudo abriu com as taxas no curto prazo estabilizadas e com os prazos a continuarem a ajustar em baixa, designadamente os três e seis meses. </p>
<p> - Lisboa Editorial, 351-1-311.31.26 </p>
<p> (c) Reuters Limited 1997. </p></text>
<copyright>(c) Reuters Limited 1997</copyright>
<metadata>
<codes class="bip:countries:1.0">
<code code="HyHPGQeCKz">
<editdetail action="confirmed" attribution="Reuters BIP Coding Group" date="1997-04-04"></editdetail></code>
<code code="SxPQdiFsBJ">
<editdetail action="confirmed" attribution="Reuters BIP Coding Group" date="1997-04-04"></editdetail></code>
<code code="GkgkgPWWVy">
<editdetail action="confirmed" attribution="Reuters BIP Coding Group" date="1997-04-04"></editdetail></code></codes>
<codes class="bip:topics:1.0">
<code code="dtiVIuQbkQ">
<editdetail action="confirmed" attribution="Reuters BIP Coding Group" date="1997-04-04"></editdetail></code>
<code code="tpDDIfmtBy">
<editdetail action="confirmed" attribution="Reuters BIP Coding Group" date="1997-04-04"></editdetail></code></codes>
<dc element="dc.publisher" value="Reuters Holdings Plc"></dc>
<dc element="dc.datepublished" value="1997-04-04"></dc>
<dc element="dc.source" value="Reuters - Notícias em Português"></dc>
<dc element="dc.creator.location" value=""></dc>
<dc element="dc.creator.location.country.name" value=""></dc></metadata></newsitem>