<?xml version="1.0" encoding="UTF-8"?>

<newsitem date="1996-12-30" id="root" itemid="51492" xml:lang="pt">
<title></title>
<headline> ACÇÕES PREVÊEM-SE COM REGISTOS FECHO 96 A DOMINAREM. </headline>
<byline></byline>
<dateline></dateline>
<text>
<p> As acções do Contínuo deverão abrir consolidadas em alta, dada a aproximação do final do ano e a subida das outras praças, com a liquidez a ser marcada pelos registos de fecho do ano, afirmaram operadores. Uma maior actividade deverá sentir-se nas &apos;blue-chips&apos;. Hoje é fecho do ano para os fundos de investimento mobiliário. - Paula Cordeiro, Lisboa Editorial, 351-1-3150035. (c) Reuters Limited 1996. </p></text>
<copyright>(c) Reuters Limited 1996</copyright>
<metadata>
<codes class="bip:countries:1.0">
<code code="uqZHgeoXen">
<editdetail action="confirmed" attribution="Reuters BIP Coding Group" date="1996-12-30"></editdetail></code>
<code code="eeaXldfCBS">
<editdetail action="confirmed" attribution="Reuters BIP Coding Group" date="1996-12-30"></editdetail></code>
<code code="SoHLsSUTMw">
<editdetail action="confirmed" attribution="Reuters BIP Coding Group" date="1996-12-30"></editdetail></code></codes>
<codes class="bip:topics:1.0">
<code code="WmHDCCweye">
<editdetail action="confirmed" attribution="Reuters BIP Coding Group" date="1996-12-30"></editdetail></code>
<code code="igEBgcjRZo">
<editdetail action="confirmed" attribution="Reuters BIP Coding Group" date="1996-12-30"></editdetail></code></codes>
<dc element="dc.publisher" value="Reuters Holdings Plc"></dc>
<dc element="dc.datepublished" value="1996-12-30"></dc>
<dc element="dc.source" value="Reuters - Notícias em Português"></dc>
<dc element="dc.creator.location" value=""></dc>
<dc element="dc.creator.location.country.name" value=""></dc></metadata></newsitem>