<?xml version="1.0" encoding="UTF-8"?>

<newsitem date="1996-12-17" id="root" itemid="51290" xml:lang="pt">
<title></title>
<headline> MONETÁRIO ABRE CALMO, PRAZOS ESTÁVEIS. </headline>
<byline></byline>
<dateline></dateline>
<text>
<p> O mercado monetário do escudo abriu calmo, sem muitas alterações em relação a ontem. Destaque para a cedência hoje de 35 milhões de contos de liquidez, depois da absorção ontem de 45,5 MC. (c) Reuters Limited 1996. </p></text>
<copyright>(c) Reuters Limited 1996</copyright>
<metadata>
<codes class="bip:countries:1.0">
<code code="soMtIUGmdE">
<editdetail action="confirmed" attribution="Reuters BIP Coding Group" date="1996-12-17"></editdetail></code>
<code code="DhLkVzcwKx">
<editdetail action="confirmed" attribution="Reuters BIP Coding Group" date="1996-12-17"></editdetail></code>
<code code="IPBnzxDtFY">
<editdetail action="confirmed" attribution="Reuters BIP Coding Group" date="1996-12-17"></editdetail></code></codes>
<codes class="bip:topics:1.0">
<code code="ioAEPbuikJ">
<editdetail action="confirmed" attribution="Reuters BIP Coding Group" date="1996-12-17"></editdetail></code>
<code code="HIuuKskRUj">
<editdetail action="confirmed" attribution="Reuters BIP Coding Group" date="1996-12-17"></editdetail></code></codes>
<dc element="dc.publisher" value="Reuters Holdings Plc"></dc>
<dc element="dc.datepublished" value="1996-12-17"></dc>
<dc element="dc.source" value="Reuters - Notícias em Português"></dc>
<dc element="dc.creator.location" value=""></dc>
<dc element="dc.creator.location.country.name" value=""></dc></metadata></newsitem>