<?xml version="1.0" encoding="UTF-8"?>

<newsitem date="1997-02-13" id="root" itemid="52520" xml:lang="pt">
<title></title>
<headline> ESCUDO ABRE DESLIZAR VS MARCO, PODE ACENTUAR QUEDA. </headline>
<byline></byline>
<dateline></dateline>
<text>
<p> O escudo abriu a deslizar contra o marco, com o mercado convicto de que o sentimento de queda da moeda portuguesa se possa prolongar ao longo da sessão, embora não além dos 100,60 por marco. </p>
<p> (c) Reuters Limited 1997. </p></text>
<copyright>(c) Reuters Limited 1997</copyright>
<metadata>
<codes class="bip:countries:1.0">
<code code="gNdXeyDbcV">
<editdetail action="confirmed" attribution="Reuters BIP Coding Group" date="1997-02-13"></editdetail></code>
<code code="krtYlCoqio">
<editdetail action="confirmed" attribution="Reuters BIP Coding Group" date="1997-02-13"></editdetail></code>
<code code="PaYpBUDWOG">
<editdetail action="confirmed" attribution="Reuters BIP Coding Group" date="1997-02-13"></editdetail></code></codes>
<codes class="bip:topics:1.0">
<code code="SaCNkJJECe">
<editdetail action="confirmed" attribution="Reuters BIP Coding Group" date="1997-02-13"></editdetail></code>
<code code="tPpuOZRYIb">
<editdetail action="confirmed" attribution="Reuters BIP Coding Group" date="1997-02-13"></editdetail></code>
<code code="GeUrahwDAp">
<editdetail action="confirmed" attribution="Reuters BIP Coding Group" date="1997-02-13"></editdetail></code></codes>
<dc element="dc.publisher" value="Reuters Holdings Plc"></dc>
<dc element="dc.datepublished" value="1997-02-13"></dc>
<dc element="dc.source" value="Reuters - Notícias em Português"></dc>
<dc element="dc.creator.location" value=""></dc>
<dc element="dc.creator.location.country.name" value=""></dc></metadata></newsitem>