<?xml version="1.0" encoding="UTF-8"?>

<newsitem date="1996-08-23" id="root" itemid="48388" xml:lang="pt">
<title></title>
<headline> PSI20 SOBE 0,23 PCT PARA 4.667,43 PONTOS. </headline>
<byline></byline>
<dateline></dateline>
<text>
<p> LISBOA, 23 Ago (Reuter) - O índice PSI20 da Bolsa de Valores de Lisboa (BVL) suniu 0,23 pct, ou 10,68 pontos, para 4.667,43. </p>
<p> (c) Reuters Limited 1996. </p></text>
<copyright>(c) Reuters Limited 1996</copyright>
<metadata>
<codes class="bip:countries:1.0">
<code code="AHOAMDwylA">
<editdetail action="confirmed" attribution="Reuters BIP Coding Group" date="1996-08-23"></editdetail></code>
<code code="nCIhzjwtKe">
<editdetail action="confirmed" attribution="Reuters BIP Coding Group" date="1996-08-23"></editdetail></code>
<code code="UPfYeuPoSr">
<editdetail action="confirmed" attribution="Reuters BIP Coding Group" date="1996-08-23"></editdetail></code></codes>
<codes class="bip:topics:1.0">
<code code="hCxUtbQhJq">
<editdetail action="confirmed" attribution="Reuters BIP Coding Group" date="1996-08-23"></editdetail></code>
<code code="kMLzRtvODE">
<editdetail action="confirmed" attribution="Reuters BIP Coding Group" date="1996-08-23"></editdetail></code></codes>
<dc element="dc.publisher" value="Reuters Holdings Plc"></dc>
<dc element="dc.datepublished" value="1996-08-23"></dc>
<dc element="dc.source" value="Reuters - Notícias em Português"></dc>
<dc element="dc.creator.location" value=""></dc>
<dc element="dc.creator.location.country.name" value=""></dc></metadata></newsitem>