<?xml version="1.0" encoding="UTF-8"?>

<newsitem date="1997-01-23" id="root" itemid="52018" xml:lang="pt">
<title></title>
<headline> MONETÁRIO ABRE CALMO E TAXAS ESTÁVEIS À ESPERA BUBA. </headline>
<byline></byline>
<dateline></dateline>
<text>
<p> O monetário abriu calmo e com as taxas estáveis aos níveis de fecho e com os FRA também muito parados e sem registarem alívios, num mercado que regista interesses tomadores de japoneses a partir dos seis meses e que está à espera da reunião do Buba, disseram dealers. (c) Reuters Limited 1997. </p></text>
<copyright>(c) Reuters Limited 1997</copyright>
<metadata>
<codes class="bip:countries:1.0">
<code code="NXASwzRZmG">
<editdetail action="confirmed" attribution="Reuters BIP Coding Group" date="1997-01-23"></editdetail></code>
<code code="bSwbXHFLqD">
<editdetail action="confirmed" attribution="Reuters BIP Coding Group" date="1997-01-23"></editdetail></code>
<code code="GMdWnVqsEd">
<editdetail action="confirmed" attribution="Reuters BIP Coding Group" date="1997-01-23"></editdetail></code></codes>
<codes class="bip:topics:1.0">
<code code="TXhBsrLpUu">
<editdetail action="confirmed" attribution="Reuters BIP Coding Group" date="1997-01-23"></editdetail></code>
<code code="YEXrTiMwBa">
<editdetail action="confirmed" attribution="Reuters BIP Coding Group" date="1997-01-23"></editdetail></code></codes>
<dc element="dc.publisher" value="Reuters Holdings Plc"></dc>
<dc element="dc.datepublished" value="1997-01-23"></dc>
<dc element="dc.source" value="Reuters - Notícias em Português"></dc>
<dc element="dc.creator.location" value=""></dc>
<dc element="dc.creator.location.country.name" value=""></dc></metadata></newsitem>