<?xml version="1.0" encoding="UTF-8"?>

<newsitem date="1997-01-21" id="root" itemid="51954" xml:lang="pt">
<title></title>
<headline> ACÇÕES PREVÊEM-SE SEM FORTES OSCILAÇÕES, GREENSPAN. </headline>
<byline></byline>
<dateline></dateline>
<text>
<p> As acções do Contínuo deverão abrir sem fortes oscilações, podendo surgir algumas mais-valias, com operadores a afirmarem que o discurso esta tarde de Alan Greenspan poderá gerar alguma expectativa. A queda das Bolsas europeias pode influenciar. Operadores prevêem que as acções do BTA voltem hoje a mostrar bastante liquidez, mas inferior a ontem. </p>
<p> (c) Reuters Limited 1997. </p></text>
<copyright>(c) Reuters Limited 1997</copyright>
<metadata>
<codes class="bip:countries:1.0">
<code code="lWnYqnmvjn">
<editdetail action="confirmed" attribution="Reuters BIP Coding Group" date="1997-01-21"></editdetail></code>
<code code="zAGNmzDiad">
<editdetail action="confirmed" attribution="Reuters BIP Coding Group" date="1997-01-21"></editdetail></code>
<code code="cJdwiXmJsX">
<editdetail action="confirmed" attribution="Reuters BIP Coding Group" date="1997-01-21"></editdetail></code></codes>
<codes class="bip:topics:1.0">
<code code="ryrFRSAlyl">
<editdetail action="confirmed" attribution="Reuters BIP Coding Group" date="1997-01-21"></editdetail></code>
<code code="uHccNvMcQC">
<editdetail action="confirmed" attribution="Reuters BIP Coding Group" date="1997-01-21"></editdetail></code></codes>
<dc element="dc.publisher" value="Reuters Holdings Plc"></dc>
<dc element="dc.datepublished" value="1997-01-21"></dc>
<dc element="dc.source" value="Reuters - Notícias em Português"></dc>
<dc element="dc.creator.location" value=""></dc>
<dc element="dc.creator.location.country.name" value=""></dc></metadata></newsitem>