<?xml version="1.0" encoding="UTF-8"?>

<newsitem date="1997-05-14" id="root" itemid="54640" xml:lang="pt">
<title></title>
<headline> Futuro PSI20 Mai97 sobe 15 pontos para 6.735. </headline>
<byline></byline>
<dateline></dateline>
<text>
<p> *Futuro PSI20 Mai97 (PSI20K7)sobe 15 pontos para 6.735 *BFE estável nos 2.615 escudos. Negociadas 19.700 *PI sobe 1 escudo para 1.244 com 5.700 papéis *Lisnave cai cinco escudos para 233 com 5.400 *Escudo 100,43/46 por marco contra 100,56/59 fecho ontem *Dólar 1,7046/56 marcos vs 1,6965/70 no fecho Europa *IPC Abril +0,2%, homólogo +1,8%, médio 3,1% </p>
<p> - Lisboa Editorial, 351-1-3113125. (c) Reuters Limited 1997. </p></text>
<copyright>(c) Reuters Limited 1997</copyright>
<metadata>
<codes class="bip:countries:1.0">
<code code="lxHNaHQOgh">
<editdetail action="confirmed" attribution="Reuters BIP Coding Group" date="1997-05-14"></editdetail></code>
<code code="yTyoRuKtVS">
<editdetail action="confirmed" attribution="Reuters BIP Coding Group" date="1997-05-14"></editdetail></code>
<code code="tYxDZwBMDV">
<editdetail action="confirmed" attribution="Reuters BIP Coding Group" date="1997-05-14"></editdetail></code></codes>
<codes class="bip:topics:1.0">
<code code="GQHSOoVTrA">
<editdetail action="confirmed" attribution="Reuters BIP Coding Group" date="1997-05-14"></editdetail></code>
<code code="wbAsTqoama">
<editdetail action="confirmed" attribution="Reuters BIP Coding Group" date="1997-05-14"></editdetail></code></codes>
<dc element="dc.publisher" value="Reuters Holdings Plc"></dc>
<dc element="dc.datepublished" value="1997-05-14"></dc>
<dc element="dc.source" value="Reuters - Notícias em Português"></dc>
<dc element="dc.creator.location" value=""></dc>
<dc element="dc.creator.location.country.name" value=""></dc></metadata></newsitem>