<?xml version="1.0" encoding="UTF-8"?>

<newsitem date="1996-10-16" id="root" itemid="49815" xml:lang="pt">
<title></title>
<headline> FUTURO PSI20 NOV96 CAI 10 PONTOS PARA 4.829. </headline>
<byline></byline>
<dateline></dateline>
<text>
<p> *Futuro PSI20 Nov96 (PSI20X6)cai p/4.829 pontos vs 4.839 fecho *Índice PSI-20 (.PSI20)cai 0,11 pct para 4.783,94 pontos *Cimpor cai 35 escudos para 3.240. Negociadas 23.600 *Lisnave cai 19 escudos para 400. Negociadas 20.100 *BESCL sobe 2 escudos para 2.630. Negociadas 16.100 *CPP cai 2 escudos para 1.520. Negociadas 5.200 *BPSM estável nos 1.020 escudos. Negociadas 3.200. </p>
<p> - Paula Cordeiro, Lisboa Editorial, 351-1-3150035. (c) Reuters Limited 1996. </p></text>
<copyright>(c) Reuters Limited 1996</copyright>
<metadata>
<codes class="bip:countries:1.0">
<code code="TYTGJpRgmV">
<editdetail action="confirmed" attribution="Reuters BIP Coding Group" date="1996-10-16"></editdetail></code>
<code code="MdpByXUhWp">
<editdetail action="confirmed" attribution="Reuters BIP Coding Group" date="1996-10-16"></editdetail></code>
<code code="jDTwBWWqcw">
<editdetail action="confirmed" attribution="Reuters BIP Coding Group" date="1996-10-16"></editdetail></code></codes>
<codes class="bip:topics:1.0">
<code code="cQZRDXeJnC">
<editdetail action="confirmed" attribution="Reuters BIP Coding Group" date="1996-10-16"></editdetail></code>
<code code="XfePiAAFDs">
<editdetail action="confirmed" attribution="Reuters BIP Coding Group" date="1996-10-16"></editdetail></code></codes>
<dc element="dc.publisher" value="Reuters Holdings Plc"></dc>
<dc element="dc.datepublished" value="1996-10-16"></dc>
<dc element="dc.source" value="Reuters - Notícias em Português"></dc>
<dc element="dc.creator.location" value=""></dc>
<dc element="dc.creator.location.country.name" value=""></dc></metadata></newsitem>