<?xml version="1.0" encoding="UTF-8"?>

<newsitem date="1997-08-18" id="root" itemid="57022" xml:lang="pt">
<title></title>
<headline> Índice PSI20 desce 184,37 pontos para 8.071,49. </headline>
<byline></byline>
<dateline></dateline>
<text>
<p> LISBOA, 18 Ago (Reuter) - O índice PSI20 está a descer 184,37 pontos para 8.071,49. </p>
<p> (c) Reuters Limited 1997. </p></text>
<copyright>(c) Reuters Limited 1997</copyright>
<metadata>
<codes class="bip:countries:1.0">
<code code="lceaDOySsC">
<editdetail action="confirmed" attribution="Reuters BIP Coding Group" date="1997-08-18"></editdetail></code>
<code code="zUSxIIZuOf">
<editdetail action="confirmed" attribution="Reuters BIP Coding Group" date="1997-08-18"></editdetail></code>
<code code="tCPkWFeNdj">
<editdetail action="confirmed" attribution="Reuters BIP Coding Group" date="1997-08-18"></editdetail></code></codes>
<codes class="bip:topics:1.0">
<code code="JrDJNGMRxZ">
<editdetail action="confirmed" attribution="Reuters BIP Coding Group" date="1997-08-18"></editdetail></code>
<code code="uTGkkrdONr">
<editdetail action="confirmed" attribution="Reuters BIP Coding Group" date="1997-08-18"></editdetail></code></codes>
<dc element="dc.publisher" value="Reuters Holdings Plc"></dc>
<dc element="dc.datepublished" value="1997-08-18"></dc>
<dc element="dc.source" value="Reuters - Notícias em Português"></dc>
<dc element="dc.creator.location" value=""></dc>
<dc element="dc.creator.location.country.name" value=""></dc></metadata></newsitem>