<?xml version="1.0" encoding="UTF-8"?>

<newsitem date="1997-06-16" id="root" itemid="55423" xml:lang="pt">
<title></title>
<headline> Índice PSI20 sobe 3,43 pct para 7.275,23 pontos. </headline>
<byline></byline>
<dateline></dateline>
<text>
<p> LISBOA, 16 Jun (Reuter) - O índice PSI20 subiu 244,48 pontos ou 3,43 pct para 7.375,23 pontos, tendo atingido o máximo do ano nos 7.375,62. </p>
<p> (c) Reuters Limited 1997. </p></text>
<copyright>(c) Reuters Limited 1997</copyright>
<metadata>
<codes class="bip:countries:1.0">
<code code="wshdsjlZUd">
<editdetail action="confirmed" attribution="Reuters BIP Coding Group" date="1997-06-16"></editdetail></code>
<code code="NPpGYNBFUw">
<editdetail action="confirmed" attribution="Reuters BIP Coding Group" date="1997-06-16"></editdetail></code>
<code code="kTtvNnWBpz">
<editdetail action="confirmed" attribution="Reuters BIP Coding Group" date="1997-06-16"></editdetail></code></codes>
<codes class="bip:topics:1.0">
<code code="UpXDEPoedO">
<editdetail action="confirmed" attribution="Reuters BIP Coding Group" date="1997-06-16"></editdetail></code>
<code code="GjBHaLrAts">
<editdetail action="confirmed" attribution="Reuters BIP Coding Group" date="1997-06-16"></editdetail></code></codes>
<dc element="dc.publisher" value="Reuters Holdings Plc"></dc>
<dc element="dc.datepublished" value="1997-06-16"></dc>
<dc element="dc.source" value="Reuters - Notícias em Português"></dc>
<dc element="dc.creator.location" value=""></dc>
<dc element="dc.creator.location.country.name" value=""></dc></metadata></newsitem>