<?xml version="1.0" encoding="UTF-8"?>

<newsitem date="1997-07-16" id="root" itemid="56271" xml:lang="pt">
<title></title>
<headline> Índice PSI20 sobe 1,08 pct para 7.868,42 pontos. </headline>
<byline></byline>
<dateline></dateline>
<text>
<p> LISBOA, 16 Jul (Reuter) - O índice PSI20 subiu 1,08 pct ou 83,98 pontos para 7.868,42. </p>
<p> (c) Reuters Limited 1997. </p></text>
<copyright>(c) Reuters Limited 1997</copyright>
<metadata>
<codes class="bip:countries:1.0">
<code code="eOJnYyUuGy">
<editdetail action="confirmed" attribution="Reuters BIP Coding Group" date="1997-07-16"></editdetail></code>
<code code="MiSatNNlVq">
<editdetail action="confirmed" attribution="Reuters BIP Coding Group" date="1997-07-16"></editdetail></code>
<code code="lkcZEneAxE">
<editdetail action="confirmed" attribution="Reuters BIP Coding Group" date="1997-07-16"></editdetail></code></codes>
<codes class="bip:topics:1.0">
<code code="DlUVJYBiau">
<editdetail action="confirmed" attribution="Reuters BIP Coding Group" date="1997-07-16"></editdetail></code>
<code code="GQIEGpBdzQ">
<editdetail action="confirmed" attribution="Reuters BIP Coding Group" date="1997-07-16"></editdetail></code></codes>
<dc element="dc.publisher" value="Reuters Holdings Plc"></dc>
<dc element="dc.datepublished" value="1997-07-16"></dc>
<dc element="dc.source" value="Reuters - Notícias em Português"></dc>
<dc element="dc.creator.location" value=""></dc>
<dc element="dc.creator.location.country.name" value=""></dc></metadata></newsitem>