<?xml version="1.0" encoding="UTF-8"?>

<newsitem date="1997-02-07" id="root" itemid="52419" xml:lang="pt">
<title></title>
<headline> ACÇÕES PREVÊEM-SE EM ALTA LIGEIRA, MAS COM CAUTELA. </headline>
<byline></byline>
<dateline></dateline>
<text>
<p> As acções do Contínuo deverão abrir em alta ligeira, seguindo o sentimento positivo dos mercados externos, mas uma correcção de certos papéis depois das fortes subidas também não é posta fora de questão. Os mercados poderão mostrar alguma cautela até à divulgação hoje do desemprego nos EUA. </p>
<p> - Paula Cordeiro, Lisboa Editorial, 351-1-3113125. </p>
<p> (c) Reuters Limited 1997. </p></text>
<copyright>(c) Reuters Limited 1997</copyright>
<metadata>
<codes class="bip:countries:1.0">
<code code="LURPsgywjB">
<editdetail action="confirmed" attribution="Reuters BIP Coding Group" date="1997-02-07"></editdetail></code>
<code code="HlWujrMvRx">
<editdetail action="confirmed" attribution="Reuters BIP Coding Group" date="1997-02-07"></editdetail></code>
<code code="HEsuBZpcJF">
<editdetail action="confirmed" attribution="Reuters BIP Coding Group" date="1997-02-07"></editdetail></code></codes>
<codes class="bip:topics:1.0">
<code code="AHKifQHfQP">
<editdetail action="confirmed" attribution="Reuters BIP Coding Group" date="1997-02-07"></editdetail></code>
<code code="OFBhDyyZYM">
<editdetail action="confirmed" attribution="Reuters BIP Coding Group" date="1997-02-07"></editdetail></code></codes>
<dc element="dc.publisher" value="Reuters Holdings Plc"></dc>
<dc element="dc.datepublished" value="1997-02-07"></dc>
<dc element="dc.source" value="Reuters - Notícias em Português"></dc>
<dc element="dc.creator.location" value=""></dc>
<dc element="dc.creator.location.country.name" value=""></dc></metadata></newsitem>