<?xml version="1.0" encoding="UTF-8"?>

<newsitem date="1997-02-19" id="root" itemid="52652" xml:lang="pt">
<title></title>
<headline> Acções prevêem alta ligeira suportadas Wall Street. </headline>
<byline></byline>
<dateline></dateline>
<text>
<p> As acções do Contínuo prevêem-se possam abrir em alta ligeira, suportadas pelo fecho em alta ontem em Nova Iorque e novamente com o sector das telecomunicações em destaque. Expectativa em relação às aberturas da Somague e da A. Silva e Silva depois do levantamentos pela CMVM das respectivas suspensões. </p>
<p> - Lisboa Editorial, 351-1-3113125. </p>
<p> (c) Reuters Limited 1997. </p></text>
<copyright>(c) Reuters Limited 1997</copyright>
<metadata>
<codes class="bip:countries:1.0">
<code code="NEmwbxXnqa">
<editdetail action="confirmed" attribution="Reuters BIP Coding Group" date="1997-02-19"></editdetail></code>
<code code="BSelGXvKcN">
<editdetail action="confirmed" attribution="Reuters BIP Coding Group" date="1997-02-19"></editdetail></code>
<code code="vSnbiOUoXg">
<editdetail action="confirmed" attribution="Reuters BIP Coding Group" date="1997-02-19"></editdetail></code></codes>
<codes class="bip:topics:1.0">
<code code="lmYtoOKCEf">
<editdetail action="confirmed" attribution="Reuters BIP Coding Group" date="1997-02-19"></editdetail></code>
<code code="lMzpKnwWqg">
<editdetail action="confirmed" attribution="Reuters BIP Coding Group" date="1997-02-19"></editdetail></code></codes>
<dc element="dc.publisher" value="Reuters Holdings Plc"></dc>
<dc element="dc.datepublished" value="1997-02-19"></dc>
<dc element="dc.source" value="Reuters - Notícias em Português"></dc>
<dc element="dc.creator.location" value=""></dc>
<dc element="dc.creator.location.country.name" value=""></dc></metadata></newsitem>