<?xml version="1.0" encoding="UTF-8"?>

<newsitem date="1997-04-24" id="root" itemid="54246" xml:lang="pt">
<title></title>
<headline> BP cede, segunda sesão, 21,4 MC, TMP 6,3008 pct. </headline>
<byline></byline>
<dateline></dateline>
<text>
<p> LISBOA, 24 Abr (Reuter) - O Banco de Portugal (BP) cedeu 21,420 milhões de contos (MC) de liquidez em segunda sessão de cedência, a quatro dias, tendo a taxa média saido a 6,3008 pct. </p>
<p> A taxa mínima foi de 6,30 pct. </p>
<p> Na primeira sessão, o banco central cedeu a totalidade dos 40 MC propostos a uma taxa média de 6,3247 pct, tendo a taxa mínima sido de 6,30 pct. </p>
<p> - Lisboa Editorial, 351.1.311.31.26. </p>
<p> (c) Reuters Limited 1997. </p></text>
<copyright>(c) Reuters Limited 1997</copyright>
<metadata>
<codes class="bip:countries:1.0">
<code code="gXiRBKWuak">
<editdetail action="confirmed" attribution="Reuters BIP Coding Group" date="1997-04-24"></editdetail></code>
<code code="BbyUIPqESV">
<editdetail action="confirmed" attribution="Reuters BIP Coding Group" date="1997-04-24"></editdetail></code>
<code code="JciROjJiWe">
<editdetail action="confirmed" attribution="Reuters BIP Coding Group" date="1997-04-24"></editdetail></code></codes>
<codes class="bip:topics:1.0">
<code code="aHsfpUZNiU">
<editdetail action="confirmed" attribution="Reuters BIP Coding Group" date="1997-04-24"></editdetail></code>
<code code="owTtzQRHLT">
<editdetail action="confirmed" attribution="Reuters BIP Coding Group" date="1997-04-24"></editdetail></code></codes>
<dc element="dc.publisher" value="Reuters Holdings Plc"></dc>
<dc element="dc.datepublished" value="1997-04-24"></dc>
<dc element="dc.source" value="Reuters - Notícias em Português"></dc>
<dc element="dc.creator.location" value=""></dc>
<dc element="dc.creator.location.country.name" value=""></dc></metadata></newsitem>