<?xml version="1.0" encoding="UTF-8"?>

<newsitem date="1997-01-28" id="root" itemid="52143" xml:lang="pt">
<title></title>
<headline> MONETÁRIO FECHA EM ALTA, FUTURO LISBOR ESTÁVEL. </headline>
<byline></byline>
<dateline></dateline>
<text>
<p> O mercado monetário do escudo fechou com as taxas no mercado &apos;cash&apos; em ligeira alta, segundo operadores influenciadas pela falta de liquidez originada com a compra de escudos por parte do banco central no mercado cambial. Referiram também interesses de não residentes na compra de escudos. </p>
<p> (Segue informação de mercado). </p>
<p> (c) Reuters Limited 1997. </p></text>
<copyright>(c) Reuters Limited 1997</copyright>
<metadata>
<codes class="bip:countries:1.0">
<code code="VjZOdtLftP">
<editdetail action="confirmed" attribution="Reuters BIP Coding Group" date="1997-01-28"></editdetail></code>
<code code="sHmcnWYvIo">
<editdetail action="confirmed" attribution="Reuters BIP Coding Group" date="1997-01-28"></editdetail></code>
<code code="ItZTuNuvND">
<editdetail action="confirmed" attribution="Reuters BIP Coding Group" date="1997-01-28"></editdetail></code></codes>
<codes class="bip:topics:1.0">
<code code="jFxhtDKOnJ">
<editdetail action="confirmed" attribution="Reuters BIP Coding Group" date="1997-01-28"></editdetail></code>
<code code="bOMzcODxkU">
<editdetail action="confirmed" attribution="Reuters BIP Coding Group" date="1997-01-28"></editdetail></code></codes>
<dc element="dc.publisher" value="Reuters Holdings Plc"></dc>
<dc element="dc.datepublished" value="1997-01-28"></dc>
<dc element="dc.source" value="Reuters - Notícias em Português"></dc>
<dc element="dc.creator.location" value=""></dc>
<dc element="dc.creator.location.country.name" value=""></dc></metadata></newsitem>