<?xml version="1.0" encoding="UTF-8"?>

<newsitem date="1997-08-12" id="root" itemid="56928" xml:lang="pt">
<title></title>
<headline> Governo faz balanço actividade administração pública. </headline>
<byline></byline>
<dateline></dateline>
<text>
<p> LISBOA, 12 Ago (Reuter) - O Governo faz amanhã um balanço da actividade na área da administração pública no período de Janeiro a Agosto deste ano, dissse fonte do gabinete do secretário de Estado da Administração Pública. </p>
<p> O titular da pasta, Fausto Correia, preside à apresentação, quem tem lugar às 1100 horas locais (1000 TMG). </p>
<p> - Lisboa Editorial, 351.1.311.31.26. </p>
<p> (c) Reuters Limited 1997. </p></text>
<copyright>(c) Reuters Limited 1997</copyright>
<metadata>
<codes class="bip:countries:1.0">
<code code="hwqddoCyqo">
<editdetail action="confirmed" attribution="Reuters BIP Coding Group" date="1997-08-12"></editdetail></code>
<code code="rCGeZxHXWc">
<editdetail action="confirmed" attribution="Reuters BIP Coding Group" date="1997-08-12"></editdetail></code>
<code code="SFJQcagWyJ">
<editdetail action="confirmed" attribution="Reuters BIP Coding Group" date="1997-08-12"></editdetail></code></codes>
<codes class="bip:topics:1.0">
<code code="wPzxhDiHEj">
<editdetail action="confirmed" attribution="Reuters BIP Coding Group" date="1997-08-12"></editdetail></code>
<code code="NeJFPsgIba">
<editdetail action="confirmed" attribution="Reuters BIP Coding Group" date="1997-08-12"></editdetail></code></codes>
<dc element="dc.publisher" value="Reuters Holdings Plc"></dc>
<dc element="dc.datepublished" value="1997-08-12"></dc>
<dc element="dc.source" value="Reuters - Notícias em Português"></dc>
<dc element="dc.creator.location" value=""></dc>
<dc element="dc.creator.location.country.name" value=""></dc></metadata></newsitem>