<?xml version="1.0" encoding="UTF-8"?>

<newsitem date="1996-11-15" id="root" itemid="50573" xml:lang="pt">
<title></title>
<headline> ÍNDICE PSI-20 CAI 0,03 PCT PARA 4.912,87 PONTOS. </headline>
<byline></byline>
<dateline></dateline>
<text>
<p> *Índice PSI-20 (.PSI20)cai 0,03 pct para 4.912,87 pontos *Cimpor sobe 1 escudo para 3.245. Negociadas 6.000 *Sonae Indústria sobe 26 esc p/1.227, com 1.900 *Reditus sobe 2 escudos para 475. Negociadas 1.100 *BTA estável nos 2.749 escudos. Negociadas 1.000 *BCP estável nos 1.985 escudos. Negociadas 700. </p>
<p> (c) Reuters Limited 1996. </p></text>
<copyright>(c) Reuters Limited 1996</copyright>
<metadata>
<codes class="bip:countries:1.0">
<code code="cDuTyiAsSV">
<editdetail action="confirmed" attribution="Reuters BIP Coding Group" date="1996-11-15"></editdetail></code>
<code code="ojhqIijbHS">
<editdetail action="confirmed" attribution="Reuters BIP Coding Group" date="1996-11-15"></editdetail></code>
<code code="GQuOJVeuqu">
<editdetail action="confirmed" attribution="Reuters BIP Coding Group" date="1996-11-15"></editdetail></code></codes>
<codes class="bip:topics:1.0">
<code code="iIAbUUsHWl">
<editdetail action="confirmed" attribution="Reuters BIP Coding Group" date="1996-11-15"></editdetail></code>
<code code="OqvYKEcJRR">
<editdetail action="confirmed" attribution="Reuters BIP Coding Group" date="1996-11-15"></editdetail></code></codes>
<dc element="dc.publisher" value="Reuters Holdings Plc"></dc>
<dc element="dc.datepublished" value="1996-11-15"></dc>
<dc element="dc.source" value="Reuters - Notícias em Português"></dc>
<dc element="dc.creator.location" value=""></dc>
<dc element="dc.creator.location.country.name" value=""></dc></metadata></newsitem>