<?xml version="1.0" encoding="UTF-8"?>

<newsitem date="1997-08-05" id="root" itemid="56773" xml:lang="pt">
<title></title>
<headline> Índice PSI20 sobe 0,55 pct para 8.121,64 pontos. </headline>
<byline></byline>
<dateline></dateline>
<text>
<p> LISBOA, 5 Ago (Reuter) - O índice PSI20 subiu 0,55 pct ou -,74 pontos para 8.121,64. Les bons dbou-Lisboa Editorial, 351.1.3113121. </p>
<p> (c) Reuters Limited 1997. </p></text>
<copyright>(c) Reuters Limited 1997</copyright>
<metadata>
<codes class="bip:countries:1.0">
<code code="woUknJekfq">
<editdetail action="confirmed" attribution="Reuters BIP Coding Group" date="1997-08-05"></editdetail></code>
<code code="JWiGiibrlg">
<editdetail action="confirmed" attribution="Reuters BIP Coding Group" date="1997-08-05"></editdetail></code>
<code code="RAWXPIfKdS">
<editdetail action="confirmed" attribution="Reuters BIP Coding Group" date="1997-08-05"></editdetail></code></codes>
<codes class="bip:topics:1.0">
<code code="JPAfIHHQXO">
<editdetail action="confirmed" attribution="Reuters BIP Coding Group" date="1997-08-05"></editdetail></code>
<code code="BkHLEwybIE">
<editdetail action="confirmed" attribution="Reuters BIP Coding Group" date="1997-08-05"></editdetail></code></codes>
<dc element="dc.publisher" value="Reuters Holdings Plc"></dc>
<dc element="dc.datepublished" value="1997-08-05"></dc>
<dc element="dc.source" value="Reuters - Notícias em Português"></dc>
<dc element="dc.creator.location" value=""></dc>
<dc element="dc.creator.location.country.name" value=""></dc></metadata></newsitem>