<?xml version="1.0" encoding="UTF-8"?>

<newsitem date="1997-07-25" id="root" itemid="56520" xml:lang="pt">
<title></title>
<headline> Futuro OT Set97 abre cair 0,24 pontos para 110,95. </headline>
<byline></byline>
<dateline></dateline>
<text>
<p> LISBOA, 25 Jul (Reuter) - O futuro sobre as OT a 10 anos com vencimento em Setembro de 1997 (BDPOTU7)abriu a cair 0,24 pontos para 110,95 com 75 contratos negociados. </p>
<p> - Lisboa Editorial, 351.1.3113121. </p>
<p> (c) Reuters Limited 1997. </p></text>
<copyright>(c) Reuters Limited 1997</copyright>
<metadata>
<codes class="bip:countries:1.0">
<code code="limMFdUXQt">
<editdetail action="confirmed" attribution="Reuters BIP Coding Group" date="1997-07-25"></editdetail></code>
<code code="rlofzPiMIp">
<editdetail action="confirmed" attribution="Reuters BIP Coding Group" date="1997-07-25"></editdetail></code>
<code code="ZrnaSOEQbq">
<editdetail action="confirmed" attribution="Reuters BIP Coding Group" date="1997-07-25"></editdetail></code></codes>
<codes class="bip:topics:1.0">
<code code="EuydxIfFnP">
<editdetail action="confirmed" attribution="Reuters BIP Coding Group" date="1997-07-25"></editdetail></code>
<code code="ndrmBFHvIA">
<editdetail action="confirmed" attribution="Reuters BIP Coding Group" date="1997-07-25"></editdetail></code></codes>
<dc element="dc.publisher" value="Reuters Holdings Plc"></dc>
<dc element="dc.datepublished" value="1997-07-25"></dc>
<dc element="dc.source" value="Reuters - Notícias em Português"></dc>
<dc element="dc.creator.location" value=""></dc>
<dc element="dc.creator.location.country.name" value=""></dc></metadata></newsitem>