<?xml version="1.0" encoding="UTF-8"?>

<newsitem date="1997-02-07" id="root" itemid="52423" xml:lang="pt">
<title></title>
<headline> MMI ABRE CALMO E COM CURTO ALIVIAR MUITO LEVEMENTE. </headline>
<byline></byline>
<dateline></dateline>
<text>
<p> O monetário abriu muito calmo e com o curto-prazo a aliviar tenuamente e sem actividade nos prazos, num mercado com liquidez estrutural, mas em que se nota, contudo, ainda alguma tensão latente dada a recente instabilidade cambial devido às dúvidas quanto à convergência para a UEM. </p>
<p> (c) Reuters Limited 1997. </p></text>
<copyright>(c) Reuters Limited 1997</copyright>
<metadata>
<codes class="bip:countries:1.0">
<code code="MgkMyJGQSX">
<editdetail action="confirmed" attribution="Reuters BIP Coding Group" date="1997-02-07"></editdetail></code>
<code code="XoFXYcyjAF">
<editdetail action="confirmed" attribution="Reuters BIP Coding Group" date="1997-02-07"></editdetail></code>
<code code="KAPRcmfolj">
<editdetail action="confirmed" attribution="Reuters BIP Coding Group" date="1997-02-07"></editdetail></code></codes>
<codes class="bip:topics:1.0">
<code code="quuNZgUsNk">
<editdetail action="confirmed" attribution="Reuters BIP Coding Group" date="1997-02-07"></editdetail></code>
<code code="NlRmxzDNwh">
<editdetail action="confirmed" attribution="Reuters BIP Coding Group" date="1997-02-07"></editdetail></code>
<code code="KQIgOGSTsq">
<editdetail action="confirmed" attribution="Reuters BIP Coding Group" date="1997-02-07"></editdetail></code></codes>
<dc element="dc.publisher" value="Reuters Holdings Plc"></dc>
<dc element="dc.datepublished" value="1997-02-07"></dc>
<dc element="dc.source" value="Reuters - Notícias em Português"></dc>
<dc element="dc.creator.location" value=""></dc>
<dc element="dc.creator.location.country.name" value=""></dc></metadata></newsitem>