<?xml version="1.0" encoding="UTF-8"?>

<newsitem date="1997-07-14" id="root" itemid="56172" xml:lang="pt">
<title></title>
<headline> Índice PSI20 cai 0,57 pct para 7.895,71 pontos. </headline>
<byline></byline>
<dateline></dateline>
<text>
<p> LISBOA, 14 Jul (Reuter) - O índice PSI20 caiu 0,57 pct ou 44,88 pontos para 7.895,71. </p>
<p> (c) Reuters Limited 1997. </p></text>
<copyright>(c) Reuters Limited 1997</copyright>
<metadata>
<codes class="bip:countries:1.0">
<code code="BpApYOtAPb">
<editdetail action="confirmed" attribution="Reuters BIP Coding Group" date="1997-07-14"></editdetail></code>
<code code="AnAvLVIPwy">
<editdetail action="confirmed" attribution="Reuters BIP Coding Group" date="1997-07-14"></editdetail></code>
<code code="DFugGEwZcz">
<editdetail action="confirmed" attribution="Reuters BIP Coding Group" date="1997-07-14"></editdetail></code></codes>
<codes class="bip:topics:1.0">
<code code="VwoHixxOqh">
<editdetail action="confirmed" attribution="Reuters BIP Coding Group" date="1997-07-14"></editdetail></code>
<code code="ulukSnAQmM">
<editdetail action="confirmed" attribution="Reuters BIP Coding Group" date="1997-07-14"></editdetail></code></codes>
<dc element="dc.publisher" value="Reuters Holdings Plc"></dc>
<dc element="dc.datepublished" value="1997-07-14"></dc>
<dc element="dc.source" value="Reuters - Notícias em Português"></dc>
<dc element="dc.creator.location" value=""></dc>
<dc element="dc.creator.location.country.name" value=""></dc></metadata></newsitem>