<?xml version="1.0" encoding="UTF-8"?>

<newsitem date="1996-09-20" id="root" itemid="49104" xml:lang="pt">
<title></title>
<headline> FUTURO OT10 DEZ96 ABRE 98,92 VERSUS 98,56 ANTERIOR[PT] </headline>
<byline></byline>
<dateline></dateline>
<text>
<p> *Futuro OT10 Dez96 sobe 0,37 pontos para 98,92 *Futuro Bono Dez/96 104,77 vs 104,47 fecho anterior *Bonos/Fev/05 com yield de 8,16 pct vs 8,23 pct fecho ontem </p>
<p> - Sérgio Gonçalves, Lisboa Editorial, 351-1-3150035 </p>
<p> (c) Reuters Limited 1996. </p></text>
<copyright>(c) Reuters Limited 1996</copyright>
<metadata>
<codes class="bip:countries:1.0">
<code code="DxRKzAvkpu">
<editdetail action="confirmed" attribution="Reuters BIP Coding Group" date="1996-09-20"></editdetail></code>
<code code="kcVWybDwhS">
<editdetail action="confirmed" attribution="Reuters BIP Coding Group" date="1996-09-20"></editdetail></code>
<code code="fOpMRaqjsh">
<editdetail action="confirmed" attribution="Reuters BIP Coding Group" date="1996-09-20"></editdetail></code></codes>
<codes class="bip:topics:1.0">
<code code="xuzHyemPhc">
<editdetail action="confirmed" attribution="Reuters BIP Coding Group" date="1996-09-20"></editdetail></code>
<code code="JGiLcunyhR">
<editdetail action="confirmed" attribution="Reuters BIP Coding Group" date="1996-09-20"></editdetail></code></codes>
<dc element="dc.publisher" value="Reuters Holdings Plc"></dc>
<dc element="dc.datepublished" value="1996-09-20"></dc>
<dc element="dc.source" value="Reuters - Notícias em Português"></dc>
<dc element="dc.creator.location" value=""></dc>
<dc element="dc.creator.location.country.name" value=""></dc></metadata></newsitem>