<?xml version="1.0" encoding="UTF-8"?>

<newsitem date="1996-11-14" id="root" itemid="50557" xml:lang="pt">
<title></title>
<headline> ÍNDICE PSI20 SOBE 0,11 PCT P/4.900,24, ATINGE MÁXIMO. </headline>
<byline></byline>
<dateline></dateline>
<text>
<p> LISBOA, 14 Nov (Reuter) - O índice PSI20 está a subir 0,11 pct para 4.900,24 pontos, depois de ter atingido o máximo do ano nos 4.901,39. </p>
<p> (c) Reuters Limited 1996. </p></text>
<copyright>(c) Reuters Limited 1996</copyright>
<metadata>
<codes class="bip:countries:1.0">
<code code="UbQHNcAoWI">
<editdetail action="confirmed" attribution="Reuters BIP Coding Group" date="1996-11-14"></editdetail></code>
<code code="JiDiHAkeyR">
<editdetail action="confirmed" attribution="Reuters BIP Coding Group" date="1996-11-14"></editdetail></code>
<code code="JwnCyPADxD">
<editdetail action="confirmed" attribution="Reuters BIP Coding Group" date="1996-11-14"></editdetail></code></codes>
<codes class="bip:topics:1.0">
<code code="dWailMnmch">
<editdetail action="confirmed" attribution="Reuters BIP Coding Group" date="1996-11-14"></editdetail></code>
<code code="KXmzpLsbJW">
<editdetail action="confirmed" attribution="Reuters BIP Coding Group" date="1996-11-14"></editdetail></code></codes>
<dc element="dc.publisher" value="Reuters Holdings Plc"></dc>
<dc element="dc.datepublished" value="1996-11-14"></dc>
<dc element="dc.source" value="Reuters - Notícias em Português"></dc>
<dc element="dc.creator.location" value=""></dc>
<dc element="dc.creator.location.country.name" value=""></dc></metadata></newsitem>