<?xml version="1.0" encoding="UTF-8"?>

<newsitem date="1996-11-21" id="root" itemid="50683" xml:lang="pt">
<title></title>
<headline> ACÇÕES PREVÊEM-SE LÍQUIDAS E FRACA VOLATILIDADE. </headline>
<byline></byline>
<dateline></dateline>
<text>
<p> As acções do Contínuo deverão hoje negociar com liquidez e com os preços sem grande volatilidade, prevendo-se a manutenção de interesse selectivo em PT, Engil e BPI, disseram dealers. </p>
<p> (c) Reuters Limited 1996. </p></text>
<copyright>(c) Reuters Limited 1996</copyright>
<metadata>
<codes class="bip:countries:1.0">
<code code="CZhqWGivwY">
<editdetail action="confirmed" attribution="Reuters BIP Coding Group" date="1996-11-21"></editdetail></code>
<code code="hpWkrIsiSZ">
<editdetail action="confirmed" attribution="Reuters BIP Coding Group" date="1996-11-21"></editdetail></code>
<code code="NrnsKaSmNq">
<editdetail action="confirmed" attribution="Reuters BIP Coding Group" date="1996-11-21"></editdetail></code></codes>
<codes class="bip:topics:1.0">
<code code="rfQhGNXsIS">
<editdetail action="confirmed" attribution="Reuters BIP Coding Group" date="1996-11-21"></editdetail></code>
<code code="pQtcbwveEm">
<editdetail action="confirmed" attribution="Reuters BIP Coding Group" date="1996-11-21"></editdetail></code></codes>
<dc element="dc.publisher" value="Reuters Holdings Plc"></dc>
<dc element="dc.datepublished" value="1996-11-21"></dc>
<dc element="dc.source" value="Reuters - Notícias em Português"></dc>
<dc element="dc.creator.location" value=""></dc>
<dc element="dc.creator.location.country.name" value=""></dc></metadata></newsitem>