<?xml version="1.0" encoding="UTF-8"?>

<newsitem date="1996-09-03" id="root" itemid="48605" xml:lang="pt">
<title></title>
<headline> ÍNDICE PSI20 CAI 0,10 PCT PARA 4.718,07 PONTOS. </headline>
<byline></byline>
<dateline></dateline>
<text>
<p> *Índice PSI20 cai 0,10 pct para 4.718,07 pontos *PI sobe 2 escudos para 1.031. Negociadas 18.300 *Somague sobe 12 escudos p/ 1.166. Negociadas 10.600 *Lisnave sobe 3 escudos para 306. Negociadas 6.200 *BCP cai 2 escudos para 1.807. Negociadas 1.300 *PT cai 18 escudos para 4.051. Negociadas 1.300 *Semapa sobe 15 escudos para 2.145. Negociadas 1.200 *Cimpor sobe 7 escudos para 3.434. Negociadas 1.040. </p></text>
<copyright>(c) Reuters Limited 1996</copyright>
<metadata>
<codes class="bip:countries:1.0">
<code code="wgBDNPjnaC">
<editdetail action="confirmed" attribution="Reuters BIP Coding Group" date="1996-09-03"></editdetail></code>
<code code="lfLjHViOfY">
<editdetail action="confirmed" attribution="Reuters BIP Coding Group" date="1996-09-03"></editdetail></code>
<code code="qCXGLJfmQR">
<editdetail action="confirmed" attribution="Reuters BIP Coding Group" date="1996-09-03"></editdetail></code></codes>
<codes class="bip:topics:1.0">
<code code="mYKRKLaEYU">
<editdetail action="confirmed" attribution="Reuters BIP Coding Group" date="1996-09-03"></editdetail></code>
<code code="hqNFyBMnKP">
<editdetail action="confirmed" attribution="Reuters BIP Coding Group" date="1996-09-03"></editdetail></code></codes>
<dc element="dc.publisher" value="Reuters Holdings Plc"></dc>
<dc element="dc.datepublished" value="1996-09-03"></dc>
<dc element="dc.source" value="Reuters - Notícias em Português"></dc>
<dc element="dc.creator.location" value=""></dc>
<dc element="dc.creator.location.country.name" value=""></dc></metadata></newsitem>