<?xml version="1.0" encoding="UTF-8"?>

<newsitem date="1996-12-19" id="root" itemid="51374" xml:lang="pt">
<title></title>
<headline> MONETÁRIO FECHA CALMO, PRAZOS MANTÊM ESPAÇO AJUSTE. </headline>
<byline></byline>
<dateline></dateline>
<text>
<p> O mercado monetário do escudo fechou calmo, após uma sessão sem muitos interesses, tendo reflectido os maiores ajustamento já ontem, logo após o Banco de Portugal ter cortado taxas. Dealers admitem que existe espaço para novos cortes de taxas directoras e que isso pode levar a mais ajustamentos em baixa nas taxas nos prazos. * o/n e tom/next em 6,65/6,70 pct, o mesmo da manhã - Fernanda Pargana, Lisboa Editorial, 351-1-311.31.26 </p>
<p> (c) Reuters Limited 1996. </p></text>
<copyright>(c) Reuters Limited 1996</copyright>
<metadata>
<codes class="bip:countries:1.0">
<code code="bemffuKfcx">
<editdetail action="confirmed" attribution="Reuters BIP Coding Group" date="1996-12-19"></editdetail></code>
<code code="cccabpNLjj">
<editdetail action="confirmed" attribution="Reuters BIP Coding Group" date="1996-12-19"></editdetail></code>
<code code="EGcqZxzgNb">
<editdetail action="confirmed" attribution="Reuters BIP Coding Group" date="1996-12-19"></editdetail></code></codes>
<codes class="bip:topics:1.0">
<code code="ugozvFuKvC">
<editdetail action="confirmed" attribution="Reuters BIP Coding Group" date="1996-12-19"></editdetail></code>
<code code="hnJUiJSkyU">
<editdetail action="confirmed" attribution="Reuters BIP Coding Group" date="1996-12-19"></editdetail></code></codes>
<dc element="dc.publisher" value="Reuters Holdings Plc"></dc>
<dc element="dc.datepublished" value="1996-12-19"></dc>
<dc element="dc.source" value="Reuters - Notícias em Português"></dc>
<dc element="dc.creator.location" value=""></dc>
<dc element="dc.creator.location.country.name" value=""></dc></metadata></newsitem>