<?xml version="1.0" encoding="UTF-8"?>

<newsitem date="1996-12-06" id="root" itemid="51049" xml:lang="pt">
<title></title>
<headline> ESCUDO FECHA ESTÁVEL VS MARCO EM SESSÃO VOLÁTIL. </headline>
<byline></byline>
<dateline></dateline>
<text>
<p> O escudo fechou estabilizado junto aos 101,00 por marco, numa sessão dominada pela volatilidade do marco-escudo, embora num range estreito. Dealers dizem que o escudo deverá continuar &apos;amarrado&apos; aos 101,00 por marco e com interesses equilibrados. </p>
<p> (c) Reuters Limited 1996. </p></text>
<copyright>(c) Reuters Limited 1996</copyright>
<metadata>
<codes class="bip:countries:1.0">
<code code="kMqFHbqGmF">
<editdetail action="confirmed" attribution="Reuters BIP Coding Group" date="1996-12-06"></editdetail></code>
<code code="VvSTPhPyWA">
<editdetail action="confirmed" attribution="Reuters BIP Coding Group" date="1996-12-06"></editdetail></code>
<code code="qPxsjqWMlE">
<editdetail action="confirmed" attribution="Reuters BIP Coding Group" date="1996-12-06"></editdetail></code></codes>
<codes class="bip:topics:1.0">
<code code="szoEuokXfp">
<editdetail action="confirmed" attribution="Reuters BIP Coding Group" date="1996-12-06"></editdetail></code>
<code code="ovCoUWMhwK">
<editdetail action="confirmed" attribution="Reuters BIP Coding Group" date="1996-12-06"></editdetail></code>
<code code="byCcxlseLy">
<editdetail action="confirmed" attribution="Reuters BIP Coding Group" date="1996-12-06"></editdetail></code></codes>
<dc element="dc.publisher" value="Reuters Holdings Plc"></dc>
<dc element="dc.datepublished" value="1996-12-06"></dc>
<dc element="dc.source" value="Reuters - Notícias em Português"></dc>
<dc element="dc.creator.location" value=""></dc>
<dc element="dc.creator.location.country.name" value=""></dc></metadata></newsitem>