<?xml version="1.0" encoding="UTF-8"?>

<newsitem date="1996-09-11" id="root" itemid="48825" xml:lang="pt">
<title></title>
<headline> FUTURO LISBOR 3 MESES DEZ/96 ABRE A 92,98 VS 92,97. </headline>
<byline></byline>
<dateline></dateline>
<text>
<p> *Futuro Lisbor 3 meses Set/97 abre 92,98 vs 92,97 </p>
<p> *Dólar 1,5099/02 marcos vs 1,5097/02 no fecho da Europa </p>
<p> *BP anuncia hoje condições cedência MMI próximo período </p>
<p> *BP cede até 20 MC, a um dia, em leilão e absorve a 6,8 pct </p>
<p> *Tesouro coloca 15 MC BT a 182 dias, TMP 7,0573% vs 7,0658%. </p>
<p> (c) Reuters Limited 1996. </p></text>
<copyright>(c) Reuters Limited 1996</copyright>
<metadata>
<codes class="bip:countries:1.0">
<code code="dCXOEqaDHY">
<editdetail action="confirmed" attribution="Reuters BIP Coding Group" date="1996-09-11"></editdetail></code>
<code code="fkAPLffrgn">
<editdetail action="confirmed" attribution="Reuters BIP Coding Group" date="1996-09-11"></editdetail></code>
<code code="kWXGMFfUpV">
<editdetail action="confirmed" attribution="Reuters BIP Coding Group" date="1996-09-11"></editdetail></code></codes>
<codes class="bip:topics:1.0">
<code code="rKvghBXyrc">
<editdetail action="confirmed" attribution="Reuters BIP Coding Group" date="1996-09-11"></editdetail></code>
<code code="qrKLeooytj">
<editdetail action="confirmed" attribution="Reuters BIP Coding Group" date="1996-09-11"></editdetail></code>
<code code="iCpfAKlVcw">
<editdetail action="confirmed" attribution="Reuters BIP Coding Group" date="1996-09-11"></editdetail></code></codes>
<dc element="dc.publisher" value="Reuters Holdings Plc"></dc>
<dc element="dc.datepublished" value="1996-09-11"></dc>
<dc element="dc.source" value="Reuters - Notícias em Português"></dc>
<dc element="dc.creator.location" value=""></dc>
<dc element="dc.creator.location.country.name" value=""></dc></metadata></newsitem>