<?xml version="1.0" encoding="UTF-8"?>

<newsitem date="1997-06-03" id="root" itemid="55157" xml:lang="pt">
<title></title>
<headline> Banco Portugal anuncia novas condições MMI 1235h (BPDQ). </headline>
<byline></byline>
<dateline></dateline>
<text>
<p> LISBOA, 3 Jun (Reuter) - O Banco de Portugal anuncia novas condições ao mercado monetário às 1235 horas locais, disse o banco central. </p>
<p> - Lisboa Editorial, 351.1.311.31.26. </p>
<p> (c) Reuters Limited 1997. </p></text>
<copyright>(c) Reuters Limited 1997</copyright>
<metadata>
<codes class="bip:countries:1.0">
<code code="diqNOjkwgE">
<editdetail action="confirmed" attribution="Reuters BIP Coding Group" date="1997-06-03"></editdetail></code>
<code code="oRrDhgGKSQ">
<editdetail action="confirmed" attribution="Reuters BIP Coding Group" date="1997-06-03"></editdetail></code>
<code code="dUYoEyomnL">
<editdetail action="confirmed" attribution="Reuters BIP Coding Group" date="1997-06-03"></editdetail></code></codes>
<codes class="bip:topics:1.0">
<code code="tlhpoqWFVE">
<editdetail action="confirmed" attribution="Reuters BIP Coding Group" date="1997-06-03"></editdetail></code>
<code code="iYoaWcOajT">
<editdetail action="confirmed" attribution="Reuters BIP Coding Group" date="1997-06-03"></editdetail></code>
<code code="TAivRIJtmr">
<editdetail action="confirmed" attribution="Reuters BIP Coding Group" date="1997-06-03"></editdetail></code></codes>
<dc element="dc.publisher" value="Reuters Holdings Plc"></dc>
<dc element="dc.datepublished" value="1997-06-03"></dc>
<dc element="dc.source" value="Reuters - Notícias em Português"></dc>
<dc element="dc.creator.location" value=""></dc>
<dc element="dc.creator.location.country.name" value=""></dc></metadata></newsitem>