<?xml version="1.0" encoding="UTF-8"?>

<newsitem date="1996-11-25" id="root" itemid="50754" xml:lang="pt">
<title></title>
<headline> ESCUDO APROXIMA-SE 101 POR MARCO MEIA SESSÃO. </headline>
<byline></byline>
<dateline></dateline>
<text>
<p> O escudo voltou a aproximar-se dos 101,00 por marco na meia sessão, segundo operadores depois de algum profit-taking após ter atingido os 100,85 por marco logo de manhã, mas, para já, não mostra vontade de tocar no nível dos 101,00. </p>
<p>     ---- Lisboa Editorial, 351.1.3113121. </p>
<p> (c) Reuters Limited 1996. </p></text>
<copyright>(c) Reuters Limited 1996</copyright>
<metadata>
<codes class="bip:countries:1.0">
<code code="oXQxMbVrGA">
<editdetail action="confirmed" attribution="Reuters BIP Coding Group" date="1996-11-25"></editdetail></code>
<code code="yrTYKPPxtl">
<editdetail action="confirmed" attribution="Reuters BIP Coding Group" date="1996-11-25"></editdetail></code>
<code code="WGklXCNwIN">
<editdetail action="confirmed" attribution="Reuters BIP Coding Group" date="1996-11-25"></editdetail></code></codes>
<codes class="bip:topics:1.0">
<code code="yssqSqZrkF">
<editdetail action="confirmed" attribution="Reuters BIP Coding Group" date="1996-11-25"></editdetail></code>
<code code="tKEHHUZnpV">
<editdetail action="confirmed" attribution="Reuters BIP Coding Group" date="1996-11-25"></editdetail></code>
<code code="KIxKTmaieA">
<editdetail action="confirmed" attribution="Reuters BIP Coding Group" date="1996-11-25"></editdetail></code></codes>
<dc element="dc.publisher" value="Reuters Holdings Plc"></dc>
<dc element="dc.datepublished" value="1996-11-25"></dc>
<dc element="dc.source" value="Reuters - Notícias em Português"></dc>
<dc element="dc.creator.location" value=""></dc>
<dc element="dc.creator.location.country.name" value=""></dc></metadata></newsitem>