<?xml version="1.0" encoding="UTF-8"?>

<newsitem date="1997-05-14" id="root" itemid="54656" xml:lang="pt">
<title></title>
<headline> Índice PSI20 sobe 0,13 pct para 6.739,05 pontos. </headline>
<byline></byline>
<dateline></dateline>
<text>
<p> LISBOA, 14 Mai (Reuter) - O índice PSI20 subiu 8,50 pontos ou 0,30 pct para 6.739,05 pontos. </p>
<p> (c) Reuters Limited 1997. </p></text>
<copyright>(c) Reuters Limited 1997</copyright>
<metadata>
<codes class="bip:countries:1.0">
<code code="sVzZfZMaAb">
<editdetail action="confirmed" attribution="Reuters BIP Coding Group" date="1997-05-14"></editdetail></code>
<code code="XIdFIYoJEQ">
<editdetail action="confirmed" attribution="Reuters BIP Coding Group" date="1997-05-14"></editdetail></code>
<code code="gwlVNoaLRm">
<editdetail action="confirmed" attribution="Reuters BIP Coding Group" date="1997-05-14"></editdetail></code></codes>
<codes class="bip:topics:1.0">
<code code="TevwfFtZgO">
<editdetail action="confirmed" attribution="Reuters BIP Coding Group" date="1997-05-14"></editdetail></code>
<code code="pROgWDveVM">
<editdetail action="confirmed" attribution="Reuters BIP Coding Group" date="1997-05-14"></editdetail></code></codes>
<dc element="dc.publisher" value="Reuters Holdings Plc"></dc>
<dc element="dc.datepublished" value="1997-05-14"></dc>
<dc element="dc.source" value="Reuters - Notícias em Português"></dc>
<dc element="dc.creator.location" value=""></dc>
<dc element="dc.creator.location.country.name" value=""></dc></metadata></newsitem>