<?xml version="1.0" encoding="UTF-8"?>

<newsitem date="1997-01-15" id="root" itemid="51808" xml:lang="pt">
<title></title>
<headline> MONETÁRIO ABRE NOVA QUEDA, BT TODOS ABAIXO DE 6,0%. </headline>
<byline></byline>
<dateline></dateline>
<text>
<p> O mercado monetário do escudo abriu com as taxas a voltarem a registar ligeira descida, influenciadas pela queda dos bilhetes do Tesouro a três meses e pela subida dos preços das obrigações. A expectativa da inflação deverá implicar que o movimento até lá não seja muito, disseram operadores. </p>
<p> - Fernanda Pargana, Lisboa Editorial, 351-1-311.31.26 </p>
<p> (c) Reuters Limited 1997. </p></text>
<copyright>(c) Reuters Limited 1997</copyright>
<metadata>
<codes class="bip:countries:1.0">
<code code="CTxLBVKSLG">
<editdetail action="confirmed" attribution="Reuters BIP Coding Group" date="1997-01-15"></editdetail></code>
<code code="OjIamDLXSj">
<editdetail action="confirmed" attribution="Reuters BIP Coding Group" date="1997-01-15"></editdetail></code>
<code code="rRWGLcuQoQ">
<editdetail action="confirmed" attribution="Reuters BIP Coding Group" date="1997-01-15"></editdetail></code></codes>
<codes class="bip:topics:1.0">
<code code="dhUhKATxPI">
<editdetail action="confirmed" attribution="Reuters BIP Coding Group" date="1997-01-15"></editdetail></code>
<code code="OqtKnNMnJX">
<editdetail action="confirmed" attribution="Reuters BIP Coding Group" date="1997-01-15"></editdetail></code></codes>
<dc element="dc.publisher" value="Reuters Holdings Plc"></dc>
<dc element="dc.datepublished" value="1997-01-15"></dc>
<dc element="dc.source" value="Reuters - Notícias em Português"></dc>
<dc element="dc.creator.location" value=""></dc>
<dc element="dc.creator.location.country.name" value=""></dc></metadata></newsitem>