<?xml version="1.0" encoding="UTF-8"?>

<newsitem date="1997-07-18" id="root" itemid="56349" xml:lang="pt">
<title></title>
<headline> Índice PSI20 cai 1,20 pct para 7.798,84 pontos. </headline>
<byline></byline>
<dateline></dateline>
<text>
<p> LISBOA, 18 Jul (Reuter) - O índice PSI20 caiu 1,20 pct ou 94,99 pontos para 7.798,84. </p>
<p> (c) Reuters Limited 1997. </p></text>
<copyright>(c) Reuters Limited 1997</copyright>
<metadata>
<codes class="bip:countries:1.0">
<code code="VClpUDCdHX">
<editdetail action="confirmed" attribution="Reuters BIP Coding Group" date="1997-07-18"></editdetail></code>
<code code="spGUKVEHwG">
<editdetail action="confirmed" attribution="Reuters BIP Coding Group" date="1997-07-18"></editdetail></code>
<code code="tefRrUtkgy">
<editdetail action="confirmed" attribution="Reuters BIP Coding Group" date="1997-07-18"></editdetail></code></codes>
<codes class="bip:topics:1.0">
<code code="YkALGcgvPp">
<editdetail action="confirmed" attribution="Reuters BIP Coding Group" date="1997-07-18"></editdetail></code>
<code code="gCNysSgedu">
<editdetail action="confirmed" attribution="Reuters BIP Coding Group" date="1997-07-18"></editdetail></code></codes>
<dc element="dc.publisher" value="Reuters Holdings Plc"></dc>
<dc element="dc.datepublished" value="1997-07-18"></dc>
<dc element="dc.source" value="Reuters - Notícias em Português"></dc>
<dc element="dc.creator.location" value=""></dc>
<dc element="dc.creator.location.country.name" value=""></dc></metadata></newsitem>