<?xml version="1.0" encoding="UTF-8"?>

<newsitem date="1997-04-16" id="root" itemid="53983" xml:lang="pt">
<title></title>
<headline> Acções seguem alta mas apreensivas queda Wall Street. </headline>
<byline></byline>
<dateline></dateline>
<text>
<p> As acções do Contínuo seguiam em alta, com excepção da Cimpor e da Soares da Costa, e com o mercado muito concentrado na cimenteira, na Portugal Telecom e em alguns bancos. Dealers dizem que o mercado pode manter-se positivo até final da sessão, apesar de Wall Street estar a cair, embora a afastar-se progressivamente dos níveis mais altos da manhã. </p>
<p> - Lisboa Editorial, 351-1-3113125. </p>
<p> (c) Reuters Limited 1997. </p></text>
<copyright>(c) Reuters Limited 1997</copyright>
<metadata>
<codes class="bip:countries:1.0">
<code code="cmPrIOTptn">
<editdetail action="confirmed" attribution="Reuters BIP Coding Group" date="1997-04-16"></editdetail></code>
<code code="CjCeRhNLts">
<editdetail action="confirmed" attribution="Reuters BIP Coding Group" date="1997-04-16"></editdetail></code>
<code code="CMLqcvWBmf">
<editdetail action="confirmed" attribution="Reuters BIP Coding Group" date="1997-04-16"></editdetail></code></codes>
<codes class="bip:topics:1.0">
<code code="qpFDBLstLR">
<editdetail action="confirmed" attribution="Reuters BIP Coding Group" date="1997-04-16"></editdetail></code>
<code code="IhUwHHtZsN">
<editdetail action="confirmed" attribution="Reuters BIP Coding Group" date="1997-04-16"></editdetail></code></codes>
<dc element="dc.publisher" value="Reuters Holdings Plc"></dc>
<dc element="dc.datepublished" value="1997-04-16"></dc>
<dc element="dc.source" value="Reuters - Notícias em Português"></dc>
<dc element="dc.creator.location" value=""></dc>
<dc element="dc.creator.location.country.name" value=""></dc></metadata></newsitem>