<?xml version="1.0" encoding="UTF-8"?>

<newsitem date="1996-12-10" id="root" itemid="51130" xml:lang="pt">
<title></title>
<headline> MONETÁRIO FECHA CALMO E SEM ESPERAR CORTE TAXAS BP. </headline>
<byline></byline>
<dateline></dateline>
<text>
<p> O mercado monetário fechou calmo, com as taxas estabilizadas aos níveis da abertura, num mercado sem muitos interesses e que não necessitou de recorrer às propostas do Banco de Portugal (BP) para absorver e ceder fundos. Dealers não esperam que o banco central proceda a qualquer corte, amanhã, na sua repo. </p>
<p> (c) Reuters Limited 1996. </p></text>
<copyright>(c) Reuters Limited 1996</copyright>
<metadata>
<codes class="bip:countries:1.0">
<code code="OSqJvhlraR">
<editdetail action="confirmed" attribution="Reuters BIP Coding Group" date="1996-12-10"></editdetail></code>
<code code="FBeBBPOcak">
<editdetail action="confirmed" attribution="Reuters BIP Coding Group" date="1996-12-10"></editdetail></code>
<code code="iUaWwSOGwA">
<editdetail action="confirmed" attribution="Reuters BIP Coding Group" date="1996-12-10"></editdetail></code></codes>
<codes class="bip:topics:1.0">
<code code="GLVBGPVStR">
<editdetail action="confirmed" attribution="Reuters BIP Coding Group" date="1996-12-10"></editdetail></code>
<code code="ddECTWBLOh">
<editdetail action="confirmed" attribution="Reuters BIP Coding Group" date="1996-12-10"></editdetail></code></codes>
<dc element="dc.publisher" value="Reuters Holdings Plc"></dc>
<dc element="dc.datepublished" value="1996-12-10"></dc>
<dc element="dc.source" value="Reuters - Notícias em Português"></dc>
<dc element="dc.creator.location" value=""></dc>
<dc element="dc.creator.location.country.name" value=""></dc></metadata></newsitem>