<?xml version="1.0" encoding="UTF-8"?>

<newsitem date="1997-07-21" id="root" itemid="56381" xml:lang="pt">
<title></title>
<headline> Índice PSI20 cai 0,71 pct para 7.743,56 pontos. </headline>
<byline></byline>
<dateline></dateline>
<text>
<p> LISBOA, 21 Jul (Reuter) - O índice PSI20 caiu 0,71 pct ou 55,28 pontos para 7.743,56. </p>
<p> - Lisboa Editorial, 351.1.3113121. </p>
<p> (c) Reuters Limited 1997. </p></text>
<copyright>(c) Reuters Limited 1997</copyright>
<metadata>
<codes class="bip:countries:1.0">
<code code="TAMVdqNRnD">
<editdetail action="confirmed" attribution="Reuters BIP Coding Group" date="1997-07-21"></editdetail></code>
<code code="YfzQgaMYSw">
<editdetail action="confirmed" attribution="Reuters BIP Coding Group" date="1997-07-21"></editdetail></code>
<code code="SxJdWYWiwG">
<editdetail action="confirmed" attribution="Reuters BIP Coding Group" date="1997-07-21"></editdetail></code></codes>
<codes class="bip:topics:1.0">
<code code="kDENCtgrHm">
<editdetail action="confirmed" attribution="Reuters BIP Coding Group" date="1997-07-21"></editdetail></code>
<code code="IItoecIBbz">
<editdetail action="confirmed" attribution="Reuters BIP Coding Group" date="1997-07-21"></editdetail></code></codes>
<dc element="dc.publisher" value="Reuters Holdings Plc"></dc>
<dc element="dc.datepublished" value="1997-07-21"></dc>
<dc element="dc.source" value="Reuters - Notícias em Português"></dc>
<dc element="dc.creator.location" value=""></dc>
<dc element="dc.creator.location.country.name" value=""></dc></metadata></newsitem>