<?xml version="1.0" encoding="UTF-8"?>

<newsitem date="1997-01-17" id="root" itemid="51868" xml:lang="pt">
<title></title>
<headline> ESCUDO FORTE MANHÃ, ATACA OS 99,50 POR MARCO. </headline>
<byline></byline>
<dateline></dateline>
<text>
<p> O escudo manteve-se forte contra o marco ao longo da manhã e a pressionar o nível psicológico de 99,50, que ainda não foi quebrado de forma consolidada. Dealers dizem que o escudo se deverá manter em sintonia com a peseta ao longo da sessão, tendo como objectivo os 99,50 por marco. </p>
<p>     ----Lisboa Editorial, 351.1.3113121. </p>
<p> (c) Reuters Limited 1997. </p></text>
<copyright>(c) Reuters Limited 1997</copyright>
<metadata>
<codes class="bip:countries:1.0">
<code code="AhWAwflHzh">
<editdetail action="confirmed" attribution="Reuters BIP Coding Group" date="1997-01-17"></editdetail></code>
<code code="ExegMmcSIy">
<editdetail action="confirmed" attribution="Reuters BIP Coding Group" date="1997-01-17"></editdetail></code>
<code code="RiZepIHBwB">
<editdetail action="confirmed" attribution="Reuters BIP Coding Group" date="1997-01-17"></editdetail></code></codes>
<codes class="bip:topics:1.0">
<code code="FTthrsUSFA">
<editdetail action="confirmed" attribution="Reuters BIP Coding Group" date="1997-01-17"></editdetail></code>
<code code="FDKeEdLyty">
<editdetail action="confirmed" attribution="Reuters BIP Coding Group" date="1997-01-17"></editdetail></code>
<code code="kLGKJaluue">
<editdetail action="confirmed" attribution="Reuters BIP Coding Group" date="1997-01-17"></editdetail></code></codes>
<dc element="dc.publisher" value="Reuters Holdings Plc"></dc>
<dc element="dc.datepublished" value="1997-01-17"></dc>
<dc element="dc.source" value="Reuters - Notícias em Português"></dc>
<dc element="dc.creator.location" value=""></dc>
<dc element="dc.creator.location.country.name" value=""></dc></metadata></newsitem>