<?xml version="1.0" encoding="UTF-8"?>

<newsitem date="1996-11-28" id="root" itemid="50851" xml:lang="pt">
<title></title>
<headline> ACÇÕES PREVÊEM-SE POUCO LÍQUIDAS E LEVE BAIXA. </headline>
<byline></byline>
<dateline></dateline>
<text>
<p> As acções do Contínuo deverão hoje negociar com pouca liquidez e ainda em leve baixa, num dia que se prevê muito calmo devido ao feriado dos EUA, esperando os dealers que a correcção seja limitada dado os fundos fecharem o mês hoje. </p>
<p> &quot;Vamos continuar a ver a liquidez concentrada em PT &quot;, disse um operador. </p>
<p> - Lisboa Editorial, 351-1-3150035. (c) Reuters Limited 1996. </p></text>
<copyright>(c) Reuters Limited 1996</copyright>
<metadata>
<codes class="bip:countries:1.0">
<code code="YgaopzDMDO">
<editdetail action="confirmed" attribution="Reuters BIP Coding Group" date="1996-11-28"></editdetail></code>
<code code="sKZYQPnEhb">
<editdetail action="confirmed" attribution="Reuters BIP Coding Group" date="1996-11-28"></editdetail></code>
<code code="ccAKFIHjOM">
<editdetail action="confirmed" attribution="Reuters BIP Coding Group" date="1996-11-28"></editdetail></code></codes>
<codes class="bip:topics:1.0">
<code code="rmNOUeFVpN">
<editdetail action="confirmed" attribution="Reuters BIP Coding Group" date="1996-11-28"></editdetail></code>
<code code="clUPDDbWvu">
<editdetail action="confirmed" attribution="Reuters BIP Coding Group" date="1996-11-28"></editdetail></code></codes>
<dc element="dc.publisher" value="Reuters Holdings Plc"></dc>
<dc element="dc.datepublished" value="1996-11-28"></dc>
<dc element="dc.source" value="Reuters - Notícias em Português"></dc>
<dc element="dc.creator.location" value=""></dc>
<dc element="dc.creator.location.country.name" value=""></dc></metadata></newsitem>