<?xml version="1.0" encoding="UTF-8"?>

<newsitem date="1996-08-27" id="root" itemid="48435" xml:lang="pt">
<title></title>
<headline> ÍNDICE PSI20 CAI 0,17 PCT PARA 4.669,90 PONTOS. </headline>
<byline></byline>
<dateline></dateline>
<text>
<p> *Índice PSI20 cai 0,17 pct para 4.669,90 pontos *PI sobe 15 escudos para 1.040. Negociadas 38.340 *Tranquilidade sobe 25 esc p/ 2.975.Negociadas 22.900 *BPSM sobe 6 escudos para 1.048. Negociadas 6.100 *Sonae Ind. cai 1 escudo para 1.336. Negociadas 1.500 *Cimpor sobe 12 escudos para 3.389. Negociadas 920. </p></text>
<copyright>(c) Reuters Limited 1996</copyright>
<metadata>
<codes class="bip:countries:1.0">
<code code="mFcySiKXex">
<editdetail action="confirmed" attribution="Reuters BIP Coding Group" date="1996-08-27"></editdetail></code>
<code code="iyfQpWTgOC">
<editdetail action="confirmed" attribution="Reuters BIP Coding Group" date="1996-08-27"></editdetail></code>
<code code="OkzlCzjXIx">
<editdetail action="confirmed" attribution="Reuters BIP Coding Group" date="1996-08-27"></editdetail></code></codes>
<codes class="bip:topics:1.0">
<code code="VEedXVxQDH">
<editdetail action="confirmed" attribution="Reuters BIP Coding Group" date="1996-08-27"></editdetail></code>
<code code="KOmRpuHKFL">
<editdetail action="confirmed" attribution="Reuters BIP Coding Group" date="1996-08-27"></editdetail></code></codes>
<dc element="dc.publisher" value="Reuters Holdings Plc"></dc>
<dc element="dc.datepublished" value="1996-08-27"></dc>
<dc element="dc.source" value="Reuters - Notícias em Português"></dc>
<dc element="dc.creator.location" value=""></dc>
<dc element="dc.creator.location.country.name" value=""></dc></metadata></newsitem>