<?xml version="1.0" encoding="UTF-8"?>

<newsitem date="1997-05-06" id="root" itemid="54464" xml:lang="pt">
<title></title>
<headline> PSI20 cai 0,28 pct para 6.729,16 pontos. </headline>
<byline></byline>
<dateline></dateline>
<text>
<p> LISBOA, 6 Mai (Reuter) - O índice PSI20 caiu 18,82 pontos ou 0,28 pct para 6.729,16 pontos. </p>
<p> (c) Reuters Limited 1997. </p></text>
<copyright>(c) Reuters Limited 1997</copyright>
<metadata>
<codes class="bip:countries:1.0">
<code code="kANVgjIcYn">
<editdetail action="confirmed" attribution="Reuters BIP Coding Group" date="1997-05-06"></editdetail></code>
<code code="dgIPMHmxVq">
<editdetail action="confirmed" attribution="Reuters BIP Coding Group" date="1997-05-06"></editdetail></code>
<code code="ykbktZwXLo">
<editdetail action="confirmed" attribution="Reuters BIP Coding Group" date="1997-05-06"></editdetail></code></codes>
<codes class="bip:topics:1.0">
<code code="RIddGxisOZ">
<editdetail action="confirmed" attribution="Reuters BIP Coding Group" date="1997-05-06"></editdetail></code>
<code code="LSwCevyfzb">
<editdetail action="confirmed" attribution="Reuters BIP Coding Group" date="1997-05-06"></editdetail></code></codes>
<dc element="dc.publisher" value="Reuters Holdings Plc"></dc>
<dc element="dc.datepublished" value="1997-05-06"></dc>
<dc element="dc.source" value="Reuters - Notícias em Português"></dc>
<dc element="dc.creator.location" value=""></dc>
<dc element="dc.creator.location.country.name" value=""></dc></metadata></newsitem>