<?xml version="1.0" encoding="UTF-8"?>

<newsitem date="1997-01-23" id="root" itemid="52021" xml:lang="pt">
<title></title>
<headline> ESCUDO SOBE MANHÃ VS MARCO COM A AJUDA DA PESETA. </headline>
<byline></byline>
<dateline></dateline>
<text>
<p> O escudo apreciou-se contra o marco ao longo da manhã, limitando-se a acompanhar os movimentos da peseta. Dealers dizem que, sem factores próprios a influenciar, o escudo vai-se manter muito limitado pela oscilações da peseta, devendo oscilar entre os 99,70 e 99,85 por marco. </p>
<p> (c) Reuters Limited 1997. </p></text>
<copyright>(c) Reuters Limited 1997</copyright>
<metadata>
<codes class="bip:countries:1.0">
<code code="VvLDjvvcpd">
<editdetail action="confirmed" attribution="Reuters BIP Coding Group" date="1997-01-23"></editdetail></code>
<code code="cJClELTTrT">
<editdetail action="confirmed" attribution="Reuters BIP Coding Group" date="1997-01-23"></editdetail></code>
<code code="stHWBgPPwZ">
<editdetail action="confirmed" attribution="Reuters BIP Coding Group" date="1997-01-23"></editdetail></code></codes>
<codes class="bip:topics:1.0">
<code code="rgeaidJzxL">
<editdetail action="confirmed" attribution="Reuters BIP Coding Group" date="1997-01-23"></editdetail></code>
<code code="JHVESxvdWN">
<editdetail action="confirmed" attribution="Reuters BIP Coding Group" date="1997-01-23"></editdetail></code>
<code code="VPiBxoMjdV">
<editdetail action="confirmed" attribution="Reuters BIP Coding Group" date="1997-01-23"></editdetail></code></codes>
<dc element="dc.publisher" value="Reuters Holdings Plc"></dc>
<dc element="dc.datepublished" value="1997-01-23"></dc>
<dc element="dc.source" value="Reuters - Notícias em Português"></dc>
<dc element="dc.creator.location" value=""></dc>
<dc element="dc.creator.location.country.name" value=""></dc></metadata></newsitem>