<?xml version="1.0" encoding="UTF-8"?>

<newsitem date="1997-08-04" id="root" itemid="56728" xml:lang="pt">
<title></title>
<headline> Futuro Lisbor Mar/98 abre a cair 0,03 para 94,91. </headline>
<byline></byline>
<dateline></dateline>
<text>
<p> LISBOA, 4 Ago (Reuter) - O vencimento de Março de 1998 do futuro sobre a Lisbor abriu a descer 0,03 para 94,91, com 40 contratos negociados. </p>
<p> - Lisboa Editorial, 351.1.311.31.26. </p>
<p> (c) Reuters Limited 1997. </p></text>
<copyright>(c) Reuters Limited 1997</copyright>
<metadata>
<codes class="bip:countries:1.0">
<code code="evxaLMMoZB">
<editdetail action="confirmed" attribution="Reuters BIP Coding Group" date="1997-08-04"></editdetail></code>
<code code="YmPMYUeDcE">
<editdetail action="confirmed" attribution="Reuters BIP Coding Group" date="1997-08-04"></editdetail></code>
<code code="sLRnuJRQBm">
<editdetail action="confirmed" attribution="Reuters BIP Coding Group" date="1997-08-04"></editdetail></code></codes>
<codes class="bip:topics:1.0">
<code code="wzVpfJHfYI">
<editdetail action="confirmed" attribution="Reuters BIP Coding Group" date="1997-08-04"></editdetail></code>
<code code="rhQXOlgLeR">
<editdetail action="confirmed" attribution="Reuters BIP Coding Group" date="1997-08-04"></editdetail></code>
<code code="SYBLWZgZeP">
<editdetail action="confirmed" attribution="Reuters BIP Coding Group" date="1997-08-04"></editdetail></code></codes>
<dc element="dc.publisher" value="Reuters Holdings Plc"></dc>
<dc element="dc.datepublished" value="1997-08-04"></dc>
<dc element="dc.source" value="Reuters - Notícias em Português"></dc>
<dc element="dc.creator.location" value=""></dc>
<dc element="dc.creator.location.country.name" value=""></dc></metadata></newsitem>