<?xml version="1.0" encoding="UTF-8"?>

<newsitem date="1997-06-27" id="root" itemid="55756" xml:lang="pt">
<title></title>
<headline> Índice PSI20 cai 0,21 pct para 7.420,48 pontos. </headline>
<byline></byline>
<dateline></dateline>
<text>
<p> LISBOA, 27 Jun (Reuter) - O índice PSI20 caiu 15,60 pontos ou 0,21 pct para 7.420,48 pontos. </p>
<p> (c) Reuters Limited 1997. </p></text>
<copyright>(c) Reuters Limited 1997</copyright>
<metadata>
<codes class="bip:countries:1.0">
<code code="jvjisuJMnE">
<editdetail action="confirmed" attribution="Reuters BIP Coding Group" date="1997-06-27"></editdetail></code>
<code code="oepgvTZDtK">
<editdetail action="confirmed" attribution="Reuters BIP Coding Group" date="1997-06-27"></editdetail></code>
<code code="WXuRExFYPt">
<editdetail action="confirmed" attribution="Reuters BIP Coding Group" date="1997-06-27"></editdetail></code></codes>
<codes class="bip:topics:1.0">
<code code="qbFYkpfjGj">
<editdetail action="confirmed" attribution="Reuters BIP Coding Group" date="1997-06-27"></editdetail></code>
<code code="xkriUlDHvd">
<editdetail action="confirmed" attribution="Reuters BIP Coding Group" date="1997-06-27"></editdetail></code></codes>
<dc element="dc.publisher" value="Reuters Holdings Plc"></dc>
<dc element="dc.datepublished" value="1997-06-27"></dc>
<dc element="dc.source" value="Reuters - Notícias em Português"></dc>
<dc element="dc.creator.location" value=""></dc>
<dc element="dc.creator.location.country.name" value=""></dc></metadata></newsitem>