<?xml version="1.0" encoding="UTF-8"?>

<newsitem date="1997-01-03" id="root" itemid="51575" xml:lang="pt">
<title></title>
<headline> ACÇÕES ABREM SUSTENTADAS EM ALTA, TELECEL NOS MÁXIMOS. </headline>
<byline></byline>
<dateline></dateline>
<text>
<p> As acções do Contínuo e os Futuros sobre o PSI20 abriram sustentados em alta, tendência que se deverá manter, se dos outros mercados não surgirem maus ventos. Destaque para os máximos do ano da Telecel, Engil e Lusomundo preferenciais. Investidores nacionais bastante activos. - Paula Cordeiro, Lisboa Editorial, 351-1-3150035. (c) Reuters Limited 1997. </p></text>
<copyright>(c) Reuters Limited 1997</copyright>
<metadata>
<codes class="bip:countries:1.0">
<code code="axzMzVAZzD">
<editdetail action="confirmed" attribution="Reuters BIP Coding Group" date="1997-01-03"></editdetail></code>
<code code="vPLUgecAbU">
<editdetail action="confirmed" attribution="Reuters BIP Coding Group" date="1997-01-03"></editdetail></code>
<code code="afqFoSUnmu">
<editdetail action="confirmed" attribution="Reuters BIP Coding Group" date="1997-01-03"></editdetail></code></codes>
<codes class="bip:topics:1.0">
<code code="jNDJJdFnQr">
<editdetail action="confirmed" attribution="Reuters BIP Coding Group" date="1997-01-03"></editdetail></code>
<code code="BwCCKibBqo">
<editdetail action="confirmed" attribution="Reuters BIP Coding Group" date="1997-01-03"></editdetail></code></codes>
<dc element="dc.publisher" value="Reuters Holdings Plc"></dc>
<dc element="dc.datepublished" value="1997-01-03"></dc>
<dc element="dc.source" value="Reuters - Notícias em Português"></dc>
<dc element="dc.creator.location" value=""></dc>
<dc element="dc.creator.location.country.name" value=""></dc></metadata></newsitem>