<?xml version="1.0" encoding="UTF-8"?>

<newsitem date="1997-07-09" id="root" itemid="56057" xml:lang="pt">
<title></title>
<headline> Índice PSI20 sobe 1,06 pct para 8.080,22 pontos. </headline>
<byline></byline>
<dateline></dateline>
<text>
<p> LISBOA, 9 Jul (Reuter) - O índice PSI20 está a subir, neste momento, 1,06 pct para 8.080,22, máximo do ano. </p>
<p> (c) Reuters Limited 1997. </p></text>
<copyright>(c) Reuters Limited 1997</copyright>
<metadata>
<codes class="bip:countries:1.0">
<code code="CXslsxWGas">
<editdetail action="confirmed" attribution="Reuters BIP Coding Group" date="1997-07-09"></editdetail></code>
<code code="MYzwLFHmIU">
<editdetail action="confirmed" attribution="Reuters BIP Coding Group" date="1997-07-09"></editdetail></code>
<code code="wAnIITwaFD">
<editdetail action="confirmed" attribution="Reuters BIP Coding Group" date="1997-07-09"></editdetail></code></codes>
<codes class="bip:topics:1.0">
<code code="moJpWHtZqL">
<editdetail action="confirmed" attribution="Reuters BIP Coding Group" date="1997-07-09"></editdetail></code>
<code code="gomrxFPDra">
<editdetail action="confirmed" attribution="Reuters BIP Coding Group" date="1997-07-09"></editdetail></code></codes>
<dc element="dc.publisher" value="Reuters Holdings Plc"></dc>
<dc element="dc.datepublished" value="1997-07-09"></dc>
<dc element="dc.source" value="Reuters - Notícias em Português"></dc>
<dc element="dc.creator.location" value=""></dc>
<dc element="dc.creator.location.country.name" value=""></dc></metadata></newsitem>