<?xml version="1.0" encoding="UTF-8"?>

<newsitem date="1997-01-22" id="root" itemid="51979" xml:lang="pt">
<title></title>
<headline> ACÇÕES PREVÊEM-SE SUBIR COM MERCADOS EXTERNOS, DÓLAR. </headline>
<byline></byline>
<dateline></dateline>
<text>
<p> As acções do Contínuo deverão abrir com tendência de subida, seguindo os mercados europeus, depois do fecho positivo da Wall Street, e aproveitando a fortaleza do dólar. Operadores disseram que o interesse dos investidores se deverá manter nos papéis habituais, como Portugal Telecom (PT), Cimpor, mas os títulos do Grupo Champalimaud, nomeadamente o BTA e o BPSM, poderão voltar a dar o ar da sua graça. - Paula Cordeiro, Lisboa Editorial, 351-1-3113125. </p>
<p> (c) Reuters Limited 1997. </p></text>
<copyright>(c) Reuters Limited 1997</copyright>
<metadata>
<codes class="bip:countries:1.0">
<code code="DBvzRQXNHY">
<editdetail action="confirmed" attribution="Reuters BIP Coding Group" date="1997-01-22"></editdetail></code>
<code code="jFxxjjWgib">
<editdetail action="confirmed" attribution="Reuters BIP Coding Group" date="1997-01-22"></editdetail></code>
<code code="bWCbhKQUNK">
<editdetail action="confirmed" attribution="Reuters BIP Coding Group" date="1997-01-22"></editdetail></code></codes>
<codes class="bip:topics:1.0">
<code code="HYCcjHFZQL">
<editdetail action="confirmed" attribution="Reuters BIP Coding Group" date="1997-01-22"></editdetail></code>
<code code="jrLOKJsznR">
<editdetail action="confirmed" attribution="Reuters BIP Coding Group" date="1997-01-22"></editdetail></code></codes>
<dc element="dc.publisher" value="Reuters Holdings Plc"></dc>
<dc element="dc.datepublished" value="1997-01-22"></dc>
<dc element="dc.source" value="Reuters - Notícias em Português"></dc>
<dc element="dc.creator.location" value=""></dc>
<dc element="dc.creator.location.country.name" value=""></dc></metadata></newsitem>