<?xml version="1.0" encoding="UTF-8"?>

<newsitem date="1996-12-31" id="root" itemid="51514" xml:lang="pt">
<title></title>
<headline> ACÇÕES ABREM C/REGISTOS EM DESTAQUE, PT NOS MÁXIMOS. </headline>
<byline></byline>
<dateline></dateline>
<text>
<p> As acções do Contínuo abriram com alguns papéis nos máximos do ano e os registos de última sessão do ano a dominarem a liquidez, embora na Portugal Telecom (PT) existam compras verdadeiras de não-residentes, afirmaram operadores. Futuro sobre o PSI20 muito calmo. (c) Reuters Limited 1996. </p></text>
<copyright>(c) Reuters Limited 1996</copyright>
<metadata>
<codes class="bip:countries:1.0">
<code code="pvPYvaqxst">
<editdetail action="confirmed" attribution="Reuters BIP Coding Group" date="1996-12-31"></editdetail></code>
<code code="oZbiOxRkHM">
<editdetail action="confirmed" attribution="Reuters BIP Coding Group" date="1996-12-31"></editdetail></code>
<code code="PioBAnnYLZ">
<editdetail action="confirmed" attribution="Reuters BIP Coding Group" date="1996-12-31"></editdetail></code></codes>
<codes class="bip:topics:1.0">
<code code="ZxMkNFMYBP">
<editdetail action="confirmed" attribution="Reuters BIP Coding Group" date="1996-12-31"></editdetail></code>
<code code="vOXZTNEQCp">
<editdetail action="confirmed" attribution="Reuters BIP Coding Group" date="1996-12-31"></editdetail></code></codes>
<dc element="dc.publisher" value="Reuters Holdings Plc"></dc>
<dc element="dc.datepublished" value="1996-12-31"></dc>
<dc element="dc.source" value="Reuters - Notícias em Português"></dc>
<dc element="dc.creator.location" value=""></dc>
<dc element="dc.creator.location.country.name" value=""></dc></metadata></newsitem>