<?xml version="1.0" encoding="UTF-8"?>

<newsitem date="1997-05-05" id="root" itemid="54425" xml:lang="pt">
<title></title>
<headline> Banco Portugal diz TRM 5,8 pct sem procura - (BPDF). </headline>
<byline></byline>
<dateline></dateline>
<text>
<p> LISBOA, 5 Mai (Reuter) - O Banco de Portugal (BP) disse que não houve procura para a absorção de fundos contra a venda de Títulos de Regularização Monetária (TRM) a sete dias à taxa fixa de 5,8 pct propostos esta manhã. </p>
<p> - Lisboa Editorial, 351.1.3113126. </p>
<p> (c) Reuters Limited 1997. </p></text>
<copyright>(c) Reuters Limited 1997</copyright>
<metadata>
<codes class="bip:countries:1.0">
<code code="QOGOBXvMQs">
<editdetail action="confirmed" attribution="Reuters BIP Coding Group" date="1997-05-05"></editdetail></code>
<code code="qGLGrwcFbE">
<editdetail action="confirmed" attribution="Reuters BIP Coding Group" date="1997-05-05"></editdetail></code>
<code code="GnHjDcsuBj">
<editdetail action="confirmed" attribution="Reuters BIP Coding Group" date="1997-05-05"></editdetail></code></codes>
<codes class="bip:topics:1.0">
<code code="fViVbfUelV">
<editdetail action="confirmed" attribution="Reuters BIP Coding Group" date="1997-05-05"></editdetail></code>
<code code="Ldzytldbrv">
<editdetail action="confirmed" attribution="Reuters BIP Coding Group" date="1997-05-05"></editdetail></code>
<code code="kVkebLvsKN">
<editdetail action="confirmed" attribution="Reuters BIP Coding Group" date="1997-05-05"></editdetail></code></codes>
<dc element="dc.publisher" value="Reuters Holdings Plc"></dc>
<dc element="dc.datepublished" value="1997-05-05"></dc>
<dc element="dc.source" value="Reuters - Notícias em Português"></dc>
<dc element="dc.creator.location" value=""></dc>
<dc element="dc.creator.location.country.name" value=""></dc></metadata></newsitem>