<?xml version="1.0" encoding="UTF-8"?>

<newsitem date="1997-05-22" id="root" itemid="54878" xml:lang="pt">
<title></title>
<headline> Índice PSI20 cai 0,72 pct para 6.615,06 pontos. </headline>
<byline></byline>
<dateline></dateline>
<text>
<p> LISBOA, 22 Mai (Reuter) - O índice PSI20 caiu 47,74 pontos ou 0,72 pct para 6.615,06 pontos. </p>
<p> (c) Reuters Limited 1997. </p></text>
<copyright>(c) Reuters Limited 1997</copyright>
<metadata>
<codes class="bip:countries:1.0">
<code code="zfdncWoUdo">
<editdetail action="confirmed" attribution="Reuters BIP Coding Group" date="1997-05-22"></editdetail></code>
<code code="hxcxzJMswb">
<editdetail action="confirmed" attribution="Reuters BIP Coding Group" date="1997-05-22"></editdetail></code>
<code code="sSNYQowaWF">
<editdetail action="confirmed" attribution="Reuters BIP Coding Group" date="1997-05-22"></editdetail></code></codes>
<codes class="bip:topics:1.0">
<code code="aTCNbRiAKa">
<editdetail action="confirmed" attribution="Reuters BIP Coding Group" date="1997-05-22"></editdetail></code>
<code code="FgjrayyXEc">
<editdetail action="confirmed" attribution="Reuters BIP Coding Group" date="1997-05-22"></editdetail></code></codes>
<dc element="dc.publisher" value="Reuters Holdings Plc"></dc>
<dc element="dc.datepublished" value="1997-05-22"></dc>
<dc element="dc.source" value="Reuters - Notícias em Português"></dc>
<dc element="dc.creator.location" value=""></dc>
<dc element="dc.creator.location.country.name" value=""></dc></metadata></newsitem>