<?xml version="1.0" encoding="UTF-8"?>

<newsitem date="1997-02-04" id="root" itemid="52344" xml:lang="pt">
<title></title>
<headline> MONETÁRIO FECHA CALMO, LIGEIRA QUEBRA TAXAS. </headline>
<byline></byline>
<dateline></dateline>
<text>
<p> O mercado monetário do escudo fechou calmo, a reflectir uma ligeira quebra de taxas nos derivados depois da forte subida de ontem, embora os prazos no &apos;cash&apos; tenham dado mostras de uma ligeira subida. Opiniões divididas sobre o nível a que saíram as taxas do leilão de TIM a 4 e 9 semanas. </p>
<p> (c) Reuters Limited 1997. </p></text>
<copyright>(c) Reuters Limited 1997</copyright>
<metadata>
<codes class="bip:countries:1.0">
<code code="TyfCWZuBDb">
<editdetail action="confirmed" attribution="Reuters BIP Coding Group" date="1997-02-04"></editdetail></code>
<code code="tbKSqOPMYH">
<editdetail action="confirmed" attribution="Reuters BIP Coding Group" date="1997-02-04"></editdetail></code>
<code code="FdVksbjslE">
<editdetail action="confirmed" attribution="Reuters BIP Coding Group" date="1997-02-04"></editdetail></code></codes>
<codes class="bip:topics:1.0">
<code code="bswbiasNtU">
<editdetail action="confirmed" attribution="Reuters BIP Coding Group" date="1997-02-04"></editdetail></code>
<code code="wrBEauZUqr">
<editdetail action="confirmed" attribution="Reuters BIP Coding Group" date="1997-02-04"></editdetail></code>
<code code="tLFsyYyoKm">
<editdetail action="confirmed" attribution="Reuters BIP Coding Group" date="1997-02-04"></editdetail></code></codes>
<dc element="dc.publisher" value="Reuters Holdings Plc"></dc>
<dc element="dc.datepublished" value="1997-02-04"></dc>
<dc element="dc.source" value="Reuters - Notícias em Português"></dc>
<dc element="dc.creator.location" value=""></dc>
<dc element="dc.creator.location.country.name" value=""></dc></metadata></newsitem>