<?xml version="1.0" encoding="UTF-8"?>

<newsitem date="1996-11-12" id="root" itemid="50482" xml:lang="pt">
<title></title>
<headline> ÍNDICE PSI20 SOBE 12,72 PONTOS PARA 4.869,59. </headline>
<byline></byline>
<dateline></dateline>
<text>
<p> LISBOA, 12 Nov (Reuter) - O índice PSI20 subiu 12,72 pontos para 4.869,59. </p>
<p> (c) Reuters Limited 1996. </p></text>
<copyright>(c) Reuters Limited 1996</copyright>
<metadata>
<codes class="bip:countries:1.0">
<code code="AGWdVUdiFW">
<editdetail action="confirmed" attribution="Reuters BIP Coding Group" date="1996-11-12"></editdetail></code>
<code code="PymFXzmTGw">
<editdetail action="confirmed" attribution="Reuters BIP Coding Group" date="1996-11-12"></editdetail></code>
<code code="ZuLhXJgFal">
<editdetail action="confirmed" attribution="Reuters BIP Coding Group" date="1996-11-12"></editdetail></code></codes>
<codes class="bip:topics:1.0">
<code code="UYcgSNChmj">
<editdetail action="confirmed" attribution="Reuters BIP Coding Group" date="1996-11-12"></editdetail></code>
<code code="eJQLyxpJcI">
<editdetail action="confirmed" attribution="Reuters BIP Coding Group" date="1996-11-12"></editdetail></code></codes>
<dc element="dc.publisher" value="Reuters Holdings Plc"></dc>
<dc element="dc.datepublished" value="1996-11-12"></dc>
<dc element="dc.source" value="Reuters - Notícias em Português"></dc>
<dc element="dc.creator.location" value=""></dc>
<dc element="dc.creator.location.country.name" value=""></dc></metadata></newsitem>