<?xml version="1.0" encoding="UTF-8"?>

<newsitem date="1997-01-16" id="root" itemid="51826" xml:lang="pt">
<title></title>
<headline> ESCUDO ABRE LIGEIRA ALTA VS MARCO SINTONIA PESETA. </headline>
<byline></byline>
<dateline></dateline>
<text>
<p> O escudo abriu em ligeira alta contra o marco, em sintonia com a peseta que está a reagir favoravelmente ao corte de taxas anunciado em Espanha. Dealers dizem que o escudo deverá oscilar entre 99,65 e 99,80 por marco. </p>
<p> (c) Reuters Limited 1997. </p></text>
<copyright>(c) Reuters Limited 1997</copyright>
<metadata>
<codes class="bip:countries:1.0">
<code code="ffLqiHhSSf">
<editdetail action="confirmed" attribution="Reuters BIP Coding Group" date="1997-01-16"></editdetail></code>
<code code="uOghfwondo">
<editdetail action="confirmed" attribution="Reuters BIP Coding Group" date="1997-01-16"></editdetail></code>
<code code="CTbCNzgWpW">
<editdetail action="confirmed" attribution="Reuters BIP Coding Group" date="1997-01-16"></editdetail></code></codes>
<codes class="bip:topics:1.0">
<code code="PVGJjfhuxH">
<editdetail action="confirmed" attribution="Reuters BIP Coding Group" date="1997-01-16"></editdetail></code>
<code code="jjJkYoAJgi">
<editdetail action="confirmed" attribution="Reuters BIP Coding Group" date="1997-01-16"></editdetail></code>
<code code="ACenydSerd">
<editdetail action="confirmed" attribution="Reuters BIP Coding Group" date="1997-01-16"></editdetail></code></codes>
<dc element="dc.publisher" value="Reuters Holdings Plc"></dc>
<dc element="dc.datepublished" value="1997-01-16"></dc>
<dc element="dc.source" value="Reuters - Notícias em Português"></dc>
<dc element="dc.creator.location" value=""></dc>
<dc element="dc.creator.location.country.name" value=""></dc></metadata></newsitem>