<?xml version="1.0" encoding="UTF-8"?>

<newsitem date="1997-01-14" id="root" itemid="51785" xml:lang="pt">
<title></title>
<headline> ACÇÕES REAGEM LEVE ALTA NÚMEROS INFLAÇÃO EUA DEZ. </headline>
<byline></byline>
<dateline></dateline>
<text>
<p> As acções do Contínuo reagiram em leve alta aos números da inflação americana de Dezembro, dentro das previsões, embora o grande teste ao mercado continue a ser a abertura de Wall Street. &quot;O mercado reagiu em leve alta aos números da inflação nos Estados Unidos, mas o grande teste ao mercado vai ser feito com a abertura de Wall Street&quot;, disse um operador. </p>
<p> - Lisboa Editorial, 351-1-3113125. </p>
<p> (c) Reuters Limited 1997. </p></text>
<copyright>(c) Reuters Limited 1997</copyright>
<metadata>
<codes class="bip:countries:1.0">
<code code="mHvDIPTWpg">
<editdetail action="confirmed" attribution="Reuters BIP Coding Group" date="1997-01-14"></editdetail></code>
<code code="ipNDCPIbbU">
<editdetail action="confirmed" attribution="Reuters BIP Coding Group" date="1997-01-14"></editdetail></code>
<code code="lYekFUScFh">
<editdetail action="confirmed" attribution="Reuters BIP Coding Group" date="1997-01-14"></editdetail></code></codes>
<codes class="bip:topics:1.0">
<code code="OdNggtLGDt">
<editdetail action="confirmed" attribution="Reuters BIP Coding Group" date="1997-01-14"></editdetail></code>
<code code="YmOciGAlKl">
<editdetail action="confirmed" attribution="Reuters BIP Coding Group" date="1997-01-14"></editdetail></code></codes>
<dc element="dc.publisher" value="Reuters Holdings Plc"></dc>
<dc element="dc.datepublished" value="1997-01-14"></dc>
<dc element="dc.source" value="Reuters - Notícias em Português"></dc>
<dc element="dc.creator.location" value=""></dc>
<dc element="dc.creator.location.country.name" value=""></dc></metadata></newsitem>