<?xml version="1.0" encoding="UTF-8"?>

<newsitem date="1997-08-12" id="root" itemid="56935" xml:lang="pt">
<title></title>
<headline> Índice PSI20 sobe 0,50 pct para 8.257,76 pontos. </headline>
<byline></byline>
<dateline></dateline>
<text>
<p> LISBOA, 12 Ago (Reuter) - O índice PSI20 subiu 0,50 pct ou 40,73 pontos para 8.257,76. </p>
<p> - Lisboa Editorial, 351.1.3113121. </p>
<p> (c) Reuters Limited 1997. </p></text>
<copyright>(c) Reuters Limited 1997</copyright>
<metadata>
<codes class="bip:countries:1.0">
<code code="pWPxNMZhos">
<editdetail action="confirmed" attribution="Reuters BIP Coding Group" date="1997-08-12"></editdetail></code>
<code code="DKiDUnTdwv">
<editdetail action="confirmed" attribution="Reuters BIP Coding Group" date="1997-08-12"></editdetail></code>
<code code="JoOQbeRZzg">
<editdetail action="confirmed" attribution="Reuters BIP Coding Group" date="1997-08-12"></editdetail></code></codes>
<codes class="bip:topics:1.0">
<code code="GWScZYgMbi">
<editdetail action="confirmed" attribution="Reuters BIP Coding Group" date="1997-08-12"></editdetail></code>
<code code="iBLxEniWMr">
<editdetail action="confirmed" attribution="Reuters BIP Coding Group" date="1997-08-12"></editdetail></code></codes>
<dc element="dc.publisher" value="Reuters Holdings Plc"></dc>
<dc element="dc.datepublished" value="1997-08-12"></dc>
<dc element="dc.source" value="Reuters - Notícias em Português"></dc>
<dc element="dc.creator.location" value=""></dc>
<dc element="dc.creator.location.country.name" value=""></dc></metadata></newsitem>