<?xml version="1.0" encoding="UTF-8"?>

<newsitem date="1997-01-23" id="root" itemid="52016" xml:lang="pt">
<title></title>
<headline> ACÇÕES PREVÊEM-SE FRACAS, ESPERA BUBA E EUA. </headline>
<byline></byline>
<dateline></dateline>
<text>
<p> As acções do Contínuo e os futuros sobre o PSI20 deverão abrir fracas, sendo mesmo possível que as cotações registem ligeira tendência de queda, depois do fecho negativo de Nova Iorque, mas operadores não esperam pânico. A tendência do mercado será mais clarificada após a reunião de hoje do Buba, não se esperando porém mexidas nas taxas directoras, e a abertura de Nova Iorque. O interesse dos investidores deverá manter-se nas &apos;blue-chips&apos;. </p>
<p> (c) Reuters Limited 1997. </p></text>
<copyright>(c) Reuters Limited 1997</copyright>
<metadata>
<codes class="bip:countries:1.0">
<code code="atrfkmFzKg">
<editdetail action="confirmed" attribution="Reuters BIP Coding Group" date="1997-01-23"></editdetail></code>
<code code="LAvEdhRPZx">
<editdetail action="confirmed" attribution="Reuters BIP Coding Group" date="1997-01-23"></editdetail></code>
<code code="uOJkkbWgEO">
<editdetail action="confirmed" attribution="Reuters BIP Coding Group" date="1997-01-23"></editdetail></code></codes>
<codes class="bip:topics:1.0">
<code code="haWorUNPjE">
<editdetail action="confirmed" attribution="Reuters BIP Coding Group" date="1997-01-23"></editdetail></code>
<code code="oTJYjmNMGh">
<editdetail action="confirmed" attribution="Reuters BIP Coding Group" date="1997-01-23"></editdetail></code></codes>
<dc element="dc.publisher" value="Reuters Holdings Plc"></dc>
<dc element="dc.datepublished" value="1997-01-23"></dc>
<dc element="dc.source" value="Reuters - Notícias em Português"></dc>
<dc element="dc.creator.location" value=""></dc>
<dc element="dc.creator.location.country.name" value=""></dc></metadata></newsitem>