<?xml version="1.0" encoding="UTF-8"?>

<newsitem date="1997-04-23" id="root" itemid="54165" xml:lang="pt">
<title></title>
<headline> Acções seguem alta sem reflectir deslize Dow Jones. </headline>
<byline></byline>
<dateline></dateline>
<text>
<p> As acções do Contínuo seguiam em alta, sem reflectir o ligeiro deslize de Wall Street, com a PT a ser a estrela da sessão, não só pelo montante transaccionado, mas por estar bem suportada em alta, bem secundada pela Cimpor. Dealers dizem que o mercado vai manter-se positivo até final da sessão. Os futuros estão a aliviar dos máximos da sessão. </p>
<p> (c) Reuters Limited 1997. </p></text>
<copyright>(c) Reuters Limited 1997</copyright>
<metadata>
<codes class="bip:countries:1.0">
<code code="ECgDwuEULX">
<editdetail action="confirmed" attribution="Reuters BIP Coding Group" date="1997-04-23"></editdetail></code>
<code code="UaZSTCchlb">
<editdetail action="confirmed" attribution="Reuters BIP Coding Group" date="1997-04-23"></editdetail></code>
<code code="rtyupzIbRU">
<editdetail action="confirmed" attribution="Reuters BIP Coding Group" date="1997-04-23"></editdetail></code></codes>
<codes class="bip:topics:1.0">
<code code="UfLYXcKjAv">
<editdetail action="confirmed" attribution="Reuters BIP Coding Group" date="1997-04-23"></editdetail></code>
<code code="QrrnNgHVHt">
<editdetail action="confirmed" attribution="Reuters BIP Coding Group" date="1997-04-23"></editdetail></code></codes>
<dc element="dc.publisher" value="Reuters Holdings Plc"></dc>
<dc element="dc.datepublished" value="1997-04-23"></dc>
<dc element="dc.source" value="Reuters - Notícias em Português"></dc>
<dc element="dc.creator.location" value=""></dc>
<dc element="dc.creator.location.country.name" value=""></dc></metadata></newsitem>