<?xml version="1.0" encoding="UTF-8"?>

<newsitem date="1997-01-14" id="root" itemid="51777" xml:lang="pt">
<title></title>
<headline> ACÇÕES ABREM EM ALTA, PT LIDERA GRANDE PARTE SUBIDA. </headline>
<byline></byline>
<dateline></dateline>
<text>
<p> As acções do Contínuo e os Futuros sobre o PSI20 abriram em alta, com a Portugal Telecom (PT) a liderar grande parte desta subida depois de ter atingido um novo máximo histórico nos 5.640 escudos. Operadores afirmaram que a abertura de Nova Iorque e a repercussão do índice de preços no consumidor nos EUA é de extrema importância para a definição da tendência dos mercados. </p>
<p> (c) Reuters Limited 1997. </p></text>
<copyright>(c) Reuters Limited 1997</copyright>
<metadata>
<codes class="bip:countries:1.0">
<code code="cNFKjhhUwu">
<editdetail action="confirmed" attribution="Reuters BIP Coding Group" date="1997-01-14"></editdetail></code>
<code code="joWnNtjnii">
<editdetail action="confirmed" attribution="Reuters BIP Coding Group" date="1997-01-14"></editdetail></code>
<code code="edUlUjXTyT">
<editdetail action="confirmed" attribution="Reuters BIP Coding Group" date="1997-01-14"></editdetail></code></codes>
<codes class="bip:topics:1.0">
<code code="PWpEIRfZaV">
<editdetail action="confirmed" attribution="Reuters BIP Coding Group" date="1997-01-14"></editdetail></code>
<code code="NwPisEYUjU">
<editdetail action="confirmed" attribution="Reuters BIP Coding Group" date="1997-01-14"></editdetail></code></codes>
<dc element="dc.publisher" value="Reuters Holdings Plc"></dc>
<dc element="dc.datepublished" value="1997-01-14"></dc>
<dc element="dc.source" value="Reuters - Notícias em Português"></dc>
<dc element="dc.creator.location" value=""></dc>
<dc element="dc.creator.location.country.name" value=""></dc></metadata></newsitem>