<?xml version="1.0" encoding="UTF-8"?>

<newsitem date="1997-04-22" id="root" itemid="54133" xml:lang="pt">
<title></title>
<headline> Acções fecham alta, Dow suporta mais subidas. </headline>
<byline></byline>
<dateline></dateline>
<text>
<p> As acções do Contínuo fecharam em alta, com a Portugal Telecom e a Cimpor a contribuírem fortemente para isso, suportadas pela proximidade de pagamento do dividendo referente a 1996. Dealers dizem que a manutenção de Wall Street em alta suporta as Bolsas europeias e também Lisboa, devendo amanhã haver a PT voltar a apresentar um forte volume de transacções, por ser o último dia de negociação com direito a dividendo. </p>
<p> (c) Reuters Limited 1997. </p></text>
<copyright>(c) Reuters Limited 1997</copyright>
<metadata>
<codes class="bip:countries:1.0">
<code code="GQTDThlekG">
<editdetail action="confirmed" attribution="Reuters BIP Coding Group" date="1997-04-22"></editdetail></code>
<code code="MwfUFqkyLU">
<editdetail action="confirmed" attribution="Reuters BIP Coding Group" date="1997-04-22"></editdetail></code>
<code code="oXSqFHOVzv">
<editdetail action="confirmed" attribution="Reuters BIP Coding Group" date="1997-04-22"></editdetail></code></codes>
<codes class="bip:topics:1.0">
<code code="dwakPXPrlW">
<editdetail action="confirmed" attribution="Reuters BIP Coding Group" date="1997-04-22"></editdetail></code>
<code code="pezDALrfiB">
<editdetail action="confirmed" attribution="Reuters BIP Coding Group" date="1997-04-22"></editdetail></code></codes>
<dc element="dc.publisher" value="Reuters Holdings Plc"></dc>
<dc element="dc.datepublished" value="1997-04-22"></dc>
<dc element="dc.source" value="Reuters - Notícias em Português"></dc>
<dc element="dc.creator.location" value=""></dc>
<dc element="dc.creator.location.country.name" value=""></dc></metadata></newsitem>