<?xml version="1.0" encoding="UTF-8"?>

<newsitem date="1997-02-04" id="root" itemid="52313" xml:lang="pt">
<title></title>
<headline> ACÇÕES PREVÊEM-SE CALMAS, ATENÇÕES BES E S.COSTA. </headline>
<byline></byline>
<dateline></dateline>
<text>
<p> As acções do Contínuo deverão abrir sem fortes oscilações, prevendo-se que a acalmia dos outros mercados, que estão na expectativa quanto à reunião do FOMC, contagie a praça lisboeta. Alguma atenção para as acções do Banco Espírito Santo (BES), dada a apresentação dos resultados consolidados de 1996 hoje, e para as da Soares da Costa, devido à venda do shopping &apos;Bom Sucesso&apos;. </p>
<p> (c) Reuters Limited 1997. </p></text>
<copyright>(c) Reuters Limited 1997</copyright>
<metadata>
<codes class="bip:countries:1.0">
<code code="bbcOHRLoln">
<editdetail action="confirmed" attribution="Reuters BIP Coding Group" date="1997-02-04"></editdetail></code>
<code code="WjAecKaDda">
<editdetail action="confirmed" attribution="Reuters BIP Coding Group" date="1997-02-04"></editdetail></code>
<code code="RynrePdcKQ">
<editdetail action="confirmed" attribution="Reuters BIP Coding Group" date="1997-02-04"></editdetail></code></codes>
<codes class="bip:topics:1.0">
<code code="NrdghLeMHU">
<editdetail action="confirmed" attribution="Reuters BIP Coding Group" date="1997-02-04"></editdetail></code>
<code code="cKFgzaKQUE">
<editdetail action="confirmed" attribution="Reuters BIP Coding Group" date="1997-02-04"></editdetail></code></codes>
<dc element="dc.publisher" value="Reuters Holdings Plc"></dc>
<dc element="dc.datepublished" value="1997-02-04"></dc>
<dc element="dc.source" value="Reuters - Notícias em Português"></dc>
<dc element="dc.creator.location" value=""></dc>
<dc element="dc.creator.location.country.name" value=""></dc></metadata></newsitem>