<?xml version="1.0" encoding="UTF-8"?>

<newsitem date="1996-09-26" id="root" itemid="49255" xml:lang="pt">
<title></title>
<headline> OT PREVÊEM-SE CASH E FUTUROS SUPORTADOS ALTA. </headline>
<byline></byline>
<dateline></dateline>
<text>
<p> As OT prevêem-se com os futuros e o cash suportados em alta, a seguir o sentimento externo que continua a reflectir agrado pelo facto da Reserva Federal dos Estadods Unidos não ter subido as suas taxas directoras. A firmeza do dólar ajuda ao suporte dos mercados de dívida pública. </p>
<p> *BP mantéem absorção em 6,8 pct e emergência em 9 pct </p>
<p> *Futuro Bono Dez/96 sobe 0,38 pontos para 106,22 </p>
<p> *Dólar 1,51,49/54 marcos contra 1,5106/16 fecho Europa </p></text>
<copyright>(c) Reuters Limited 1996</copyright>
<metadata>
<codes class="bip:countries:1.0">
<code code="fEbxxMSgki">
<editdetail action="confirmed" attribution="Reuters BIP Coding Group" date="1996-09-26"></editdetail></code>
<code code="ejcSjtkBYQ">
<editdetail action="confirmed" attribution="Reuters BIP Coding Group" date="1996-09-26"></editdetail></code>
<code code="vkwMGBiGvm">
<editdetail action="confirmed" attribution="Reuters BIP Coding Group" date="1996-09-26"></editdetail></code></codes>
<codes class="bip:topics:1.0">
<code code="BkoWfMPYWL">
<editdetail action="confirmed" attribution="Reuters BIP Coding Group" date="1996-09-26"></editdetail></code>
<code code="wmjvkaprpQ">
<editdetail action="confirmed" attribution="Reuters BIP Coding Group" date="1996-09-26"></editdetail></code></codes>
<dc element="dc.publisher" value="Reuters Holdings Plc"></dc>
<dc element="dc.datepublished" value="1996-09-26"></dc>
<dc element="dc.source" value="Reuters - Notícias em Português"></dc>
<dc element="dc.creator.location" value=""></dc>
<dc element="dc.creator.location.country.name" value=""></dc></metadata></newsitem>