<?xml version="1.0" encoding="UTF-8"?>

<newsitem date="1997-05-20" id="root" itemid="54791" xml:lang="pt">
<title></title>
<headline> Apelease faz balanço 1996 e 1ro trim 97 a 27 Maio. </headline>
<byline></byline>
<dateline></dateline>
<text>
<p> LISBOA, 20 Mai (Reuter) - A Apelease-Associação Portuguesa de Empresas de Leasing faz o balanço do sector do leasing, relativamente ao ano de 1996 e ao primeiro trimestre de 1997, a 27 de Maio, refere um comunicado. </p>
<p> - Lisboa Editorial, 351-1-3150035. </p>
<p> (c) Reuters Limited 1997. </p></text>
<copyright>(c) Reuters Limited 1997</copyright>
<metadata>
<codes class="bip:countries:1.0">
<code code="ogQzPDNZar">
<editdetail action="confirmed" attribution="Reuters BIP Coding Group" date="1997-05-20"></editdetail></code>
<code code="eOLFmWOfOU">
<editdetail action="confirmed" attribution="Reuters BIP Coding Group" date="1997-05-20"></editdetail></code>
<code code="BbSotUrHyw">
<editdetail action="confirmed" attribution="Reuters BIP Coding Group" date="1997-05-20"></editdetail></code></codes>
<codes class="bip:topics:1.0">
<code code="TUwYPppLLn">
<editdetail action="confirmed" attribution="Reuters BIP Coding Group" date="1997-05-20"></editdetail></code>
<code code="mOiTeIcNEb">
<editdetail action="confirmed" attribution="Reuters BIP Coding Group" date="1997-05-20"></editdetail></code>
<code code="shXpUIoARh">
<editdetail action="confirmed" attribution="Reuters BIP Coding Group" date="1997-05-20"></editdetail></code></codes>
<dc element="dc.publisher" value="Reuters Holdings Plc"></dc>
<dc element="dc.datepublished" value="1997-05-20"></dc>
<dc element="dc.source" value="Reuters - Notícias em Português"></dc>
<dc element="dc.creator.location" value=""></dc>
<dc element="dc.creator.location.country.name" value=""></dc></metadata></newsitem>