<?xml version="1.0" encoding="UTF-8"?>

<newsitem date="1997-01-17" id="root" itemid="51888" xml:lang="pt">
<title></title>
<headline> ESCUDO FECHA FORTE VS MARCO SUPORTADO DÓLAR, BOLSA. </headline>
<byline></byline>
<dateline></dateline>
<text>
<p> O escudo fechou forte contra o marco, beneficiando do fortalecimento do dólar que se propagou à peseta e também pelo interesse que o mercado de capitais continua a gerar junto dos não-residentes. Dealers dizem que o escudo continua com condições para se apreciar. </p>
<p> (c) Reuters Limited 1997. </p></text>
<copyright>(c) Reuters Limited 1997</copyright>
<metadata>
<codes class="bip:countries:1.0">
<code code="VwVxJJkYjv">
<editdetail action="confirmed" attribution="Reuters BIP Coding Group" date="1997-01-17"></editdetail></code>
<code code="fadGjNMaOR">
<editdetail action="confirmed" attribution="Reuters BIP Coding Group" date="1997-01-17"></editdetail></code>
<code code="EzTpYIoxiW">
<editdetail action="confirmed" attribution="Reuters BIP Coding Group" date="1997-01-17"></editdetail></code></codes>
<codes class="bip:topics:1.0">
<code code="HfBRFxXPxP">
<editdetail action="confirmed" attribution="Reuters BIP Coding Group" date="1997-01-17"></editdetail></code>
<code code="sDfWOtcSED">
<editdetail action="confirmed" attribution="Reuters BIP Coding Group" date="1997-01-17"></editdetail></code>
<code code="ejGOUMXCoX">
<editdetail action="confirmed" attribution="Reuters BIP Coding Group" date="1997-01-17"></editdetail></code></codes>
<dc element="dc.publisher" value="Reuters Holdings Plc"></dc>
<dc element="dc.datepublished" value="1997-01-17"></dc>
<dc element="dc.source" value="Reuters - Notícias em Português"></dc>
<dc element="dc.creator.location" value=""></dc>
<dc element="dc.creator.location.country.name" value=""></dc></metadata></newsitem>