<?xml version="1.0" encoding="UTF-8"?>

<newsitem date="1996-12-10" id="root" itemid="51104" xml:lang="pt">
<title></title>
<headline> MONETÁRIO ABRE CALMO, TAXAS ESTÁVEIS. </headline>
<byline></byline>
<dateline></dateline>
<text>
<p> O mercado monetário abriu calmo, com alguma liquidez a curto prazo, enquanto nas maturidades mais longas as taxas estão estáveis. Dealers disseram que as expectativas de um corte de taxas em Espanha contribui para algum optimismo nos mercados, depois da turbulência da passada sexta-feira, tendo já recuperado os níveis anteriores a esse &apos;revés&apos;. </p>
<p> - Fernanda Pargana, Lisboa Editorial, 351-1-311.31.26 </p>
<p> (c) Reuters Limited 1996. </p></text>
<copyright>(c) Reuters Limited 1996</copyright>
<metadata>
<codes class="bip:countries:1.0">
<code code="LEbaITbihi">
<editdetail action="confirmed" attribution="Reuters BIP Coding Group" date="1996-12-10"></editdetail></code>
<code code="JHCVaAaNuC">
<editdetail action="confirmed" attribution="Reuters BIP Coding Group" date="1996-12-10"></editdetail></code>
<code code="OwQiDqCFxZ">
<editdetail action="confirmed" attribution="Reuters BIP Coding Group" date="1996-12-10"></editdetail></code></codes>
<codes class="bip:topics:1.0">
<code code="BBDbzUaasb">
<editdetail action="confirmed" attribution="Reuters BIP Coding Group" date="1996-12-10"></editdetail></code>
<code code="apTrRVrjxu">
<editdetail action="confirmed" attribution="Reuters BIP Coding Group" date="1996-12-10"></editdetail></code></codes>
<dc element="dc.publisher" value="Reuters Holdings Plc"></dc>
<dc element="dc.datepublished" value="1996-12-10"></dc>
<dc element="dc.source" value="Reuters - Notícias em Português"></dc>
<dc element="dc.creator.location" value=""></dc>
<dc element="dc.creator.location.country.name" value=""></dc></metadata></newsitem>