<?xml version="1.0" encoding="UTF-8"?>

<newsitem date="1997-03-14" id="root" itemid="53310" xml:lang="pt">
<title></title>
<headline> Índice PSI20 sobe 1,78 pontos para 6.175,61. </headline>
<byline></byline>
<dateline></dateline>
<text>
<p> LISBOA, 14 Mar (Reuter) - O índice PSI20 subiu 1,78 pontos para 6.175,61. </p>
<p> (c) Reuters Limited 1997. </p></text>
<copyright>(c) Reuters Limited 1997</copyright>
<metadata>
<codes class="bip:countries:1.0">
<code code="rmIPFdvOFY">
<editdetail action="confirmed" attribution="Reuters BIP Coding Group" date="1997-03-14"></editdetail></code>
<code code="PhtlDrSxBT">
<editdetail action="confirmed" attribution="Reuters BIP Coding Group" date="1997-03-14"></editdetail></code>
<code code="pSICuamvIR">
<editdetail action="confirmed" attribution="Reuters BIP Coding Group" date="1997-03-14"></editdetail></code></codes>
<codes class="bip:topics:1.0">
<code code="wYLIjLkDqp">
<editdetail action="confirmed" attribution="Reuters BIP Coding Group" date="1997-03-14"></editdetail></code>
<code code="qztOYhGrDj">
<editdetail action="confirmed" attribution="Reuters BIP Coding Group" date="1997-03-14"></editdetail></code></codes>
<dc element="dc.publisher" value="Reuters Holdings Plc"></dc>
<dc element="dc.datepublished" value="1997-03-14"></dc>
<dc element="dc.source" value="Reuters - Notícias em Português"></dc>
<dc element="dc.creator.location" value=""></dc>
<dc element="dc.creator.location.country.name" value=""></dc></metadata></newsitem>