<?xml version="1.0" encoding="UTF-8"?>

<newsitem date="1996-12-04" id="root" itemid="50972" xml:lang="pt">
<title></title>
<headline> MONETÁRIO FECHA CALMO, PRAZOS CONTINUAM DESCIDA. </headline>
<byline></byline>
<dateline></dateline>
<text>
<p> Nos prazos do &apos;cash&apos;, a tendência de descida voltou a estar presente, segundo operadores devido sobretudo à oferta de fundos por parte de não residentes. </p>
<p> No fim da sessão, os três meses estavam em 6,55/6,60 pct, os seis meses em 6,15/6,22 pct e os 12 meses em 6,10/6,13 pct. </p>
<p> Na abertura, os três meses estavam em 6,57/6,60 pct, os seis meses em 6,15/6,25 pct e os 12 meses em 6,10/6,17 pct. </p>
<p> - Fernanda Pargana, Lisboa Editorial, 351-1-311.31.26 </p>
<p> (c) Reuters Limited 1996. </p></text>
<copyright>(c) Reuters Limited 1996</copyright>
<metadata>
<codes class="bip:countries:1.0">
<code code="ULGVoFFauB">
<editdetail action="confirmed" attribution="Reuters BIP Coding Group" date="1996-12-04"></editdetail></code>
<code code="lieIDlJUIw">
<editdetail action="confirmed" attribution="Reuters BIP Coding Group" date="1996-12-04"></editdetail></code>
<code code="WIHtQOZBJA">
<editdetail action="confirmed" attribution="Reuters BIP Coding Group" date="1996-12-04"></editdetail></code></codes>
<codes class="bip:topics:1.0">
<code code="vkxmSHHsWK">
<editdetail action="confirmed" attribution="Reuters BIP Coding Group" date="1996-12-04"></editdetail></code></codes>
<dc element="dc.publisher" value="Reuters Holdings Plc"></dc>
<dc element="dc.datepublished" value="1996-12-04"></dc>
<dc element="dc.source" value="Reuters - Notícias em Português"></dc>
<dc element="dc.creator.location" value=""></dc>
<dc element="dc.creator.location.country.name" value=""></dc></metadata></newsitem>