<?xml version="1.0" encoding="UTF-8"?>

<newsitem date="1996-10-23" id="root" itemid="49998" xml:lang="pt">
<title></title>
<headline> ÍNDICE PSI20 SOBE 0,13 PCT PARA 4.763,65 PONTOS. </headline>
<byline></byline>
<dateline></dateline>
<text>
<p> LISBOA, 23 Out (Reuter) - O índice PSI20 subiu 6,38 pontos para 4.763,65. </p>
<p> (c) Reuters Limited 1996. </p></text>
<copyright>(c) Reuters Limited 1996</copyright>
<metadata>
<codes class="bip:countries:1.0">
<code code="LLASaTRODV">
<editdetail action="confirmed" attribution="Reuters BIP Coding Group" date="1996-10-23"></editdetail></code>
<code code="kmoFaCiqYl">
<editdetail action="confirmed" attribution="Reuters BIP Coding Group" date="1996-10-23"></editdetail></code>
<code code="PSnHeDUVrD">
<editdetail action="confirmed" attribution="Reuters BIP Coding Group" date="1996-10-23"></editdetail></code></codes>
<codes class="bip:topics:1.0">
<code code="aNadqxcnrT">
<editdetail action="confirmed" attribution="Reuters BIP Coding Group" date="1996-10-23"></editdetail></code>
<code code="wufPjHOVPP">
<editdetail action="confirmed" attribution="Reuters BIP Coding Group" date="1996-10-23"></editdetail></code></codes>
<dc element="dc.publisher" value="Reuters Holdings Plc"></dc>
<dc element="dc.datepublished" value="1996-10-23"></dc>
<dc element="dc.source" value="Reuters - Notícias em Português"></dc>
<dc element="dc.creator.location" value=""></dc>
<dc element="dc.creator.location.country.name" value=""></dc></metadata></newsitem>