<?xml version="1.0" encoding="UTF-8"?>

<newsitem date="1996-09-02" id="root" itemid="48579" xml:lang="pt">
<title></title>
<headline> ÍNDICE PSI20 SOBE 13,05 PONTOS PARA 4.722,56. </headline>
<byline></byline>
<dateline></dateline>
<text>
<p> LISBOA, 2 Set (Reuter) - O índice PSI20 subiu 13,05 pontos para 4.722,56. </p>
<p> (c) Reuters Limited 1996. </p></text>
<copyright>(c) Reuters Limited 1996</copyright>
<metadata>
<codes class="bip:countries:1.0">
<code code="nRzFgnKlDL">
<editdetail action="confirmed" attribution="Reuters BIP Coding Group" date="1996-09-02"></editdetail></code>
<code code="aAIVfsEcZo">
<editdetail action="confirmed" attribution="Reuters BIP Coding Group" date="1996-09-02"></editdetail></code>
<code code="vowxjrNwby">
<editdetail action="confirmed" attribution="Reuters BIP Coding Group" date="1996-09-02"></editdetail></code></codes>
<codes class="bip:topics:1.0">
<code code="kkFYgRjaLy">
<editdetail action="confirmed" attribution="Reuters BIP Coding Group" date="1996-09-02"></editdetail></code>
<code code="itlRYTurGE">
<editdetail action="confirmed" attribution="Reuters BIP Coding Group" date="1996-09-02"></editdetail></code></codes>
<dc element="dc.publisher" value="Reuters Holdings Plc"></dc>
<dc element="dc.datepublished" value="1996-09-02"></dc>
<dc element="dc.source" value="Reuters - Notícias em Português"></dc>
<dc element="dc.creator.location" value=""></dc>
<dc element="dc.creator.location.country.name" value=""></dc></metadata></newsitem>