<?xml version="1.0" encoding="UTF-8"?>

<newsitem date="1997-05-28" id="root" itemid="55021" xml:lang="pt">
<title></title>
<headline> Índice PSI20 sobe 0,41 pct para 6.690,52 pontos. </headline>
<byline></byline>
<dateline></dateline>
<text>
<p> LISBOA, 28 Mai (Reuter) - O índice PSI20 sobe 27,57 pontos ou 0,41 pct para 6.690,52 pontos. </p>
<p> (c) Reuters Limited 1997. </p></text>
<copyright>(c) Reuters Limited 1997</copyright>
<metadata>
<codes class="bip:countries:1.0">
<code code="IxxaIcWBWQ">
<editdetail action="confirmed" attribution="Reuters BIP Coding Group" date="1997-05-28"></editdetail></code>
<code code="eMDbCDgfYt">
<editdetail action="confirmed" attribution="Reuters BIP Coding Group" date="1997-05-28"></editdetail></code>
<code code="LMrHEhxkxB">
<editdetail action="confirmed" attribution="Reuters BIP Coding Group" date="1997-05-28"></editdetail></code></codes>
<codes class="bip:topics:1.0">
<code code="mBkMABbmVZ">
<editdetail action="confirmed" attribution="Reuters BIP Coding Group" date="1997-05-28"></editdetail></code>
<code code="EMdKGyUJQp">
<editdetail action="confirmed" attribution="Reuters BIP Coding Group" date="1997-05-28"></editdetail></code></codes>
<dc element="dc.publisher" value="Reuters Holdings Plc"></dc>
<dc element="dc.datepublished" value="1997-05-28"></dc>
<dc element="dc.source" value="Reuters - Notícias em Português"></dc>
<dc element="dc.creator.location" value=""></dc>
<dc element="dc.creator.location.country.name" value=""></dc></metadata></newsitem>