<?xml version="1.0" encoding="UTF-8"?>

<newsitem date="1996-11-13" id="root" itemid="50509" xml:lang="pt">
<title></title>
<headline> INE PREVÊ DIVULGAR INFLAÇÃO OUT 96 ÀS 1500 HORAS. </headline>
<byline></byline>
<dateline></dateline>
<text>
<p> LISBOA, 13 Nov (Reuter) - O Instituto Nacional de Estatística (INE) prevê divulgar o Índice de Preços no Consumidor (IPC), de Outubro último, às 1500 horas, disse fonte do instituto. </p>
<p> - Lisboa Editorial, 351.1.3113121. </p>
<p> (c) Reuters Limited 1996. </p></text>
<copyright>(c) Reuters Limited 1996</copyright>
<metadata>
<codes class="bip:countries:1.0">
<code code="eeGFvcwEWu">
<editdetail action="confirmed" attribution="Reuters BIP Coding Group" date="1996-11-13"></editdetail></code>
<code code="hHypGQDXIP">
<editdetail action="confirmed" attribution="Reuters BIP Coding Group" date="1996-11-13"></editdetail></code>
<code code="VwTiMimuBj">
<editdetail action="confirmed" attribution="Reuters BIP Coding Group" date="1996-11-13"></editdetail></code></codes>
<codes class="bip:topics:1.0">
<code code="UMmWNMtWcH">
<editdetail action="confirmed" attribution="Reuters BIP Coding Group" date="1996-11-13"></editdetail></code>
<code code="TxaAWboDWt">
<editdetail action="confirmed" attribution="Reuters BIP Coding Group" date="1996-11-13"></editdetail></code>
<code code="YYUgtnyVRC">
<editdetail action="confirmed" attribution="Reuters BIP Coding Group" date="1996-11-13"></editdetail></code></codes>
<dc element="dc.publisher" value="Reuters Holdings Plc"></dc>
<dc element="dc.datepublished" value="1996-11-13"></dc>
<dc element="dc.source" value="Reuters - Notícias em Português"></dc>
<dc element="dc.creator.location" value=""></dc>
<dc element="dc.creator.location.country.name" value=""></dc></metadata></newsitem>