<?xml version="1.0" encoding="UTF-8"?>

<newsitem date="1996-11-28" id="root" itemid="50869" xml:lang="pt">
<title></title>
<headline> ÍNDICE PSI20 SOBE 1,05 PONTOS PARA 4.937,93. </headline>
<byline></byline>
<dateline></dateline>
<text>
<p> LISBOA, 27 Nov (Reuter) - O&apos;índice PSI20 subiu 1,05 pontos, ou 0,02 pct, para 4.937,93. </p>
<p> (c) Reuters Limited 1996. </p></text>
<copyright>(c) Reuters Limited 1996</copyright>
<metadata>
<codes class="bip:countries:1.0">
<code code="vsxXiTUMPa">
<editdetail action="confirmed" attribution="Reuters BIP Coding Group" date="1996-11-28"></editdetail></code>
<code code="JsjCHzzaQE">
<editdetail action="confirmed" attribution="Reuters BIP Coding Group" date="1996-11-28"></editdetail></code>
<code code="uDVKesHGUz">
<editdetail action="confirmed" attribution="Reuters BIP Coding Group" date="1996-11-28"></editdetail></code></codes>
<codes class="bip:topics:1.0">
<code code="lqmJtusYOM">
<editdetail action="confirmed" attribution="Reuters BIP Coding Group" date="1996-11-28"></editdetail></code>
<code code="JiAFGYyzCA">
<editdetail action="confirmed" attribution="Reuters BIP Coding Group" date="1996-11-28"></editdetail></code></codes>
<dc element="dc.publisher" value="Reuters Holdings Plc"></dc>
<dc element="dc.datepublished" value="1996-11-28"></dc>
<dc element="dc.source" value="Reuters - Notícias em Português"></dc>
<dc element="dc.creator.location" value=""></dc>
<dc element="dc.creator.location.country.name" value=""></dc></metadata></newsitem>