<?xml version="1.0" encoding="UTF-8"?>

<newsitem date="1996-11-18" id="root" itemid="50596" xml:lang="pt">
<title></title>
<headline> GUTERRES RECEBE EM AUDIÊNCIA HANS TIETMEYER. </headline>
<byline></byline>
<dateline></dateline>
<text>
<p> LISBOA, 18 Nov (Reuter) - O primeiro ministro António Guterres recebe, esta tarde às 1815 horas, o presidente do Bundesbank, Hans Tietmeyer, anunciou o gabinete do primeiro ministro em comunicado. </p>
<p> - Lisboa Editorial, 351.1.3113121. </p>
<p> (c) Reuters Limited 1996. </p></text>
<copyright>(c) Reuters Limited 1996</copyright>
<metadata>
<codes class="bip:countries:1.0">
<code code="eyRvdHmDyZ">
<editdetail action="confirmed" attribution="Reuters BIP Coding Group" date="1996-11-18"></editdetail></code>
<code code="eMxfZzdmPT">
<editdetail action="confirmed" attribution="Reuters BIP Coding Group" date="1996-11-18"></editdetail></code>
<code code="MmCXxflhrI">
<editdetail action="confirmed" attribution="Reuters BIP Coding Group" date="1996-11-18"></editdetail></code>
<code code="bCnZJGiDoi">
<editdetail action="confirmed" attribution="Reuters BIP Coding Group" date="1996-11-18"></editdetail></code></codes>
<codes class="bip:topics:1.0">
<code code="MoxvogYeeK">
<editdetail action="confirmed" attribution="Reuters BIP Coding Group" date="1996-11-18"></editdetail></code>
<code code="iwUAeVkFvW">
<editdetail action="confirmed" attribution="Reuters BIP Coding Group" date="1996-11-18"></editdetail></code></codes>
<dc element="dc.publisher" value="Reuters Holdings Plc"></dc>
<dc element="dc.datepublished" value="1996-11-18"></dc>
<dc element="dc.source" value="Reuters - Notícias em Português"></dc>
<dc element="dc.creator.location" value=""></dc>
<dc element="dc.creator.location.country.name" value=""></dc></metadata></newsitem>