<?xml version="1.0" encoding="UTF-8"?>

<newsitem date="1997-06-30" id="root" itemid="55809" xml:lang="pt">
<title></title>
<headline> Índice PSI20 cai 1,13 pct para 7.336,74 pontos. </headline>
<byline></byline>
<dateline></dateline>
<text>
<p> LISBOA, 30 Jun (Reuter) - O índice PSI20 caiu 83,74 pontos ou 1,13 pct para 7.336,74 pontos. </p>
<p> (c) Reuters Limited 1997. </p></text>
<copyright>(c) Reuters Limited 1997</copyright>
<metadata>
<codes class="bip:countries:1.0">
<code code="wjKnfemAMm">
<editdetail action="confirmed" attribution="Reuters BIP Coding Group" date="1997-06-30"></editdetail></code>
<code code="wsKGTVxnYH">
<editdetail action="confirmed" attribution="Reuters BIP Coding Group" date="1997-06-30"></editdetail></code>
<code code="PcaqgmlKba">
<editdetail action="confirmed" attribution="Reuters BIP Coding Group" date="1997-06-30"></editdetail></code></codes>
<codes class="bip:topics:1.0">
<code code="kKYDgRehOX">
<editdetail action="confirmed" attribution="Reuters BIP Coding Group" date="1997-06-30"></editdetail></code>
<code code="lPylfxzxQH">
<editdetail action="confirmed" attribution="Reuters BIP Coding Group" date="1997-06-30"></editdetail></code></codes>
<dc element="dc.publisher" value="Reuters Holdings Plc"></dc>
<dc element="dc.datepublished" value="1997-06-30"></dc>
<dc element="dc.source" value="Reuters - Notícias em Português"></dc>
<dc element="dc.creator.location" value=""></dc>
<dc element="dc.creator.location.country.name" value=""></dc></metadata></newsitem>