<?xml version="1.0" encoding="UTF-8"?>

<newsitem date="1996-12-04" id="root" itemid="50948" xml:lang="pt">
<title></title>
<headline> ESCUDO ABRE ESTÁVEL VS MARCO EM SESSÃO CALMA. </headline>
<byline></byline>
<dateline></dateline>
<text>
<p> O escudo abriu estável contra o marco, numa sessão que se prevê calma e com um range de variação entre 100,80 e 100,95. Dealers dizem que o escudo encontrou, para já, equilíbrio entre os 100,80 e os 100,90 por marco, mas que pode voltar a quebrar o suporte de 100,80. </p>
<p> (c) Reuters Limited 1996. </p></text>
<copyright>(c) Reuters Limited 1996</copyright>
<metadata>
<codes class="bip:countries:1.0">
<code code="lCXxUYxrLp">
<editdetail action="confirmed" attribution="Reuters BIP Coding Group" date="1996-12-04"></editdetail></code>
<code code="nxqUidryrS">
<editdetail action="confirmed" attribution="Reuters BIP Coding Group" date="1996-12-04"></editdetail></code>
<code code="fogBJASBDW">
<editdetail action="confirmed" attribution="Reuters BIP Coding Group" date="1996-12-04"></editdetail></code></codes>
<codes class="bip:topics:1.0">
<code code="nZorkAHgWg">
<editdetail action="confirmed" attribution="Reuters BIP Coding Group" date="1996-12-04"></editdetail></code>
<code code="QEKTWDduue">
<editdetail action="confirmed" attribution="Reuters BIP Coding Group" date="1996-12-04"></editdetail></code>
<code code="EewbKGzUpT">
<editdetail action="confirmed" attribution="Reuters BIP Coding Group" date="1996-12-04"></editdetail></code></codes>
<dc element="dc.publisher" value="Reuters Holdings Plc"></dc>
<dc element="dc.datepublished" value="1996-12-04"></dc>
<dc element="dc.source" value="Reuters - Notícias em Português"></dc>
<dc element="dc.creator.location" value=""></dc>
<dc element="dc.creator.location.country.name" value=""></dc></metadata></newsitem>