<?xml version="1.0" encoding="UTF-8"?>

<newsitem date="1997-08-12" id="root" itemid="56914" xml:lang="pt">
<title></title>
<headline> Futuro PSI20 Ago97 sobe 60 pontos para 8.280. </headline>
<byline></byline>
<dateline></dateline>
<text>
<p> *Futuro PSI20 Ago97 (PSI20Q7)sobe 60 pontos vs 8.280 *Índice PSI-20 (.PSI20)sobe 0,27 pct para 8.239,12 pontos *BPSM sobe 45 escudos para 2.725. Negociadas 33.600 *Banco Mello sobe 10 esc p/1.720. Negociadas 10.500 *EDP sobe 9 escudos para 3.206. Negociadas 10.375. </p>
<p>      ---Paula Cordeiro, Lisboa Editorial, 351-1-3113125. </p>
<p> (c) Reuters Limited 1997. </p></text>
<copyright>(c) Reuters Limited 1997</copyright>
<metadata>
<codes class="bip:countries:1.0">
<code code="vbKOPBfOzR">
<editdetail action="confirmed" attribution="Reuters BIP Coding Group" date="1997-08-12"></editdetail></code>
<code code="nNGOpgBmPV">
<editdetail action="confirmed" attribution="Reuters BIP Coding Group" date="1997-08-12"></editdetail></code>
<code code="WqlefqZkCn">
<editdetail action="confirmed" attribution="Reuters BIP Coding Group" date="1997-08-12"></editdetail></code></codes>
<codes class="bip:topics:1.0">
<code code="vPlAfTxIhR">
<editdetail action="confirmed" attribution="Reuters BIP Coding Group" date="1997-08-12"></editdetail></code>
<code code="UYTmItroYN">
<editdetail action="confirmed" attribution="Reuters BIP Coding Group" date="1997-08-12"></editdetail></code></codes>
<dc element="dc.publisher" value="Reuters Holdings Plc"></dc>
<dc element="dc.datepublished" value="1997-08-12"></dc>
<dc element="dc.source" value="Reuters - Notícias em Português"></dc>
<dc element="dc.creator.location" value=""></dc>
<dc element="dc.creator.location.country.name" value=""></dc></metadata></newsitem>