<?xml version="1.0" encoding="UTF-8"?>

<newsitem date="1997-07-11" id="root" itemid="56132" xml:lang="pt">
<title></title>
<headline> PJ de Braga diz apreende 600 quilos de cocaína. </headline>
<byline></byline>
<dateline></dateline>
<text>
<p> LISBOA, 11 Jul (Reuter) - A Polícia Judiciária (PJ) de Braga apreendeu hoje 600 quilos de cocaína em Braga, tendo sido presas quatro pessoas, dois portugueses e dois espanhóis, disse o Inspector Lino Braga, da PJ de Braga. </p>
<p> Segundo João Neto, do Gabinete de Imprensa da PJ, vai ser dada uma conferência de imprensa hoje à tarde onde serão apresentados os resultados da operação. </p>
<p> - Lisboa Editorial, 351.1.311.31.26. </p>
<p> (c) Reuters Limited 1997. </p></text>
<copyright>(c) Reuters Limited 1997</copyright>
<metadata>
<codes class="bip:countries:1.0">
<code code="hotbFTJWOH">
<editdetail action="confirmed" attribution="Reuters BIP Coding Group" date="1997-07-11"></editdetail></code>
<code code="WWhLrQXFzK">
<editdetail action="confirmed" attribution="Reuters BIP Coding Group" date="1997-07-11"></editdetail></code>
<code code="HziqNqBxwh">
<editdetail action="confirmed" attribution="Reuters BIP Coding Group" date="1997-07-11"></editdetail></code></codes>
<codes class="bip:topics:1.0">
<code code="zArYZkqqfK">
<editdetail action="confirmed" attribution="Reuters BIP Coding Group" date="1997-07-11"></editdetail></code>
<code code="lWTRCGrPTz">
<editdetail action="confirmed" attribution="Reuters BIP Coding Group" date="1997-07-11"></editdetail></code></codes>
<dc element="dc.publisher" value="Reuters Holdings Plc"></dc>
<dc element="dc.datepublished" value="1997-07-11"></dc>
<dc element="dc.source" value="Reuters - Notícias em Português"></dc>
<dc element="dc.creator.location" value=""></dc>
<dc element="dc.creator.location.country.name" value=""></dc></metadata></newsitem>