<?xml version="1.0" encoding="UTF-8"?>

<newsitem date="1997-03-27" id="root" itemid="53600" xml:lang="pt">
<title></title>
<headline> Monetário fecha calmo e sem alteração de taxas. </headline>
<byline></byline>
<dateline></dateline>
<text>
<p> O monetário fechou com liquidez, levando o Banco de Portugal (BP) a absorver 15,75 milhões de contos (MC) de fundos, tendo o curto-prazo colado à absorção do BP e sem que os prazos mostrassem actividade, fechando as taxas estabilizadas aos níveis de abertura e de fecho de ontem, disseram dealers. </p>
<p> - Lisboa Editorial, 351-1-311.31.26 </p>
<p> (c) Reuters Limited 1997. </p></text>
<copyright>(c) Reuters Limited 1997</copyright>
<metadata>
<codes class="bip:countries:1.0">
<code code="OcPSXXeFVP">
<editdetail action="confirmed" attribution="Reuters BIP Coding Group" date="1997-03-27"></editdetail></code>
<code code="vjWNsiDsSQ">
<editdetail action="confirmed" attribution="Reuters BIP Coding Group" date="1997-03-27"></editdetail></code>
<code code="UmnIGspQfR">
<editdetail action="confirmed" attribution="Reuters BIP Coding Group" date="1997-03-27"></editdetail></code></codes>
<codes class="bip:topics:1.0">
<code code="YatSyDtScK">
<editdetail action="confirmed" attribution="Reuters BIP Coding Group" date="1997-03-27"></editdetail></code>
<code code="gIXhvXsfZR">
<editdetail action="confirmed" attribution="Reuters BIP Coding Group" date="1997-03-27"></editdetail></code></codes>
<dc element="dc.publisher" value="Reuters Holdings Plc"></dc>
<dc element="dc.datepublished" value="1997-03-27"></dc>
<dc element="dc.source" value="Reuters - Notícias em Português"></dc>
<dc element="dc.creator.location" value=""></dc>
<dc element="dc.creator.location.country.name" value=""></dc></metadata></newsitem>