<?xml version="1.0" encoding="UTF-8"?>

<newsitem date="1996-11-29" id="root" itemid="50883" xml:lang="pt">
<title></title>
<headline> ESCUDO ABRE ESTÁVEL VS MARCO EM SESSÃO CALMA. </headline>
<byline></byline>
<dateline></dateline>
<text>
<p> O escudo abriu calmo e estabilizado nos 101,00 por marco, numa sessão que se prevê apática, não só porque o ambiente externo é também de alguma estabilidade, mas também porque se aproxima um longo fim-de-semana. Dealers dizem que o escudo deverá oscilar entre 100,98 e 101,10 por marco. </p>
<p> (c) Reuters Limited 1996. </p></text>
<copyright>(c) Reuters Limited 1996</copyright>
<metadata>
<codes class="bip:countries:1.0">
<code code="jFsSASFXzg">
<editdetail action="confirmed" attribution="Reuters BIP Coding Group" date="1996-11-29"></editdetail></code>
<code code="tNydZYVDMM">
<editdetail action="confirmed" attribution="Reuters BIP Coding Group" date="1996-11-29"></editdetail></code>
<code code="YFrGIsKBcC">
<editdetail action="confirmed" attribution="Reuters BIP Coding Group" date="1996-11-29"></editdetail></code></codes>
<codes class="bip:topics:1.0">
<code code="IUwwWboACv">
<editdetail action="confirmed" attribution="Reuters BIP Coding Group" date="1996-11-29"></editdetail></code>
<code code="fIOoYuMxBc">
<editdetail action="confirmed" attribution="Reuters BIP Coding Group" date="1996-11-29"></editdetail></code>
<code code="UGbQUaHaxS">
<editdetail action="confirmed" attribution="Reuters BIP Coding Group" date="1996-11-29"></editdetail></code></codes>
<dc element="dc.publisher" value="Reuters Holdings Plc"></dc>
<dc element="dc.datepublished" value="1996-11-29"></dc>
<dc element="dc.source" value="Reuters - Notícias em Português"></dc>
<dc element="dc.creator.location" value=""></dc>
<dc element="dc.creator.location.country.name" value=""></dc></metadata></newsitem>