<?xml version="1.0" encoding="UTF-8"?>

<newsitem date="1996-12-19" id="root" itemid="51359" xml:lang="pt">
<title></title>
<headline> LOTARIA DO NATAL-PRIMEIRO PRÉMIO-NÚMERO 126.039. </headline>
<byline></byline>
<dateline></dateline>
<text>
<p> LISBOA, 19 Dez (Reuters) - O primeiro prémio da Lotaria do Natal, no valor de 1,1 milhões de contos (MC), coube ao número 126.039, ditou o sorteio realizado na Santa Casa da Misericórdia de Lisboa. </p>
<p> O segundo prémio, no valor de 100 mil contos, saiu ao número 5.433, enquanto o terceiro, no valor de 30 mil contos, coube ao 29.087. </p>
<p> (c) Reuters Limited 1996. </p></text>
<copyright>(c) Reuters Limited 1996</copyright>
<metadata>
<codes class="bip:countries:1.0">
<code code="HuSQoGppmd">
<editdetail action="confirmed" attribution="Reuters BIP Coding Group" date="1996-12-19"></editdetail></code>
<code code="ywUMUIrDvI">
<editdetail action="confirmed" attribution="Reuters BIP Coding Group" date="1996-12-19"></editdetail></code>
<code code="QBiNJFeMyH">
<editdetail action="confirmed" attribution="Reuters BIP Coding Group" date="1996-12-19"></editdetail></code></codes>
<codes class="bip:topics:1.0">
<code code="wHICxbIGtY">
<editdetail action="confirmed" attribution="Reuters BIP Coding Group" date="1996-12-19"></editdetail></code></codes>
<dc element="dc.publisher" value="Reuters Holdings Plc"></dc>
<dc element="dc.datepublished" value="1996-12-19"></dc>
<dc element="dc.source" value="Reuters - Notícias em Português"></dc>
<dc element="dc.creator.location" value=""></dc>
<dc element="dc.creator.location.country.name" value=""></dc></metadata></newsitem>