<?xml version="1.0" encoding="UTF-8"?>

<newsitem date="1996-10-08" id="root" itemid="49561" xml:lang="pt">
<title></title>
<headline> FUTURO LISBOR MAR/97 ABRE A 93,43 VS 93,44 ANTES. </headline>
<byline></byline>
<dateline></dateline>
<text>
<p> LISBOA, 8 Out (Reuter) - O futuro sobre a Lisbor a três meses com vencimento em Março de 1997 abriu a 93,43 contra 93,42 no anterior fecho, com 10 contratos efectuados. </p>
<p> *BP cede em leilão até 80 MC e absorve a 6,80 pct </p>
<p> *Maioria bids leilão OT/Mar/99 prevê-se 6,75/6,85 pct </p>
<p> - Lisboa Editorial, 351-1-311.31.26 </p>
<p> (c) Reuters Limited 1996. </p></text>
<copyright>(c) Reuters Limited 1996</copyright>
<metadata>
<codes class="bip:countries:1.0">
<code code="OkEnKatHua">
<editdetail action="confirmed" attribution="Reuters BIP Coding Group" date="1996-10-08"></editdetail></code>
<code code="YkrqKSmfmY">
<editdetail action="confirmed" attribution="Reuters BIP Coding Group" date="1996-10-08"></editdetail></code>
<code code="ZsGWEpDItQ">
<editdetail action="confirmed" attribution="Reuters BIP Coding Group" date="1996-10-08"></editdetail></code></codes>
<codes class="bip:topics:1.0">
<code code="TvSJwsVKkZ">
<editdetail action="confirmed" attribution="Reuters BIP Coding Group" date="1996-10-08"></editdetail></code>
<code code="VoipfsVUIR">
<editdetail action="confirmed" attribution="Reuters BIP Coding Group" date="1996-10-08"></editdetail></code>
<code code="poqQMFTfNF">
<editdetail action="confirmed" attribution="Reuters BIP Coding Group" date="1996-10-08"></editdetail></code></codes>
<dc element="dc.publisher" value="Reuters Holdings Plc"></dc>
<dc element="dc.datepublished" value="1996-10-08"></dc>
<dc element="dc.source" value="Reuters - Notícias em Português"></dc>
<dc element="dc.creator.location" value=""></dc>
<dc element="dc.creator.location.country.name" value=""></dc></metadata></newsitem>