<?xml version="1.0" encoding="UTF-8"?>

<newsitem date="1997-02-24" id="root" itemid="52787" xml:lang="pt">
<title></title>
<headline> ISG promove seminário sobre tecnologias informação. </headline>
<byline></byline>
<dateline></dateline>
<text>
<p> LISBOA, 24 Fev (Reuter) - O Instituto Superior de Gestão (ISG) vai promover a realização de uma conferência sobre &quot;as novas tecnologias de informação na gestão empresarial&quot;, anunciou o ISG em comunicado. </p>
<p> A conferência será proferida pelo professor doutourado António Dias de Figueiredo, no ISG, pelas 1800 horas. </p>
<p> - Lisboa Editorial, 351.1.311.31.26. </p>
<p> (c) Reuters Limited 1997. </p></text>
<copyright>(c) Reuters Limited 1997</copyright>
<metadata>
<codes class="bip:countries:1.0">
<code code="UAYQnIEpjU">
<editdetail action="confirmed" attribution="Reuters BIP Coding Group" date="1997-02-24"></editdetail></code>
<code code="nDrvtfolnC">
<editdetail action="confirmed" attribution="Reuters BIP Coding Group" date="1997-02-24"></editdetail></code>
<code code="gNwttJvPHc">
<editdetail action="confirmed" attribution="Reuters BIP Coding Group" date="1997-02-24"></editdetail></code></codes>
<codes class="bip:topics:1.0">
<code code="BIsqeYSxdD">
<editdetail action="confirmed" attribution="Reuters BIP Coding Group" date="1997-02-24"></editdetail></code></codes>
<dc element="dc.publisher" value="Reuters Holdings Plc"></dc>
<dc element="dc.datepublished" value="1997-02-24"></dc>
<dc element="dc.source" value="Reuters - Notícias em Português"></dc>
<dc element="dc.creator.location" value=""></dc>
<dc element="dc.creator.location.country.name" value=""></dc></metadata></newsitem>