<?xml version="1.0" encoding="UTF-8"?>

<newsitem date="1997-07-10" id="root" itemid="56098" xml:lang="pt">
<title></title>
<headline> Índice PSI-20 cai 0,29 pct para 8.075,47 pontos. </headline>
<byline></byline>
<dateline></dateline>
<text>
<p> *Índice PSI-20 (.PSI20)cai 0,29 pct para 8.075,47 pontos *EDP cai 5 escudos para 3.300. Negociadas 30.100 *BPSM sobe 11 escudos para 1.930. Negociadas 22.000 *BTA cai 50 escudos para 3.575. Negociadas 10.800 *BCP cai um escudo para 3.398. Negociadas 4.000 *BPI-SGPS estável nos 4.100 escudos, com 3.800. </p>
<p>  *Futuro PT Jul97 (PTCON7)cai 35 pontos para 7.720 </p>
<p>      ---Paula Cordeiro, Lisboa Editorial, 351-1-3113125. </p>
<p> (c) Reuters Limited 1997. </p></text>
<copyright>(c) Reuters Limited 1997</copyright>
<metadata>
<codes class="bip:countries:1.0">
<code code="begJLRxTgf">
<editdetail action="confirmed" attribution="Reuters BIP Coding Group" date="1997-07-10"></editdetail></code>
<code code="JjGHWCALdQ">
<editdetail action="confirmed" attribution="Reuters BIP Coding Group" date="1997-07-10"></editdetail></code>
<code code="aCRWaUkdCR">
<editdetail action="confirmed" attribution="Reuters BIP Coding Group" date="1997-07-10"></editdetail></code></codes>
<codes class="bip:topics:1.0">
<code code="EbLqfWhUxH">
<editdetail action="confirmed" attribution="Reuters BIP Coding Group" date="1997-07-10"></editdetail></code>
<code code="lBNZAIpZeM">
<editdetail action="confirmed" attribution="Reuters BIP Coding Group" date="1997-07-10"></editdetail></code></codes>
<dc element="dc.publisher" value="Reuters Holdings Plc"></dc>
<dc element="dc.datepublished" value="1997-07-10"></dc>
<dc element="dc.source" value="Reuters - Notícias em Português"></dc>
<dc element="dc.creator.location" value=""></dc>
<dc element="dc.creator.location.country.name" value=""></dc></metadata></newsitem>