<?xml version="1.0" encoding="UTF-8"?>

<newsitem date="1997-08-18" id="root" itemid="57024" xml:lang="pt">
<title></title>
<headline> Negociação Bolsa Lisboa interrompida. </headline>
<byline></byline>
<dateline></dateline>
<text>
<p> LISBOA, 18 Ago (Reuter) - A negociação da Bolsa de Valores de Lisboa está interrompida, devido a problemas técnicos, disseram dealers. </p>
<p> Uma fonte da Bolsa de Lisboa disse que ainda não existe uma previsão para quando será retomada a negociação. </p>
<p> - Paula Cordeiro, Lisboa Editorial, 351-1-3150035. </p>
<p> (c) Reuters Limited 1997. </p></text>
<copyright>(c) Reuters Limited 1997</copyright>
<metadata>
<codes class="bip:countries:1.0">
<code code="LUwHFNZvXo">
<editdetail action="confirmed" attribution="Reuters BIP Coding Group" date="1997-08-18"></editdetail></code>
<code code="SJPqYKdOTc">
<editdetail action="confirmed" attribution="Reuters BIP Coding Group" date="1997-08-18"></editdetail></code>
<code code="PyoSJNsMgb">
<editdetail action="confirmed" attribution="Reuters BIP Coding Group" date="1997-08-18"></editdetail></code></codes>
<codes class="bip:topics:1.0">
<code code="ooCFopIxtY">
<editdetail action="confirmed" attribution="Reuters BIP Coding Group" date="1997-08-18"></editdetail></code></codes>
<dc element="dc.publisher" value="Reuters Holdings Plc"></dc>
<dc element="dc.datepublished" value="1997-08-18"></dc>
<dc element="dc.source" value="Reuters - Notícias em Português"></dc>
<dc element="dc.creator.location" value=""></dc>
<dc element="dc.creator.location.country.name" value=""></dc></metadata></newsitem>