<?xml version="1.0" encoding="UTF-8"?>

<newsitem date="1997-04-15" id="root" itemid="53943" xml:lang="pt">
<title></title>
<headline> Escudo desliza manhã vs marco, ignora dólar forte. </headline>
<byline></byline>
<dateline></dateline>
<text>
<p> O escudo manteve-se a deslizar contra o marco ao longo da manhã, queda limitada aos 100,00, onde existe uma boa resistência. Dealers dizem que o mercado está com interesses relativamente equilibrados e sem qualquer reacção ao. </p>
<p>     ----José Barata, Lisboa Editorial, 351.1.3113121. </p>
<p> (c) Reuters Limited 1997. </p></text>
<copyright>(c) Reuters Limited 1997</copyright>
<metadata>
<codes class="bip:countries:1.0">
<code code="PJMYGFqMwI">
<editdetail action="confirmed" attribution="Reuters BIP Coding Group" date="1997-04-15"></editdetail></code>
<code code="dSRRXsFJSg">
<editdetail action="confirmed" attribution="Reuters BIP Coding Group" date="1997-04-15"></editdetail></code>
<code code="szoOXZONVB">
<editdetail action="confirmed" attribution="Reuters BIP Coding Group" date="1997-04-15"></editdetail></code></codes>
<codes class="bip:topics:1.0">
<code code="EmjKULefia">
<editdetail action="confirmed" attribution="Reuters BIP Coding Group" date="1997-04-15"></editdetail></code>
<code code="RFAjNzoGhv">
<editdetail action="confirmed" attribution="Reuters BIP Coding Group" date="1997-04-15"></editdetail></code>
<code code="jQDyyJnpjO">
<editdetail action="confirmed" attribution="Reuters BIP Coding Group" date="1997-04-15"></editdetail></code></codes>
<dc element="dc.publisher" value="Reuters Holdings Plc"></dc>
<dc element="dc.datepublished" value="1997-04-15"></dc>
<dc element="dc.source" value="Reuters - Notícias em Português"></dc>
<dc element="dc.creator.location" value=""></dc>
<dc element="dc.creator.location.country.name" value=""></dc></metadata></newsitem>