<?xml version="1.0" encoding="UTF-8"?>

<newsitem date="1996-09-10" id="root" itemid="48779" xml:lang="pt">
<title></title>
<headline> FUTURO OT10 SET96 ABRE 96,34 VERSUS 96,27 ANTERIOR. </headline>
<byline></byline>
<dateline></dateline>
<text>
<p> *Futuro OT10 Set96 sobe 0,07 pontos para 96,34. </p>
<p> *Futuro Bono Set/96 102,36 vs 102,13 fecho anterior </p>
<p> *Bonos/Fev/05 com yield de 8,61 pct vs 8,65 pct fecho ontem </p>
<p> *Dólar 1,5000/10 marcos vs 1,4945/50 no fecho da Europa </p>
<p> *Tesouro leiloa 20 MC OT/Mar/99,prevê-se entre 7,50/7,57 pct. </p>
<p> (c) Reuters Limited 1996. </p></text>
<copyright>(c) Reuters Limited 1996</copyright>
<metadata>
<codes class="bip:countries:1.0">
<code code="aygVgjexQz">
<editdetail action="confirmed" attribution="Reuters BIP Coding Group" date="1996-09-10"></editdetail></code>
<code code="CJrKIJCBrG">
<editdetail action="confirmed" attribution="Reuters BIP Coding Group" date="1996-09-10"></editdetail></code>
<code code="DkglDlUgSK">
<editdetail action="confirmed" attribution="Reuters BIP Coding Group" date="1996-09-10"></editdetail></code></codes>
<codes class="bip:topics:1.0">
<code code="CKvgMAEswi">
<editdetail action="confirmed" attribution="Reuters BIP Coding Group" date="1996-09-10"></editdetail></code>
<code code="LQuiJjkWYj">
<editdetail action="confirmed" attribution="Reuters BIP Coding Group" date="1996-09-10"></editdetail></code></codes>
<dc element="dc.publisher" value="Reuters Holdings Plc"></dc>
<dc element="dc.datepublished" value="1996-09-10"></dc>
<dc element="dc.source" value="Reuters - Notícias em Português"></dc>
<dc element="dc.creator.location" value=""></dc>
<dc element="dc.creator.location.country.name" value=""></dc></metadata></newsitem>