<?xml version="1.0" encoding="UTF-8"?>

<newsitem date="1997-07-15" id="root" itemid="56208" xml:lang="pt">
<title></title>
<headline> Futuro PSI20 Jul97 cai 14 pontos para 7.881. </headline>
<byline></byline>
<dateline></dateline>
<text>
<p> *Futuro PSI20 Jul97 (PSI20N7)cai 14 pontos para 7.881 *Índice PSI-20 (.PSI20)cai 0,08 pct para 7.889,67 pontos *BPSM desce 71 escudos para 1.705. Negociadas 41.100 *Crisal sobe 100 escudos para 3.200.Negociadas 27.400 *BESCL estável nos 4.400 escudos. Negociadas 15.108. </p>
<p>      ---Paula Cordeiro, Lisboa Editorial, 351-1-3113125. </p>
<p> (c) Reuters Limited 1997. </p></text>
<copyright>(c) Reuters Limited 1997</copyright>
<metadata>
<codes class="bip:countries:1.0">
<code code="OwnYFcxipi">
<editdetail action="confirmed" attribution="Reuters BIP Coding Group" date="1997-07-15"></editdetail></code>
<code code="raJZpRZUuP">
<editdetail action="confirmed" attribution="Reuters BIP Coding Group" date="1997-07-15"></editdetail></code>
<code code="nzUCJQPoXu">
<editdetail action="confirmed" attribution="Reuters BIP Coding Group" date="1997-07-15"></editdetail></code></codes>
<codes class="bip:topics:1.0">
<code code="hPTRHbeeVR">
<editdetail action="confirmed" attribution="Reuters BIP Coding Group" date="1997-07-15"></editdetail></code>
<code code="SUbnrEFaPL">
<editdetail action="confirmed" attribution="Reuters BIP Coding Group" date="1997-07-15"></editdetail></code></codes>
<dc element="dc.publisher" value="Reuters Holdings Plc"></dc>
<dc element="dc.datepublished" value="1997-07-15"></dc>
<dc element="dc.source" value="Reuters - Notícias em Português"></dc>
<dc element="dc.creator.location" value=""></dc>
<dc element="dc.creator.location.country.name" value=""></dc></metadata></newsitem>