<?xml version="1.0" encoding="UTF-8"?>

<newsitem date="1997-01-21" id="root" itemid="51964" xml:lang="pt">
<title></title>
<headline> ACÇÕES SEGUEM CAIR, MERCADOS DEPENDENTES GREENSPAN. </headline>
<byline></byline>
<dateline></dateline>
<text>
<p> As acções do Contínuo e os Futuros sobre o PSI20 seguiam a cair na meia sessão com os investidores a prosseguirem com a realização de mais-valias, ainda para mais com a abertura em queda da Wall Street. Os mercados financeiros aguardam com bastante expectativa o discurso esta tarde de Alan Greenspan. O volume em acções ascende a seis milhões de contos. </p>
<p> (c) Reuters Limited 1997. </p></text>
<copyright>(c) Reuters Limited 1997</copyright>
<metadata>
<codes class="bip:countries:1.0">
<code code="HVkUJzGMKS">
<editdetail action="confirmed" attribution="Reuters BIP Coding Group" date="1997-01-21"></editdetail></code>
<code code="ToIUmbBNVV">
<editdetail action="confirmed" attribution="Reuters BIP Coding Group" date="1997-01-21"></editdetail></code>
<code code="BIZfHhsUgB">
<editdetail action="confirmed" attribution="Reuters BIP Coding Group" date="1997-01-21"></editdetail></code></codes>
<codes class="bip:topics:1.0">
<code code="YnwQBOUHsJ">
<editdetail action="confirmed" attribution="Reuters BIP Coding Group" date="1997-01-21"></editdetail></code>
<code code="XBFoXWWhDh">
<editdetail action="confirmed" attribution="Reuters BIP Coding Group" date="1997-01-21"></editdetail></code></codes>
<dc element="dc.publisher" value="Reuters Holdings Plc"></dc>
<dc element="dc.datepublished" value="1997-01-21"></dc>
<dc element="dc.source" value="Reuters - Notícias em Português"></dc>
<dc element="dc.creator.location" value=""></dc>
<dc element="dc.creator.location.country.name" value=""></dc></metadata></newsitem>