<?xml version="1.0" encoding="UTF-8"?>

<newsitem date="1996-12-18" id="root" itemid="51330" xml:lang="pt">
<title></title>
<headline> ACÇÕES NÃO REAGEM CORTE TXS BP, MAS MANTÊM ALTA. </headline>
<byline></byline>
<dateline></dateline>
<text>
<p> As acções do Contínuo não reagiram ao corte das taxas directoras do Banco de Portugal (BP), com o mercado a manter a tendência de alta, esperando a abertura de Nova Iorque para consolidar ou não esta tendência. O corte das taxas já era esperado, afirmaram dealers. </p>
<p> - Paula Cordeiro, Lisboa Editorial, 351-1-3150035. (c) Reuters Limited 1996. </p></text>
<copyright>(c) Reuters Limited 1996</copyright>
<metadata>
<codes class="bip:countries:1.0">
<code code="OHpOMDljqf">
<editdetail action="confirmed" attribution="Reuters BIP Coding Group" date="1996-12-18"></editdetail></code>
<code code="pFjNjnXtsf">
<editdetail action="confirmed" attribution="Reuters BIP Coding Group" date="1996-12-18"></editdetail></code>
<code code="kbbfbzZcdZ">
<editdetail action="confirmed" attribution="Reuters BIP Coding Group" date="1996-12-18"></editdetail></code></codes>
<codes class="bip:topics:1.0">
<code code="zBsoqlIEax">
<editdetail action="confirmed" attribution="Reuters BIP Coding Group" date="1996-12-18"></editdetail></code>
<code code="fQyuVojUDt">
<editdetail action="confirmed" attribution="Reuters BIP Coding Group" date="1996-12-18"></editdetail></code></codes>
<dc element="dc.publisher" value="Reuters Holdings Plc"></dc>
<dc element="dc.datepublished" value="1996-12-18"></dc>
<dc element="dc.source" value="Reuters - Notícias em Português"></dc>
<dc element="dc.creator.location" value=""></dc>
<dc element="dc.creator.location.country.name" value=""></dc></metadata></newsitem>