<?xml version="1.0" encoding="UTF-8"?>

<newsitem date="1997-08-19" id="root" itemid="57058" xml:lang="pt">
<title></title>
<headline> Futuro PSI20 Set97 sobe 94 pontos para 8.220. </headline>
<byline></byline>
<dateline></dateline>
<text>
<p> *Futuro PSI20 Set97 (PSI20U7)sobe 94 pontos para 8.220 *Índice PSI-20 (.PSI20)sobe 0,40 pct para 8.186,42 pontos *EDP sobe 33 escudos para 3.155, com 53.425 *Portucel sobe 15 escudos para 1.550, com 40.500 *BPSM sobe 39 escudos para 2.659, com 23.000 *Cimpor sobe 28 escudos para 4.662, com 22.300. </p>
<p>      ---Paula Cordeiro, Lisboa Editorial, 351-1-3113125. </p>
<p> (c) Reuters Limited 1997. </p></text>
<copyright>(c) Reuters Limited 1997</copyright>
<metadata>
<codes class="bip:countries:1.0">
<code code="isuyaElnqa">
<editdetail action="confirmed" attribution="Reuters BIP Coding Group" date="1997-08-19"></editdetail></code>
<code code="XIKNoGgKXu">
<editdetail action="confirmed" attribution="Reuters BIP Coding Group" date="1997-08-19"></editdetail></code>
<code code="tbbryIZYAd">
<editdetail action="confirmed" attribution="Reuters BIP Coding Group" date="1997-08-19"></editdetail></code></codes>
<codes class="bip:topics:1.0">
<code code="YXGHJVntBW">
<editdetail action="confirmed" attribution="Reuters BIP Coding Group" date="1997-08-19"></editdetail></code>
<code code="UdSLLtZzvF">
<editdetail action="confirmed" attribution="Reuters BIP Coding Group" date="1997-08-19"></editdetail></code></codes>
<dc element="dc.publisher" value="Reuters Holdings Plc"></dc>
<dc element="dc.datepublished" value="1997-08-19"></dc>
<dc element="dc.source" value="Reuters - Notícias em Português"></dc>
<dc element="dc.creator.location" value=""></dc>
<dc element="dc.creator.location.country.name" value=""></dc></metadata></newsitem>