<?xml version="1.0" encoding="UTF-8"?>

<newsitem date="1997-02-18" id="root" itemid="52639" xml:lang="pt">
<title></title>
<headline> Acções fecham em alta mas a aliviar máximos sessão. </headline>
<byline></byline>
<dateline></dateline>
<text>
<p> As acções do Contínuo fecharam em alta, mas a aliviar dos máximos da sessão, afectadas pela instabilidade cambial nas moedas do sul da Europa e também pela queda do dólar, que levou à tomada de mais valias. Dealers disseram que a instabilidade cambial, especialmente se afectar o escudo e a manter-se, poderá, amanhã, contagiar em baixa o mercado. No mercado de futuros, foram negociados 3.886 contratos. (c) Reuters Limited 1997. </p></text>
<copyright>(c) Reuters Limited 1997</copyright>
<metadata>
<codes class="bip:countries:1.0">
<code code="CiUIwNgwkp">
<editdetail action="confirmed" attribution="Reuters BIP Coding Group" date="1997-02-18"></editdetail></code>
<code code="kyYRbmMSgI">
<editdetail action="confirmed" attribution="Reuters BIP Coding Group" date="1997-02-18"></editdetail></code>
<code code="pwqaghIFED">
<editdetail action="confirmed" attribution="Reuters BIP Coding Group" date="1997-02-18"></editdetail></code></codes>
<codes class="bip:topics:1.0">
<code code="agljEdanBb">
<editdetail action="confirmed" attribution="Reuters BIP Coding Group" date="1997-02-18"></editdetail></code>
<code code="oBImgBJaVg">
<editdetail action="confirmed" attribution="Reuters BIP Coding Group" date="1997-02-18"></editdetail></code></codes>
<dc element="dc.publisher" value="Reuters Holdings Plc"></dc>
<dc element="dc.datepublished" value="1997-02-18"></dc>
<dc element="dc.source" value="Reuters - Notícias em Português"></dc>
<dc element="dc.creator.location" value=""></dc>
<dc element="dc.creator.location.country.name" value=""></dc></metadata></newsitem>