<?xml version="1.0" encoding="UTF-8"?>

<newsitem date="1997-07-08" id="root" itemid="56021" xml:lang="pt">
<title></title>
<headline> Índice PSI20 sobe 1,3 pct para 7.995,39 pontos. </headline>
<byline></byline>
<dateline></dateline>
<text>
<p> LISBOA, 8 Jul (Reuter) - O índice PSI20 subiu 1,3 pct ou 102,60 pontos para 7.995,39, batendo o máximo histórico nos 8.013,04. </p>
<p> (c) Reuters Limited 1997. </p></text>
<copyright>(c) Reuters Limited 1997</copyright>
<metadata>
<codes class="bip:countries:1.0">
<code code="MfdcMTbTgp">
<editdetail action="confirmed" attribution="Reuters BIP Coding Group" date="1997-07-08"></editdetail></code>
<code code="yHZgziOCKz">
<editdetail action="confirmed" attribution="Reuters BIP Coding Group" date="1997-07-08"></editdetail></code>
<code code="LBHOSZYmxd">
<editdetail action="confirmed" attribution="Reuters BIP Coding Group" date="1997-07-08"></editdetail></code></codes>
<codes class="bip:topics:1.0">
<code code="TaPgjcNCXD">
<editdetail action="confirmed" attribution="Reuters BIP Coding Group" date="1997-07-08"></editdetail></code>
<code code="TNzQAAqRkJ">
<editdetail action="confirmed" attribution="Reuters BIP Coding Group" date="1997-07-08"></editdetail></code></codes>
<dc element="dc.publisher" value="Reuters Holdings Plc"></dc>
<dc element="dc.datepublished" value="1997-07-08"></dc>
<dc element="dc.source" value="Reuters - Notícias em Português"></dc>
<dc element="dc.creator.location" value=""></dc>
<dc element="dc.creator.location.country.name" value=""></dc></metadata></newsitem>