<?xml version="1.0" encoding="UTF-8"?>

<newsitem date="1996-11-07" id="root" itemid="50397" xml:lang="pt">
<title></title>
<headline> ÍNDICE PSI20 CAI 3,49 PONTOS PARA 4.856,16. </headline>
<byline></byline>
<dateline></dateline>
<text>
<p> LISBOA, 7 Nov (Reuter) - O índice PSI20 caiu 3,49 pontos para 4.856,16. </p>
<p> (c) Reuters Limited 1996. </p></text>
<copyright>(c) Reuters Limited 1996</copyright>
<metadata>
<codes class="bip:countries:1.0">
<code code="kpFQrPuHxZ">
<editdetail action="confirmed" attribution="Reuters BIP Coding Group" date="1996-11-07"></editdetail></code>
<code code="HCnLuMLxZc">
<editdetail action="confirmed" attribution="Reuters BIP Coding Group" date="1996-11-07"></editdetail></code>
<code code="caVhizgdSo">
<editdetail action="confirmed" attribution="Reuters BIP Coding Group" date="1996-11-07"></editdetail></code></codes>
<codes class="bip:topics:1.0">
<code code="ZyJqshgFTX">
<editdetail action="confirmed" attribution="Reuters BIP Coding Group" date="1996-11-07"></editdetail></code>
<code code="emcAZxbGIf">
<editdetail action="confirmed" attribution="Reuters BIP Coding Group" date="1996-11-07"></editdetail></code></codes>
<dc element="dc.publisher" value="Reuters Holdings Plc"></dc>
<dc element="dc.datepublished" value="1996-11-07"></dc>
<dc element="dc.source" value="Reuters - Notícias em Português"></dc>
<dc element="dc.creator.location" value=""></dc>
<dc element="dc.creator.location.country.name" value=""></dc></metadata></newsitem>