<?xml version="1.0" encoding="UTF-8"?>

<newsitem date="1996-08-27" id="root" itemid="48450" xml:lang="pt">
<title></title>
<headline> ÍNDICE PSI20 SOBE 34,43 PONTOS PARA 4.712,25. </headline>
<byline></byline>
<dateline></dateline>
<text>
<p> LISBOA, 27 Ago (Reuter) - O índice PSI20 subiu 34,43 pontos para 4.712,25. </p>
<p> (c) Reuters Limited 1996. </p></text>
<copyright>(c) Reuters Limited 1996</copyright>
<metadata>
<codes class="bip:countries:1.0">
<code code="nrFqzPadjB">
<editdetail action="confirmed" attribution="Reuters BIP Coding Group" date="1996-08-27"></editdetail></code>
<code code="EGHPGfnLox">
<editdetail action="confirmed" attribution="Reuters BIP Coding Group" date="1996-08-27"></editdetail></code>
<code code="YsaFYujwUE">
<editdetail action="confirmed" attribution="Reuters BIP Coding Group" date="1996-08-27"></editdetail></code></codes>
<codes class="bip:topics:1.0">
<code code="GLIXridaRQ">
<editdetail action="confirmed" attribution="Reuters BIP Coding Group" date="1996-08-27"></editdetail></code>
<code code="fxDOEYrFZz">
<editdetail action="confirmed" attribution="Reuters BIP Coding Group" date="1996-08-27"></editdetail></code></codes>
<dc element="dc.publisher" value="Reuters Holdings Plc"></dc>
<dc element="dc.datepublished" value="1996-08-27"></dc>
<dc element="dc.source" value="Reuters - Notícias em Português"></dc>
<dc element="dc.creator.location" value=""></dc>
<dc element="dc.creator.location.country.name" value=""></dc></metadata></newsitem>