<?xml version="1.0" encoding="UTF-8"?>

<newsitem date="1996-10-15" id="root" itemid="49761" xml:lang="pt">
<title></title>
<headline> ACÇÕES PREVÊEM-SE POUCO LÍQUIDAS E CENTRADOS CIMPOR. </headline>
<byline></byline>
<dateline></dateline>
<text>
<p> As acções do Contínuo deverão hoje negociar com pouca liquidez, mas suportadas e até com uma leve tendência de subida, prevendo-se que os fundos e os institucionais fiquem muito parados e ainda a analisar a quantidade de acções que apanharam na privatização da Cimpor que condiciona e as suas disponibilidades futuras de dinheiro. Deverá continuar a haver interesse por PT, BCP e Tertir, disseram dealers. </p>
<p> (c) Reuters Limited 1996. </p></text>
<copyright>(c) Reuters Limited 1996</copyright>
<metadata>
<codes class="bip:countries:1.0">
<code code="vcBdKblQtX">
<editdetail action="confirmed" attribution="Reuters BIP Coding Group" date="1996-10-15"></editdetail></code>
<code code="gZAterRPHi">
<editdetail action="confirmed" attribution="Reuters BIP Coding Group" date="1996-10-15"></editdetail></code>
<code code="remsixiQJP">
<editdetail action="confirmed" attribution="Reuters BIP Coding Group" date="1996-10-15"></editdetail></code></codes>
<codes class="bip:topics:1.0">
<code code="SGSolkZbUo">
<editdetail action="confirmed" attribution="Reuters BIP Coding Group" date="1996-10-15"></editdetail></code>
<code code="KRFcBwavdi">
<editdetail action="confirmed" attribution="Reuters BIP Coding Group" date="1996-10-15"></editdetail></code></codes>
<dc element="dc.publisher" value="Reuters Holdings Plc"></dc>
<dc element="dc.datepublished" value="1996-10-15"></dc>
<dc element="dc.source" value="Reuters - Notícias em Português"></dc>
<dc element="dc.creator.location" value=""></dc>
<dc element="dc.creator.location.country.name" value=""></dc></metadata></newsitem>