<?xml version="1.0" encoding="UTF-8"?>

<newsitem date="1997-06-02" id="root" itemid="55135" xml:lang="pt">
<title></title>
<headline> Presidente IAPMEI lança 3 Jun livro concorrência. </headline>
<byline></byline>
<dateline></dateline>
<text>
<p> LISBOA, 2 Jun (Reuter) - António Castro Guerra, actual presidente do IAPMEI-Instituto de Apoio às Pequenas e Nédias Empresas e ao Investimento, lança amanhã, às 1830 TMG, no Clube dos Jornalistas, o seu livro &apos;A Política de Concorrência em Portugal - Contornos, Fundamentos e Casuística&apos;, refere um comunciadao. </p>
<p> A cerimónia contará com a presença do ministro da Economia, Augusto Mateus. </p>
<p> - Paula Cordeiro, Lisboa Editorial, 351-1-3150035. </p>
<p> (c) Reuters Limited 1997. </p></text>
<copyright>(c) Reuters Limited 1997</copyright>
<metadata>
<codes class="bip:countries:1.0">
<code code="dlPLwkomDB">
<editdetail action="confirmed" attribution="Reuters BIP Coding Group" date="1997-06-02"></editdetail></code>
<code code="kOESQFkhbX">
<editdetail action="confirmed" attribution="Reuters BIP Coding Group" date="1997-06-02"></editdetail></code>
<code code="vCxXGJWaOW">
<editdetail action="confirmed" attribution="Reuters BIP Coding Group" date="1997-06-02"></editdetail></code></codes>
<codes class="bip:topics:1.0">
<code code="kZApKywDEr">
<editdetail action="confirmed" attribution="Reuters BIP Coding Group" date="1997-06-02"></editdetail></code></codes>
<dc element="dc.publisher" value="Reuters Holdings Plc"></dc>
<dc element="dc.datepublished" value="1997-06-02"></dc>
<dc element="dc.source" value="Reuters - Notícias em Português"></dc>
<dc element="dc.creator.location" value=""></dc>
<dc element="dc.creator.location.country.name" value=""></dc></metadata></newsitem>