<?xml version="1.0" encoding="UTF-8"?>

<newsitem date="1997-01-07" id="root" itemid="51625" xml:lang="pt">
<title></title>
<headline> MONETÁRIO FECHA CALMO, PRAZOS APÁTICOS. </headline>
<byline></byline>
<dateline></dateline>
<text>
<p> O mercado monetário do escudo fechou calmo, depois de uma sessão com poucos interesses e sem que tivesse reagido às declarações do ministro das Finanças holandês, reproduzidas pelo Diário Económico, de que Portugal não deveria integrar o euro em 1999, o que depois foi desmentido pelo primeiro-ministro, António Guterres. (c) Reuters Limited 1997. </p></text>
<copyright>(c) Reuters Limited 1997</copyright>
<metadata>
<codes class="bip:countries:1.0">
<code code="OGPJZOPNLP">
<editdetail action="confirmed" attribution="Reuters BIP Coding Group" date="1997-01-07"></editdetail></code>
<code code="MCYWHSXBjx">
<editdetail action="confirmed" attribution="Reuters BIP Coding Group" date="1997-01-07"></editdetail></code>
<code code="lqDIVXmYZO">
<editdetail action="confirmed" attribution="Reuters BIP Coding Group" date="1997-01-07"></editdetail></code></codes>
<codes class="bip:topics:1.0">
<code code="nNXhholEUA">
<editdetail action="confirmed" attribution="Reuters BIP Coding Group" date="1997-01-07"></editdetail></code>
<code code="dDpVFGBEMC">
<editdetail action="confirmed" attribution="Reuters BIP Coding Group" date="1997-01-07"></editdetail></code></codes>
<dc element="dc.publisher" value="Reuters Holdings Plc"></dc>
<dc element="dc.datepublished" value="1997-01-07"></dc>
<dc element="dc.source" value="Reuters - Notícias em Português"></dc>
<dc element="dc.creator.location" value=""></dc>
<dc element="dc.creator.location.country.name" value=""></dc></metadata></newsitem>