<?xml version="1.0" encoding="UTF-8"?>

<newsitem date="1996-09-12" id="root" itemid="48873" xml:lang="pt">
<title></title>
<headline> MONETÁRIO FECHA EQUILIBRADO, LÍQUIDO CURTO PRAZO. </headline>
<byline></byline>
<dateline></dateline>
<text>
<p> O mercado monetário do escudo fechou equilibrado, sem pressão nas taxas e com o mercado a revelar-se líquido para o resto do período. * o/n e tom/next em 7,12/7,22 pct vs 7,2/7,25 pct abertura * Prazo 30 dias em 7,15/7,22 pct vs 7,16/7,2 pct abertura * BP mantém taxas, absorve 6,8%, cede 7,25%, emergência 9% </p></text>
<copyright>(c) Reuters Limited 1996</copyright>
<metadata>
<codes class="bip:countries:1.0">
<code code="jFDbYEkIrB">
<editdetail action="confirmed" attribution="Reuters BIP Coding Group" date="1996-09-12"></editdetail></code>
<code code="FokvgvLbfW">
<editdetail action="confirmed" attribution="Reuters BIP Coding Group" date="1996-09-12"></editdetail></code>
<code code="tqjTinlBOp">
<editdetail action="confirmed" attribution="Reuters BIP Coding Group" date="1996-09-12"></editdetail></code></codes>
<codes class="bip:topics:1.0">
<code code="oaEcJOFCVK">
<editdetail action="confirmed" attribution="Reuters BIP Coding Group" date="1996-09-12"></editdetail></code>
<code code="HrQpYkxxWh">
<editdetail action="confirmed" attribution="Reuters BIP Coding Group" date="1996-09-12"></editdetail></code></codes>
<dc element="dc.publisher" value="Reuters Holdings Plc"></dc>
<dc element="dc.datepublished" value="1996-09-12"></dc>
<dc element="dc.source" value="Reuters - Notícias em Português"></dc>
<dc element="dc.creator.location" value=""></dc>
<dc element="dc.creator.location.country.name" value=""></dc></metadata></newsitem>