<?xml version="1.0" encoding="UTF-8"?>

<newsitem date="1997-06-04" id="root" itemid="55187" xml:lang="pt">
<title></title>
<headline> Futuro PSI20 Jun97 cai 9 pontos para 6.730. </headline>
<byline></byline>
<dateline></dateline>
<text>
<p> *Futuro PSI20 Jun97 (PSI20M7)cai 9 pontos para 6.730 *Índice PSI-20 (.PSI20)cai 0,15 pct para 6.742,84 pontos *F.Ramada cai 5 escudos para 3.600. Negociadas 10.100 *BCP cai 9 escudos para 3.066. Negociadas 8.400 *Cimpor desce 8 escudos para 3.792. Negociadas 6.383 *BPSM cai 5 escudos para 1.160. Negociadas 4.200 *Lisnave sobe 2 escudos para 242. Negociadas 3.200 </p>
<p> - Paula Cordeiro, Lisboa Editorial, 351-1-3113125. </p>
<p> (c) Reuters Limited 1997. </p></text>
<copyright>(c) Reuters Limited 1997</copyright>
<metadata>
<codes class="bip:countries:1.0">
<code code="IlLVJYMGNu">
<editdetail action="confirmed" attribution="Reuters BIP Coding Group" date="1997-06-04"></editdetail></code>
<code code="HXUJikbkNY">
<editdetail action="confirmed" attribution="Reuters BIP Coding Group" date="1997-06-04"></editdetail></code>
<code code="aILwFdATwO">
<editdetail action="confirmed" attribution="Reuters BIP Coding Group" date="1997-06-04"></editdetail></code></codes>
<codes class="bip:topics:1.0">
<code code="ciYPshWRZQ">
<editdetail action="confirmed" attribution="Reuters BIP Coding Group" date="1997-06-04"></editdetail></code>
<code code="nKlMEhePTM">
<editdetail action="confirmed" attribution="Reuters BIP Coding Group" date="1997-06-04"></editdetail></code></codes>
<dc element="dc.publisher" value="Reuters Holdings Plc"></dc>
<dc element="dc.datepublished" value="1997-06-04"></dc>
<dc element="dc.source" value="Reuters - Notícias em Português"></dc>
<dc element="dc.creator.location" value=""></dc>
<dc element="dc.creator.location.country.name" value=""></dc></metadata></newsitem>