<?xml version="1.0" encoding="UTF-8"?>

<newsitem date="1997-01-28" id="root" itemid="52125" xml:lang="pt">
<title></title>
<headline> ACÇÕES ABREM MISTAS, PT TENTA DAR LUZ AO MERCADO. </headline>
<byline></byline>
<dateline></dateline>
<text>
<p> As acções do Contínuo abriram mistas com a Portugal Telecom e a Portucel a darem um sentimento positivo ao mercado, via fortalecimento do dólar, movimento contrariado pela Mundial Confiança, pelo Totta e pela Cimpor. Somague e A.Silva e Silva apreciam com rumores novos negócios. </p>
<p> (c) Reuters Limited 1997. </p></text>
<copyright>(c) Reuters Limited 1997</copyright>
<metadata>
<codes class="bip:countries:1.0">
<code code="poAJmXFtuD">
<editdetail action="confirmed" attribution="Reuters BIP Coding Group" date="1997-01-28"></editdetail></code>
<code code="umRHwfvXvJ">
<editdetail action="confirmed" attribution="Reuters BIP Coding Group" date="1997-01-28"></editdetail></code>
<code code="zYaHaRiksz">
<editdetail action="confirmed" attribution="Reuters BIP Coding Group" date="1997-01-28"></editdetail></code></codes>
<codes class="bip:topics:1.0">
<code code="roDuICiZJw">
<editdetail action="confirmed" attribution="Reuters BIP Coding Group" date="1997-01-28"></editdetail></code>
<code code="jODWoRCcEa">
<editdetail action="confirmed" attribution="Reuters BIP Coding Group" date="1997-01-28"></editdetail></code></codes>
<dc element="dc.publisher" value="Reuters Holdings Plc"></dc>
<dc element="dc.datepublished" value="1997-01-28"></dc>
<dc element="dc.source" value="Reuters - Notícias em Português"></dc>
<dc element="dc.creator.location" value=""></dc>
<dc element="dc.creator.location.country.name" value=""></dc></metadata></newsitem>