<?xml version="1.0" encoding="UTF-8"?>

<newsitem date="1997-07-08" id="root" itemid="55999" xml:lang="pt">
<title></title>
<headline> Futuro PSI20 Jul97 sobe 13 pontos para 7.875. </headline>
<byline></byline>
<dateline></dateline>
<text>
<p> *Futuro PSI20 Fev97 (PSI20G7)sobe 13 pontos para 7.875 *Futuro PT Jul97 (PTCON7)cai 65 pontos para 7.400 *BPSM sobe 14 escudos para 1.818. Negociadas 28.500 *BTA sobe 18 escudos para 3.320. Negociadas 26.500 *EDP sobe 3 escudos para 3.340. Negociadas 25.900 *BPI-SGPS sobe 47 esc para 4.047. Negociadas 14.000. </p>
<p>  *Índice PSI-20 (.PSI20)cai 0,09 pct para 7.893,35 pontos </p>
<p>      ---Paula Cordeiro, Lisboa Editorial, 351-1-3113125. </p>
<p> (c) Reuters Limited 1997. </p></text>
<copyright>(c) Reuters Limited 1997</copyright>
<metadata>
<codes class="bip:countries:1.0">
<code code="gQzBacObyf">
<editdetail action="confirmed" attribution="Reuters BIP Coding Group" date="1997-07-08"></editdetail></code>
<code code="trdfVymYjh">
<editdetail action="confirmed" attribution="Reuters BIP Coding Group" date="1997-07-08"></editdetail></code>
<code code="PTNjkSBpGb">
<editdetail action="confirmed" attribution="Reuters BIP Coding Group" date="1997-07-08"></editdetail></code></codes>
<codes class="bip:topics:1.0">
<code code="eRiZDWHzAS">
<editdetail action="confirmed" attribution="Reuters BIP Coding Group" date="1997-07-08"></editdetail></code>
<code code="jUxLjlAuAH">
<editdetail action="confirmed" attribution="Reuters BIP Coding Group" date="1997-07-08"></editdetail></code></codes>
<dc element="dc.publisher" value="Reuters Holdings Plc"></dc>
<dc element="dc.datepublished" value="1997-07-08"></dc>
<dc element="dc.source" value="Reuters - Notícias em Português"></dc>
<dc element="dc.creator.location" value=""></dc>
<dc element="dc.creator.location.country.name" value=""></dc></metadata></newsitem>