<?xml version="1.0" encoding="UTF-8"?>

<newsitem date="1997-01-30" id="root" itemid="52229" xml:lang="pt">
<title></title>
<headline> MONETÁRIO FECHA CALMO, PRAZOS ESTÁVEIS. </headline>
<byline></byline>
<dateline></dateline>
<text>
<p> O mercado monetário do escudo fechou calmo, depois de uma sessão sem muitos interesses e com a procura a aliviar a pressão nos prazos, disseram operadores. Acrescentaram que diminuiu a falta de liquidez no curto prazo. </p>
<p> (c) Reuters Limited 1997. </p></text>
<copyright>(c) Reuters Limited 1997</copyright>
<metadata>
<codes class="bip:countries:1.0">
<code code="rrnwFjynDB">
<editdetail action="confirmed" attribution="Reuters BIP Coding Group" date="1997-01-30"></editdetail></code>
<code code="FkVzCopYwY">
<editdetail action="confirmed" attribution="Reuters BIP Coding Group" date="1997-01-30"></editdetail></code>
<code code="fhYTQrABSy">
<editdetail action="confirmed" attribution="Reuters BIP Coding Group" date="1997-01-30"></editdetail></code></codes>
<codes class="bip:topics:1.0">
<code code="TkzGqtPUTu">
<editdetail action="confirmed" attribution="Reuters BIP Coding Group" date="1997-01-30"></editdetail></code>
<code code="WMdDanLGQA">
<editdetail action="confirmed" attribution="Reuters BIP Coding Group" date="1997-01-30"></editdetail></code></codes>
<dc element="dc.publisher" value="Reuters Holdings Plc"></dc>
<dc element="dc.datepublished" value="1997-01-30"></dc>
<dc element="dc.source" value="Reuters - Notícias em Português"></dc>
<dc element="dc.creator.location" value=""></dc>
<dc element="dc.creator.location.country.name" value=""></dc></metadata></newsitem>