<?xml version="1.0" encoding="UTF-8"?>

<newsitem date="1997-01-30" id="root" itemid="52215" xml:lang="pt">
<title></title>
<headline> ACÇÕES PREVÊEM-SE ALTA, ATENÇÕES SOMAGUE, A.SILVA. </headline>
<byline></byline>
<dateline></dateline>
<text>
<p> As acções do Contínuo prevêem-se possam abrir a subir, em sintonia com os mercados externos e muito atento à evolução da Somague e da A.Silva e Silva, depois de levantadas as suspensões da negociação pela CMVM. Atenções, ainda, para a PT, Cimpor e Totta sobe Nova Iorque 0,5 dólares para 34,75. </p>
<p> (c) Reuters Limited 1997. </p></text>
<copyright>(c) Reuters Limited 1997</copyright>
<metadata>
<codes class="bip:countries:1.0">
<code code="xhrfREgrTT">
<editdetail action="confirmed" attribution="Reuters BIP Coding Group" date="1997-01-30"></editdetail></code>
<code code="PgSlNKRIUZ">
<editdetail action="confirmed" attribution="Reuters BIP Coding Group" date="1997-01-30"></editdetail></code>
<code code="kRxwMPVJTF">
<editdetail action="confirmed" attribution="Reuters BIP Coding Group" date="1997-01-30"></editdetail></code></codes>
<codes class="bip:topics:1.0">
<code code="AoFACOWhRd">
<editdetail action="confirmed" attribution="Reuters BIP Coding Group" date="1997-01-30"></editdetail></code>
<code code="PAbzEQeOyK">
<editdetail action="confirmed" attribution="Reuters BIP Coding Group" date="1997-01-30"></editdetail></code></codes>
<dc element="dc.publisher" value="Reuters Holdings Plc"></dc>
<dc element="dc.datepublished" value="1997-01-30"></dc>
<dc element="dc.source" value="Reuters - Notícias em Português"></dc>
<dc element="dc.creator.location" value=""></dc>
<dc element="dc.creator.location.country.name" value=""></dc></metadata></newsitem>