<?xml version="1.0" encoding="UTF-8"?>

<newsitem date="1996-12-17" id="root" itemid="51301" xml:lang="pt">
<title></title>
<headline> MONETÁRIO FECHA A DESCONTAR CORTE TAXAS BP. </headline>
<byline></byline>
<dateline></dateline>
<text>
<p> O mercado monetário do escudo fechou calmo, mas a descontar um corte da taxa repo do Banco de Portugal amanhã. De uma &apos;poll&apos; de sete analistas, cinco esperam um corte entre 15 e 30 basis points amanhã. A maioria dos operadores contactados espera também uma descida da taxa de cedência. </p>
<p> (c) Reuters Limited 1996. </p></text>
<copyright>(c) Reuters Limited 1996</copyright>
<metadata>
<codes class="bip:countries:1.0">
<code code="tqAYLUBnNj">
<editdetail action="confirmed" attribution="Reuters BIP Coding Group" date="1996-12-17"></editdetail></code>
<code code="RASAJwMMcf">
<editdetail action="confirmed" attribution="Reuters BIP Coding Group" date="1996-12-17"></editdetail></code>
<code code="GiBGgRGmlp">
<editdetail action="confirmed" attribution="Reuters BIP Coding Group" date="1996-12-17"></editdetail></code></codes>
<codes class="bip:topics:1.0">
<code code="xNtqdklWtJ">
<editdetail action="confirmed" attribution="Reuters BIP Coding Group" date="1996-12-17"></editdetail></code>
<code code="sCwtoRSaQP">
<editdetail action="confirmed" attribution="Reuters BIP Coding Group" date="1996-12-17"></editdetail></code></codes>
<dc element="dc.publisher" value="Reuters Holdings Plc"></dc>
<dc element="dc.datepublished" value="1996-12-17"></dc>
<dc element="dc.source" value="Reuters - Notícias em Português"></dc>
<dc element="dc.creator.location" value=""></dc>
<dc element="dc.creator.location.country.name" value=""></dc></metadata></newsitem>