<?xml version="1.0" encoding="UTF-8"?>

<newsitem date="1996-12-10" id="root" itemid="51136" xml:lang="pt">
<title></title>
<headline> ESCUDO FECHA PERDER CONTRA MARCO COM COMERCIAIS. </headline>
<byline></byline>
<dateline></dateline>
<text>
<p> O escudo fechou a perder terreno contra o marco, numa sessão com muito negócio, especialmente de comerciais de compra de moeda. Dealers admitem que o escudo possa voltar para níveis entre 100,90 e 101,00 por marco. </p>
<p>     ----José Barata, Lisboa Editorial, 351.1.3113121. </p>
<p> (c) Reuters Limited 1996. </p></text>
<copyright>(c) Reuters Limited 1996</copyright>
<metadata>
<codes class="bip:countries:1.0">
<code code="arVxmMKAdq">
<editdetail action="confirmed" attribution="Reuters BIP Coding Group" date="1996-12-10"></editdetail></code>
<code code="qveOmUNtsg">
<editdetail action="confirmed" attribution="Reuters BIP Coding Group" date="1996-12-10"></editdetail></code>
<code code="oehbvAqxXm">
<editdetail action="confirmed" attribution="Reuters BIP Coding Group" date="1996-12-10"></editdetail></code></codes>
<codes class="bip:topics:1.0">
<code code="XmqGoAwVwa">
<editdetail action="confirmed" attribution="Reuters BIP Coding Group" date="1996-12-10"></editdetail></code>
<code code="qeXCrpDLsx">
<editdetail action="confirmed" attribution="Reuters BIP Coding Group" date="1996-12-10"></editdetail></code>
<code code="qzOeQcerwu">
<editdetail action="confirmed" attribution="Reuters BIP Coding Group" date="1996-12-10"></editdetail></code></codes>
<dc element="dc.publisher" value="Reuters Holdings Plc"></dc>
<dc element="dc.datepublished" value="1996-12-10"></dc>
<dc element="dc.source" value="Reuters - Notícias em Português"></dc>
<dc element="dc.creator.location" value=""></dc>
<dc element="dc.creator.location.country.name" value=""></dc></metadata></newsitem>