<?xml version="1.0" encoding="UTF-8"?>

<newsitem date="1997-02-14" id="root" itemid="52575" xml:lang="pt">
<title></title>
<headline> ACÇÕES PREVÊEM-SE EM ALTA, ATENÇÃO NA LISNAVE. </headline>
<byline></byline>
<dateline></dateline>
<text>
<p> As acções do Contínuo deverão abrir em alta, acompanhando o sentimento positivo dos mercados externos, depois da Wall Street ter ultrapassado os 7.000 pontos. Operadores afirmaram que as atenções dos investidores estarão na Lisnave depois de três dias suspensa pela Comissão de Mercado de Valores Mobiliários. Adiantaram que a primeira reacção a sentir na cotação da Lisnave será de subida. </p>
<p> - Paula Cordeiro, Lisboa Editorial, 351-1-3113125. </p>
<p> (c) Reuters Limited 1997. </p></text>
<copyright>(c) Reuters Limited 1997</copyright>
<metadata>
<codes class="bip:countries:1.0">
<code code="EzQHsGyfhc">
<editdetail action="confirmed" attribution="Reuters BIP Coding Group" date="1997-02-14"></editdetail></code>
<code code="zvenNfTWDt">
<editdetail action="confirmed" attribution="Reuters BIP Coding Group" date="1997-02-14"></editdetail></code>
<code code="OiWjuRVnRl">
<editdetail action="confirmed" attribution="Reuters BIP Coding Group" date="1997-02-14"></editdetail></code></codes>
<codes class="bip:topics:1.0">
<code code="yylbDHEuzs">
<editdetail action="confirmed" attribution="Reuters BIP Coding Group" date="1997-02-14"></editdetail></code>
<code code="XFCiKmmonW">
<editdetail action="confirmed" attribution="Reuters BIP Coding Group" date="1997-02-14"></editdetail></code></codes>
<dc element="dc.publisher" value="Reuters Holdings Plc"></dc>
<dc element="dc.datepublished" value="1997-02-14"></dc>
<dc element="dc.source" value="Reuters - Notícias em Português"></dc>
<dc element="dc.creator.location" value=""></dc>
<dc element="dc.creator.location.country.name" value=""></dc></metadata></newsitem>