<?xml version="1.0" encoding="UTF-8"?>

<newsitem date="1997-02-13" id="root" itemid="52533" xml:lang="pt">
<title></title>
<headline> MONETÁRIO FECHA LÍQUIDO CURTO-PRAZO, OLHOS IPC. </headline>
<byline></byline>
<dateline></dateline>
<text>
<p> O monetário fechou com o curto-prazo com liquidez estrutural e a aliviar contra o fecho de ontem, mas com os prazos sem actividade e os FRA a registarem uma leve subida, fruto da ansiedade quanto ao IPC de Janeiro que tem o efeito de alargar os spreads entre oferta e procura e limita a negociação. </p>
<p> (c) Reuters Limited 1997. </p></text>
<copyright>(c) Reuters Limited 1997</copyright>
<metadata>
<codes class="bip:countries:1.0">
<code code="AnbpXNTppB">
<editdetail action="confirmed" attribution="Reuters BIP Coding Group" date="1997-02-13"></editdetail></code>
<code code="nQcZVDjiMB">
<editdetail action="confirmed" attribution="Reuters BIP Coding Group" date="1997-02-13"></editdetail></code>
<code code="fGjjqyduHq">
<editdetail action="confirmed" attribution="Reuters BIP Coding Group" date="1997-02-13"></editdetail></code></codes>
<codes class="bip:topics:1.0">
<code code="OQTLNwGKzX">
<editdetail action="confirmed" attribution="Reuters BIP Coding Group" date="1997-02-13"></editdetail></code>
<code code="UAWETDXqRT">
<editdetail action="confirmed" attribution="Reuters BIP Coding Group" date="1997-02-13"></editdetail></code>
<code code="dnvZXmSnec">
<editdetail action="confirmed" attribution="Reuters BIP Coding Group" date="1997-02-13"></editdetail></code></codes>
<dc element="dc.publisher" value="Reuters Holdings Plc"></dc>
<dc element="dc.datepublished" value="1997-02-13"></dc>
<dc element="dc.source" value="Reuters - Notícias em Português"></dc>
<dc element="dc.creator.location" value=""></dc>
<dc element="dc.creator.location.country.name" value=""></dc></metadata></newsitem>