<?xml version="1.0" encoding="UTF-8"?>

<newsitem date="1996-12-18" id="root" itemid="51315" xml:lang="pt">
<title></title>
<headline> ACÇÕES PREVÊEM-SE EM LEVE ALTA,INTERESSE CONCENTRADO. </headline>
<byline></byline>
<dateline></dateline>
<text>
<p> As acções do Contínuo deverão hoje negociar em leve alta, a aproveitar a subida de Nova Iorque e de algumas praças europeias, após a manutenção de taxas do FED, prevendo-se a manutenção do interesse por telecomunicações, PT e Telecel, Soares da Costa e Sonae Industria, disseram dealers. - Lisboa Editorial, 351-1-3150035. (c) Reuters Limited 1996. </p></text>
<copyright>(c) Reuters Limited 1996</copyright>
<metadata>
<codes class="bip:countries:1.0">
<code code="gLthSIfwRY">
<editdetail action="confirmed" attribution="Reuters BIP Coding Group" date="1996-12-18"></editdetail></code>
<code code="uaHdBAXkSI">
<editdetail action="confirmed" attribution="Reuters BIP Coding Group" date="1996-12-18"></editdetail></code>
<code code="xXwfBwWdQb">
<editdetail action="confirmed" attribution="Reuters BIP Coding Group" date="1996-12-18"></editdetail></code></codes>
<codes class="bip:topics:1.0">
<code code="bqhnAwSppN">
<editdetail action="confirmed" attribution="Reuters BIP Coding Group" date="1996-12-18"></editdetail></code>
<code code="ZXZnUbzljY">
<editdetail action="confirmed" attribution="Reuters BIP Coding Group" date="1996-12-18"></editdetail></code></codes>
<dc element="dc.publisher" value="Reuters Holdings Plc"></dc>
<dc element="dc.datepublished" value="1996-12-18"></dc>
<dc element="dc.source" value="Reuters - Notícias em Português"></dc>
<dc element="dc.creator.location" value=""></dc>
<dc element="dc.creator.location.country.name" value=""></dc></metadata></newsitem>