<?xml version="1.0" encoding="UTF-8"?>

<newsitem date="1997-05-19" id="root" itemid="54767" xml:lang="pt">
<title></title>
<headline> Queda externa afecta acções, aguarda abertura NI. </headline>
<byline></byline>
<dateline></dateline>
<text>
<p> As acções do Contínuo e os Futuros sobre o PSI20 seguiam em queda, com a liquidez no cash a somar um pouco mais de um milhão de contos, acompanhando a descida das outras praças, depois do forte tombo do Dow Jones, esperando os investidores pela abertura de Nova Iorque para tomarem as suas decisões. O facto de hoje ser feriado em alguns dos países da Europa, designadamente França e Alemanha, também condiciona a negociação, afirmaram dealers. </p>
<p> (c) Reuters Limited 1997. </p></text>
<copyright>(c) Reuters Limited 1997</copyright>
<metadata>
<codes class="bip:countries:1.0">
<code code="JeRFgocrSu">
<editdetail action="confirmed" attribution="Reuters BIP Coding Group" date="1997-05-19"></editdetail></code>
<code code="fSJyhyUqGe">
<editdetail action="confirmed" attribution="Reuters BIP Coding Group" date="1997-05-19"></editdetail></code>
<code code="SjZGhpLeXx">
<editdetail action="confirmed" attribution="Reuters BIP Coding Group" date="1997-05-19"></editdetail></code></codes>
<codes class="bip:topics:1.0">
<code code="CrnDtfdFQV">
<editdetail action="confirmed" attribution="Reuters BIP Coding Group" date="1997-05-19"></editdetail></code>
<code code="JyjxpuhRFQ">
<editdetail action="confirmed" attribution="Reuters BIP Coding Group" date="1997-05-19"></editdetail></code></codes>
<dc element="dc.publisher" value="Reuters Holdings Plc"></dc>
<dc element="dc.datepublished" value="1997-05-19"></dc>
<dc element="dc.source" value="Reuters - Notícias em Português"></dc>
<dc element="dc.creator.location" value=""></dc>
<dc element="dc.creator.location.country.name" value=""></dc></metadata></newsitem>