<?xml version="1.0" encoding="UTF-8"?>

<newsitem date="1996-09-26" id="root" itemid="49260" xml:lang="pt">
<title></title>
<headline> FUTURO LISBOR 3 MESES JUN/97 ABRE A 93,25 VS 93,19. </headline>
<byline></byline>
<dateline></dateline>
<text>
<p> *Futuro Lisbor 3 meses Jun/97 abre 93,25 vs 93,19 </p>
<p> *Dólar 1,5165/70 marcos vs 1,5106/16 no fecho Europa ontem </p>
<p> *BP mantém absorção em 6,8 pct e emergência em 9,0 pct </p>
<p> - Lisboa Editorial, 351-1-311.31.26 </p>
<p> (c) Reuters Limited 1996. </p></text>
<copyright>(c) Reuters Limited 1996</copyright>
<metadata>
<codes class="bip:countries:1.0">
<code code="aKBhKmmCXV">
<editdetail action="confirmed" attribution="Reuters BIP Coding Group" date="1996-09-26"></editdetail></code>
<code code="jltMKlVkum">
<editdetail action="confirmed" attribution="Reuters BIP Coding Group" date="1996-09-26"></editdetail></code>
<code code="udWbBnBXzs">
<editdetail action="confirmed" attribution="Reuters BIP Coding Group" date="1996-09-26"></editdetail></code></codes>
<codes class="bip:topics:1.0">
<code code="xGjNSipPzl">
<editdetail action="confirmed" attribution="Reuters BIP Coding Group" date="1996-09-26"></editdetail></code>
<code code="nwKPESMvQX">
<editdetail action="confirmed" attribution="Reuters BIP Coding Group" date="1996-09-26"></editdetail></code>
<code code="FCGhQuykfX">
<editdetail action="confirmed" attribution="Reuters BIP Coding Group" date="1996-09-26"></editdetail></code></codes>
<dc element="dc.publisher" value="Reuters Holdings Plc"></dc>
<dc element="dc.datepublished" value="1996-09-26"></dc>
<dc element="dc.source" value="Reuters - Notícias em Português"></dc>
<dc element="dc.creator.location" value=""></dc>
<dc element="dc.creator.location.country.name" value=""></dc></metadata></newsitem>