<?xml version="1.0" encoding="UTF-8"?>

<newsitem date="1997-04-22" id="root" itemid="54108" xml:lang="pt">
<title></title>
<headline> Acções prevêem-se queda ligeira, atenção PT. </headline>
<byline></byline>
<dateline></dateline>
<text>
<p> As acções do Contínuo prevêem-se que possam abrir em queda ligeira, a reflectir a descida em Wall Street. Dealers dizem que a sessão deverá decorrer em toada morna, com os índices em queda e com as atenções voltadas para a Portugal Telecom (PT) que transaccionou um total de 5,857 milhões de acções. </p>
<p> - Lisboa Editorial, 351-1-3113125. </p>
<p> (c) Reuters Limited 1997. </p></text>
<copyright>(c) Reuters Limited 1997</copyright>
<metadata>
<codes class="bip:countries:1.0">
<code code="FYymxDQLaR">
<editdetail action="confirmed" attribution="Reuters BIP Coding Group" date="1997-04-22"></editdetail></code>
<code code="yYErFoyrdD">
<editdetail action="confirmed" attribution="Reuters BIP Coding Group" date="1997-04-22"></editdetail></code>
<code code="YMySVpjyDG">
<editdetail action="confirmed" attribution="Reuters BIP Coding Group" date="1997-04-22"></editdetail></code></codes>
<codes class="bip:topics:1.0">
<code code="HxloZeFphH">
<editdetail action="confirmed" attribution="Reuters BIP Coding Group" date="1997-04-22"></editdetail></code>
<code code="vtsvtJpvVd">
<editdetail action="confirmed" attribution="Reuters BIP Coding Group" date="1997-04-22"></editdetail></code></codes>
<dc element="dc.publisher" value="Reuters Holdings Plc"></dc>
<dc element="dc.datepublished" value="1997-04-22"></dc>
<dc element="dc.source" value="Reuters - Notícias em Português"></dc>
<dc element="dc.creator.location" value=""></dc>
<dc element="dc.creator.location.country.name" value=""></dc></metadata></newsitem>