<?xml version="1.0" encoding="UTF-8"?>

<newsitem date="1997-01-09" id="root" itemid="51685" xml:lang="pt">
<title></title>
<headline> ACÇÕES ABREM A CORRIGIR, EXPECTATIVA ABERTURA NI. </headline>
<byline></byline>
<dateline></dateline>
<text>
<p> As acções do Contínuo abriram em queda, corrigindo das fortes subidas anteriores e seguindo o momento menos positivo dos mercados europeus, após a queda ontem de Nova Iorque. Dealers afirmaram que a tendência do mercado, ou seja um abrandamento ou uma maior queda, está condicionada pela abertura de Nova Iorque. Telecel cai até os 11.000 escudos. - Paula Cordeiro, Lisboa Editorial, 351-1-3113125. (c) Reuters Limited 1997. </p></text>
<copyright>(c) Reuters Limited 1997</copyright>
<metadata>
<codes class="bip:countries:1.0">
<code code="MKHGeFtEDY">
<editdetail action="confirmed" attribution="Reuters BIP Coding Group" date="1997-01-09"></editdetail></code>
<code code="GmtUYikrNj">
<editdetail action="confirmed" attribution="Reuters BIP Coding Group" date="1997-01-09"></editdetail></code>
<code code="DckNLkQikf">
<editdetail action="confirmed" attribution="Reuters BIP Coding Group" date="1997-01-09"></editdetail></code></codes>
<codes class="bip:topics:1.0">
<code code="HjTiRPOaOW">
<editdetail action="confirmed" attribution="Reuters BIP Coding Group" date="1997-01-09"></editdetail></code>
<code code="tFPeZPzaPR">
<editdetail action="confirmed" attribution="Reuters BIP Coding Group" date="1997-01-09"></editdetail></code></codes>
<dc element="dc.publisher" value="Reuters Holdings Plc"></dc>
<dc element="dc.datepublished" value="1997-01-09"></dc>
<dc element="dc.source" value="Reuters - Notícias em Português"></dc>
<dc element="dc.creator.location" value=""></dc>
<dc element="dc.creator.location.country.name" value=""></dc></metadata></newsitem>