<?xml version="1.0" encoding="UTF-8"?>

<newsitem date="1996-12-10" id="root" itemid="51100" xml:lang="pt">
<title></title>
<headline> ACÇÕES PREVÊEM-SE EM ALTA, OLHOS POSTOS NA TELECEL. </headline>
<byline></byline>
<dateline></dateline>
<text>
<p> As acções do Contínuo deverão abrir em alta, seguindo o momento positivo das outras praças, mas as atenções dos investidores vão estar muito concentradas na admissão à cotação das acções da Telecel, prevendo-se uma forte subida do preço, afirmaram operadores. (c) Reuters Limited 1996. </p></text>
<copyright>(c) Reuters Limited 1996</copyright>
<metadata>
<codes class="bip:countries:1.0">
<code code="gPlFZwGxKy">
<editdetail action="confirmed" attribution="Reuters BIP Coding Group" date="1996-12-10"></editdetail></code>
<code code="oyFzjvvTyL">
<editdetail action="confirmed" attribution="Reuters BIP Coding Group" date="1996-12-10"></editdetail></code>
<code code="QvTbmYDvJL">
<editdetail action="confirmed" attribution="Reuters BIP Coding Group" date="1996-12-10"></editdetail></code></codes>
<codes class="bip:topics:1.0">
<code code="TdiHpnruqM">
<editdetail action="confirmed" attribution="Reuters BIP Coding Group" date="1996-12-10"></editdetail></code>
<code code="kOPlZUrNoY">
<editdetail action="confirmed" attribution="Reuters BIP Coding Group" date="1996-12-10"></editdetail></code></codes>
<dc element="dc.publisher" value="Reuters Holdings Plc"></dc>
<dc element="dc.datepublished" value="1996-12-10"></dc>
<dc element="dc.source" value="Reuters - Notícias em Português"></dc>
<dc element="dc.creator.location" value=""></dc>
<dc element="dc.creator.location.country.name" value=""></dc></metadata></newsitem>