<?xml version="1.0" encoding="UTF-8"?>

<newsitem date="1996-09-26" id="root" itemid="49278" xml:lang="pt">
<title></title>
<headline> ÍNDICE PSI20 CAI 6,40 PONTOS PARA 4.750,60. </headline>
<byline></byline>
<dateline></dateline>
<text>
<p> LISBOA, 26 Set (Reuter) - O índice PSI20 desceu 6,40 pontos para 4.750,60. </p>
<p> (c) Reuters Limited 1996. </p></text>
<copyright>(c) Reuters Limited 1996</copyright>
<metadata>
<codes class="bip:countries:1.0">
<code code="CZfnovXXAo">
<editdetail action="confirmed" attribution="Reuters BIP Coding Group" date="1996-09-26"></editdetail></code>
<code code="RtsObmvdad">
<editdetail action="confirmed" attribution="Reuters BIP Coding Group" date="1996-09-26"></editdetail></code>
<code code="tAtUZWXKKf">
<editdetail action="confirmed" attribution="Reuters BIP Coding Group" date="1996-09-26"></editdetail></code></codes>
<codes class="bip:topics:1.0">
<code code="WzLvKgvkKa">
<editdetail action="confirmed" attribution="Reuters BIP Coding Group" date="1996-09-26"></editdetail></code>
<code code="xDxbdoHsjx">
<editdetail action="confirmed" attribution="Reuters BIP Coding Group" date="1996-09-26"></editdetail></code></codes>
<dc element="dc.publisher" value="Reuters Holdings Plc"></dc>
<dc element="dc.datepublished" value="1996-09-26"></dc>
<dc element="dc.source" value="Reuters - Notícias em Português"></dc>
<dc element="dc.creator.location" value=""></dc>
<dc element="dc.creator.location.country.name" value=""></dc></metadata></newsitem>