<?xml version="1.0" encoding="UTF-8"?>

<newsitem date="1996-12-17" id="root" itemid="51288" xml:lang="pt">
<title></title>
<headline> ACÇÕES PREVÊEM-SE SEM FORTES OSCILAÇÕES, TELECEL. </headline>
<byline></byline>
<dateline></dateline>
<text>
<p> As acções do Contínuo poderão abrir sem fortes oscilações, com a Telecel a destacar-se na subida e possivelmente a atingir um novo máximo, caso o sentimento negativo das outras praças não contagie o mercado. Operadores voltam a afirmar que a Telecel poderá bater nos 10.000 escudos. Interesses bastante concentrados nas &apos;blue-chips&apos;, como Portugal Telecom (PT), Cimpor. (c) Reuters Limited 1996. </p></text>
<copyright>(c) Reuters Limited 1996</copyright>
<metadata>
<codes class="bip:countries:1.0">
<code code="GSQIhzeKNM">
<editdetail action="confirmed" attribution="Reuters BIP Coding Group" date="1996-12-17"></editdetail></code>
<code code="CABhiKXopf">
<editdetail action="confirmed" attribution="Reuters BIP Coding Group" date="1996-12-17"></editdetail></code>
<code code="kbBTliSMUL">
<editdetail action="confirmed" attribution="Reuters BIP Coding Group" date="1996-12-17"></editdetail></code></codes>
<codes class="bip:topics:1.0">
<code code="IOXhzCEVly">
<editdetail action="confirmed" attribution="Reuters BIP Coding Group" date="1996-12-17"></editdetail></code>
<code code="ATpaOPwpTY">
<editdetail action="confirmed" attribution="Reuters BIP Coding Group" date="1996-12-17"></editdetail></code></codes>
<dc element="dc.publisher" value="Reuters Holdings Plc"></dc>
<dc element="dc.datepublished" value="1996-12-17"></dc>
<dc element="dc.source" value="Reuters - Notícias em Português"></dc>
<dc element="dc.creator.location" value=""></dc>
<dc element="dc.creator.location.country.name" value=""></dc></metadata></newsitem>