<?xml version="1.0" encoding="UTF-8"?>

<newsitem date="1997-07-02" id="root" itemid="55860" xml:lang="pt">
<title></title>
<headline> Futuro PSI20 Jul97 sobe 38 pontos para 7.469. </headline>
<byline></byline>
<dateline></dateline>
<text>
<p> *Futuro PSI20 Jul97 (PSI20N7)sobe 38 pontos para 7.469 *Índice PSI-20 (.PSI20)sobe 0,18 pct para 7.436,88 pontos *EDP sobe 21 escudos para 3.265. Negociadas 84.025 *BPSM sobe 20 escudos para 1.545. Negociadas 46.450. </p>
<p>      ---Paula Cordeiro, Lisboa Editorial, 351-1-3113125. </p>
<p> (c) Reuters Limited 1997. </p></text>
<copyright>(c) Reuters Limited 1997</copyright>
<metadata>
<codes class="bip:countries:1.0">
<code code="HVoFfzLziE">
<editdetail action="confirmed" attribution="Reuters BIP Coding Group" date="1997-07-02"></editdetail></code>
<code code="yLTNGImVOB">
<editdetail action="confirmed" attribution="Reuters BIP Coding Group" date="1997-07-02"></editdetail></code>
<code code="zzCGpLPXhF">
<editdetail action="confirmed" attribution="Reuters BIP Coding Group" date="1997-07-02"></editdetail></code></codes>
<codes class="bip:topics:1.0">
<code code="eRcpFZbzmv">
<editdetail action="confirmed" attribution="Reuters BIP Coding Group" date="1997-07-02"></editdetail></code>
<code code="BeOJKbCfES">
<editdetail action="confirmed" attribution="Reuters BIP Coding Group" date="1997-07-02"></editdetail></code></codes>
<dc element="dc.publisher" value="Reuters Holdings Plc"></dc>
<dc element="dc.datepublished" value="1997-07-02"></dc>
<dc element="dc.source" value="Reuters - Notícias em Português"></dc>
<dc element="dc.creator.location" value=""></dc>
<dc element="dc.creator.location.country.name" value=""></dc></metadata></newsitem>