<?xml version="1.0" encoding="UTF-8"?>

<newsitem date="1996-08-30" id="root" itemid="48542" xml:lang="pt">
<title></title>
<headline> FUTURO PSI20 SET96 DESCE 5 PONTOS PARA 4.730. </headline>
<byline></byline>
<dateline></dateline>
<text>
<p> *Futuro PSI20 Set96 4.730 pontos vs 4.735 fecho *Índice PSI20 cai 0,06 pct para 4.712,70 pontos *PT cai 7 escudos para 4.062. Negociadas 50.600 *Lusomundo pref. cai 39 esc p/1.210 com 10.000 *PI sobe 1 escudo para 1.040. Negociadas 7.000 *Cimpor sobe 1 escudo para 3.430. Negociadas 4.200 *BPSM estável nos 1.040 escudos. Negociadas 1.700 *BIC sobe 285 escudos para 2.585. Negociadas 900. </p></text>
<copyright>(c) Reuters Limited 1996</copyright>
<metadata>
<codes class="bip:countries:1.0">
<code code="kpwQzwjGCY">
<editdetail action="confirmed" attribution="Reuters BIP Coding Group" date="1996-08-30"></editdetail></code>
<code code="OsixPNSytM">
<editdetail action="confirmed" attribution="Reuters BIP Coding Group" date="1996-08-30"></editdetail></code>
<code code="dEGPabQHuH">
<editdetail action="confirmed" attribution="Reuters BIP Coding Group" date="1996-08-30"></editdetail></code></codes>
<codes class="bip:topics:1.0">
<code code="ZeTQxRIeiD">
<editdetail action="confirmed" attribution="Reuters BIP Coding Group" date="1996-08-30"></editdetail></code>
<code code="oyeYTXDKpK">
<editdetail action="confirmed" attribution="Reuters BIP Coding Group" date="1996-08-30"></editdetail></code></codes>
<dc element="dc.publisher" value="Reuters Holdings Plc"></dc>
<dc element="dc.datepublished" value="1996-08-30"></dc>
<dc element="dc.source" value="Reuters - Notícias em Português"></dc>
<dc element="dc.creator.location" value=""></dc>
<dc element="dc.creator.location.country.name" value=""></dc></metadata></newsitem>