<?xml version="1.0" encoding="UTF-8"?>

<newsitem date="1997-08-04" id="root" itemid="56748" xml:lang="pt">
<title></title>
<headline> Índice PSI20 cai 0,03 pct para 8.076,90 pontos. </headline>
<byline></byline>
<dateline></dateline>
<text>
<p> LISBOA, 4 Ago (Reuter) - O índice PSI20 caiu 0,03 pct ou 2,06 pontos para 8.076,90. </p>
<p> - Lisboa Editorial, 351.1.3113121. </p>
<p> (c) Reuters Limited 1997. </p></text>
<copyright>(c) Reuters Limited 1997</copyright>
<metadata>
<codes class="bip:countries:1.0">
<code code="LLrfpcNkYp">
<editdetail action="confirmed" attribution="Reuters BIP Coding Group" date="1997-08-04"></editdetail></code>
<code code="WhuXkgARcR">
<editdetail action="confirmed" attribution="Reuters BIP Coding Group" date="1997-08-04"></editdetail></code>
<code code="xISZrNLOjY">
<editdetail action="confirmed" attribution="Reuters BIP Coding Group" date="1997-08-04"></editdetail></code></codes>
<codes class="bip:topics:1.0">
<code code="ynoVfWasgZ">
<editdetail action="confirmed" attribution="Reuters BIP Coding Group" date="1997-08-04"></editdetail></code>
<code code="QlKDuTeIlc">
<editdetail action="confirmed" attribution="Reuters BIP Coding Group" date="1997-08-04"></editdetail></code></codes>
<dc element="dc.publisher" value="Reuters Holdings Plc"></dc>
<dc element="dc.datepublished" value="1997-08-04"></dc>
<dc element="dc.source" value="Reuters - Notícias em Português"></dc>
<dc element="dc.creator.location" value=""></dc>
<dc element="dc.creator.location.country.name" value=""></dc></metadata></newsitem>