<?xml version="1.0" encoding="UTF-8"?>

<newsitem date="1996-09-16" id="root" itemid="48968" xml:lang="pt">
<title></title>
<headline> AGEPAT PROMOVE 1RO CONGRESSO GESTÃO ACTIVOS 15 OUT. </headline>
<byline></byline>
<dateline></dateline>
<text>
<p> LISBOA, 16 Set (Reuter) - A AGEPAT-Associação Portuguesa das Sociedades Gestoras de Patrimónios organiza, no próximo dia 15 de Outubro, o primeiro Congresso de Gestão de Activos, refere a instituição em comunicado. </p>
<p> &quot;As novas tecnologias aplicadas à gestão de activos, a transposição da directiva de serviços de investimento, a relevância da Bolsa de Valores de Lisboa e a importância dos derivados, serão alguns dos temas a tratar neste primeiro Congresso&quot;, adianta. </p>
<p> - Lisboa Editorial, 351-1-3150035. </p>
<p> (c) Reuters Limited 1996. </p></text>
<copyright>(c) Reuters Limited 1996</copyright>
<metadata>
<codes class="bip:countries:1.0">
<code code="dZxdadxnOA">
<editdetail action="confirmed" attribution="Reuters BIP Coding Group" date="1996-09-16"></editdetail></code>
<code code="nkbzXFxPjP">
<editdetail action="confirmed" attribution="Reuters BIP Coding Group" date="1996-09-16"></editdetail></code>
<code code="XLsxUKySXx">
<editdetail action="confirmed" attribution="Reuters BIP Coding Group" date="1996-09-16"></editdetail></code></codes>
<codes class="bip:topics:1.0">
<code code="tNoKawMPKQ">
<editdetail action="confirmed" attribution="Reuters BIP Coding Group" date="1996-09-16"></editdetail></code></codes>
<dc element="dc.publisher" value="Reuters Holdings Plc"></dc>
<dc element="dc.datepublished" value="1996-09-16"></dc>
<dc element="dc.source" value="Reuters - Notícias em Português"></dc>
<dc element="dc.creator.location" value=""></dc>
<dc element="dc.creator.location.country.name" value=""></dc></metadata></newsitem>