<?xml version="1.0" encoding="UTF-8"?>

<newsitem date="1997-07-11" id="root" itemid="56147" xml:lang="pt">
<title></title>
<headline> Índice PSI20 cai 0,41 pct para 7.940,59 pontos. </headline>
<byline></byline>
<dateline></dateline>
<text>
<p> LISBOA, 11 Jul (Reuter) - O índice PSI20 caiu 0,41 pct ou 33,01 pontos para 7.940,59. </p>
<p> (c) Reuters Limited 1997. </p></text>
<copyright>(c) Reuters Limited 1997</copyright>
<metadata>
<codes class="bip:countries:1.0">
<code code="AThaeHOyNw">
<editdetail action="confirmed" attribution="Reuters BIP Coding Group" date="1997-07-11"></editdetail></code>
<code code="GGODUofqeL">
<editdetail action="confirmed" attribution="Reuters BIP Coding Group" date="1997-07-11"></editdetail></code>
<code code="izblYBqAQl">
<editdetail action="confirmed" attribution="Reuters BIP Coding Group" date="1997-07-11"></editdetail></code></codes>
<codes class="bip:topics:1.0">
<code code="IEPKEmuLhT">
<editdetail action="confirmed" attribution="Reuters BIP Coding Group" date="1997-07-11"></editdetail></code>
<code code="sZkbrLzAvv">
<editdetail action="confirmed" attribution="Reuters BIP Coding Group" date="1997-07-11"></editdetail></code></codes>
<dc element="dc.publisher" value="Reuters Holdings Plc"></dc>
<dc element="dc.datepublished" value="1997-07-11"></dc>
<dc element="dc.source" value="Reuters - Notícias em Português"></dc>
<dc element="dc.creator.location" value=""></dc>
<dc element="dc.creator.location.country.name" value=""></dc></metadata></newsitem>