<?xml version="1.0" encoding="UTF-8"?>

<newsitem date="1996-10-15" id="root" itemid="49755" xml:lang="pt">
<title></title>
<headline> FUTURO OT DEZ/96 102,31 CONTRA 102,13 FECHO[PT] </headline>
<byline></byline>
<dateline></dateline>
<text>
<p> *Futuro (BDPOTZ6)Dez/96 102,31 vs 102,13 no fecho anterior *Futuro Bono (MFFZ6)Dez/96 107,52 vs 107,34 fecho anterior *Bonos/Fev/06 com yield de 7,63 pct vs 7,72 pct fecho *Banco Espanha mantém repo inalterada nos 6,75 pct *Governo apresenta OE para 1997 na Assembleia República </p>
<p> - Sérgio Gonçalves, Lisboa Editorial, 351-1-3150035 (c) Reuters Limited 1996. </p></text>
<copyright>(c) Reuters Limited 1996</copyright>
<metadata>
<codes class="bip:countries:1.0">
<code code="HeEBfasePO">
<editdetail action="confirmed" attribution="Reuters BIP Coding Group" date="1996-10-15"></editdetail></code>
<code code="jBecynklxU">
<editdetail action="confirmed" attribution="Reuters BIP Coding Group" date="1996-10-15"></editdetail></code>
<code code="kFGUiZdReW">
<editdetail action="confirmed" attribution="Reuters BIP Coding Group" date="1996-10-15"></editdetail></code></codes>
<codes class="bip:topics:1.0">
<code code="JGniWzGTFi">
<editdetail action="confirmed" attribution="Reuters BIP Coding Group" date="1996-10-15"></editdetail></code>
<code code="zHbmRHHpBr">
<editdetail action="confirmed" attribution="Reuters BIP Coding Group" date="1996-10-15"></editdetail></code></codes>
<dc element="dc.publisher" value="Reuters Holdings Plc"></dc>
<dc element="dc.datepublished" value="1996-10-15"></dc>
<dc element="dc.source" value="Reuters - Notícias em Português"></dc>
<dc element="dc.creator.location" value=""></dc>
<dc element="dc.creator.location.country.name" value=""></dc></metadata></newsitem>