<?xml version="1.0" encoding="UTF-8"?>

<newsitem date="1997-01-21" id="root" itemid="51959" xml:lang="pt">
<title></title>
<headline> ACÇÕES ABREM EM QUEDA COM REALIZAÇÃO DE MAIS-VALIAS. </headline>
<byline></byline>
<dateline></dateline>
<text>
<p> As acções do Contínuo e os Futuros sobre o PSI20 abriram em queda, seguindo o momento negativo das outras praças europeias, com a realização de mais-valias. Mercado na expectativa quanto ao discurso esta tarde de Alan Greenspan. As acções do BTA voltam hoje a registar tendência de descida, com os investidores desiludidos em relação ao dividendo proposto. </p>
<p> (c) Reuters Limited 1997. </p></text>
<copyright>(c) Reuters Limited 1997</copyright>
<metadata>
<codes class="bip:countries:1.0">
<code code="bbGfMCBIhb">
<editdetail action="confirmed" attribution="Reuters BIP Coding Group" date="1997-01-21"></editdetail></code>
<code code="DPirVBPLzH">
<editdetail action="confirmed" attribution="Reuters BIP Coding Group" date="1997-01-21"></editdetail></code>
<code code="YwnPaLpNki">
<editdetail action="confirmed" attribution="Reuters BIP Coding Group" date="1997-01-21"></editdetail></code></codes>
<codes class="bip:topics:1.0">
<code code="AXpXyIquJJ">
<editdetail action="confirmed" attribution="Reuters BIP Coding Group" date="1997-01-21"></editdetail></code>
<code code="MUHdGiApvm">
<editdetail action="confirmed" attribution="Reuters BIP Coding Group" date="1997-01-21"></editdetail></code></codes>
<dc element="dc.publisher" value="Reuters Holdings Plc"></dc>
<dc element="dc.datepublished" value="1997-01-21"></dc>
<dc element="dc.source" value="Reuters - Notícias em Português"></dc>
<dc element="dc.creator.location" value=""></dc>
<dc element="dc.creator.location.country.name" value=""></dc></metadata></newsitem>