<?xml version="1.0" encoding="UTF-8"?>

<newsitem date="1996-08-22" id="root" itemid="48338" xml:lang="pt">
<title></title>
<headline> FUTURO OT10 SET96 ABRE ALTA 0,08 PONTOS PARA 95,35. </headline>
<byline></byline>
<dateline></dateline>
<text>
<p> *Futuro Set/96 sobe 0,08 pontos para 95,35 </p>
<p> *Futuro Bono sobe 0,12 pontos para 100,29 </p>
<p> *BP cede até 10 MC, 4 dias, em leilão e absorve a 6,8 pct </p>
<p> *Tesouro coloca 25 MC BT 364 dias, TMP 7,1559% (7,1650%) </p>
<p> *Reunião hoje do conselho director do Buba. </p>
<p> - Lisboa Editorial, 351-1-3150035 (c) Reuters Limited 1996. </p></text>
<copyright>(c) Reuters Limited 1996</copyright>
<metadata>
<codes class="bip:countries:1.0">
<code code="bceKaITNuu">
<editdetail action="confirmed" attribution="Reuters BIP Coding Group" date="1996-08-22"></editdetail></code>
<code code="FCGcJlUUCh">
<editdetail action="confirmed" attribution="Reuters BIP Coding Group" date="1996-08-22"></editdetail></code>
<code code="esJKbwoZcM">
<editdetail action="confirmed" attribution="Reuters BIP Coding Group" date="1996-08-22"></editdetail></code></codes>
<codes class="bip:topics:1.0">
<code code="MOWfccuuTJ">
<editdetail action="confirmed" attribution="Reuters BIP Coding Group" date="1996-08-22"></editdetail></code>
<code code="zFBOPjdRuj">
<editdetail action="confirmed" attribution="Reuters BIP Coding Group" date="1996-08-22"></editdetail></code></codes>
<dc element="dc.publisher" value="Reuters Holdings Plc"></dc>
<dc element="dc.datepublished" value="1996-08-22"></dc>
<dc element="dc.source" value="Reuters - Notícias em Português"></dc>
<dc element="dc.creator.location" value=""></dc>
<dc element="dc.creator.location.country.name" value=""></dc></metadata></newsitem>