<?xml version="1.0" encoding="UTF-8"?>

<newsitem date="1997-05-16" id="root" itemid="54731" xml:lang="pt">
<title></title>
<headline> Índice PSI20 cai 0,45 pct para 6.723,97 pontos. </headline>
<byline></byline>
<dateline></dateline>
<text>
<p> LISBOA, 16 Mai (Reuter) - O índice PSI20 caiu 30,35 pontos ou 0,45 pct para 6.723,97 pontos. </p>
<p> (c) Reuters Limited 1997. </p></text>
<copyright>(c) Reuters Limited 1997</copyright>
<metadata>
<codes class="bip:countries:1.0">
<code code="asSdqMvmbi">
<editdetail action="confirmed" attribution="Reuters BIP Coding Group" date="1997-05-16"></editdetail></code>
<code code="RdtJaohWwu">
<editdetail action="confirmed" attribution="Reuters BIP Coding Group" date="1997-05-16"></editdetail></code>
<code code="hBBTyvQQTv">
<editdetail action="confirmed" attribution="Reuters BIP Coding Group" date="1997-05-16"></editdetail></code></codes>
<codes class="bip:topics:1.0">
<code code="nQmYzkNrHs">
<editdetail action="confirmed" attribution="Reuters BIP Coding Group" date="1997-05-16"></editdetail></code>
<code code="GdnfJpYdgN">
<editdetail action="confirmed" attribution="Reuters BIP Coding Group" date="1997-05-16"></editdetail></code></codes>
<dc element="dc.publisher" value="Reuters Holdings Plc"></dc>
<dc element="dc.datepublished" value="1997-05-16"></dc>
<dc element="dc.source" value="Reuters - Notícias em Português"></dc>
<dc element="dc.creator.location" value=""></dc>
<dc element="dc.creator.location.country.name" value=""></dc></metadata></newsitem>