<?xml version="1.0" encoding="UTF-8"?>

<newsitem date="1997-04-14" id="root" itemid="53913" xml:lang="pt">
<title></title>
<headline> Escudo aprecia manhã vs marco, deve continuar alta. </headline>
<byline></byline>
<dateline></dateline>
<text>
<p> O escudo apreciou-se ao longo da manhã contra o marco e continua decidido neste caminho, estando a beneficiar da firmeza que o dólar mostra acima dos 1,72 marcos e também das restantes moedas europeias. Dealers dizem que o escudo poderá, ainda hoje, atingir os 99,80 por marco. </p>
<p>     ----Lisboa Editorial, 351.1.3113121. </p>
<p> (c) Reuters Limited 1997. </p></text>
<copyright>(c) Reuters Limited 1997</copyright>
<metadata>
<codes class="bip:countries:1.0">
<code code="GgfWWKjVHN">
<editdetail action="confirmed" attribution="Reuters BIP Coding Group" date="1997-04-14"></editdetail></code>
<code code="enHUsxHOdG">
<editdetail action="confirmed" attribution="Reuters BIP Coding Group" date="1997-04-14"></editdetail></code>
<code code="SujoETaCBt">
<editdetail action="confirmed" attribution="Reuters BIP Coding Group" date="1997-04-14"></editdetail></code></codes>
<codes class="bip:topics:1.0">
<code code="ASwKkaTvFc">
<editdetail action="confirmed" attribution="Reuters BIP Coding Group" date="1997-04-14"></editdetail></code>
<code code="RopKgYPWxX">
<editdetail action="confirmed" attribution="Reuters BIP Coding Group" date="1997-04-14"></editdetail></code>
<code code="KUjaGJxyXR">
<editdetail action="confirmed" attribution="Reuters BIP Coding Group" date="1997-04-14"></editdetail></code></codes>
<dc element="dc.publisher" value="Reuters Holdings Plc"></dc>
<dc element="dc.datepublished" value="1997-04-14"></dc>
<dc element="dc.source" value="Reuters - Notícias em Português"></dc>
<dc element="dc.creator.location" value=""></dc>
<dc element="dc.creator.location.country.name" value=""></dc></metadata></newsitem>