<?xml version="1.0" encoding="UTF-8"?>

<newsitem date="1997-08-11" id="root" itemid="56898" xml:lang="pt">
<title></title>
<headline> Índice PSI20 cai 0,76 pct para 8.217,03 pontos. </headline>
<byline></byline>
<dateline></dateline>
<text>
<p> LISBOA, 11 Ago (Reuter) - O índice PSI20 caiu 0,76 pct ou 62,67 pontos para 8.217,03. </p>
<p> - Lisboa Editorial, 351.1.3113121. </p>
<p> (c) Reuters Limited 1997. </p></text>
<copyright>(c) Reuters Limited 1997</copyright>
<metadata>
<codes class="bip:countries:1.0">
<code code="WoyrcKWgAq">
<editdetail action="confirmed" attribution="Reuters BIP Coding Group" date="1997-08-11"></editdetail></code>
<code code="mJWDZhKXgo">
<editdetail action="confirmed" attribution="Reuters BIP Coding Group" date="1997-08-11"></editdetail></code>
<code code="yVnvLzcPhd">
<editdetail action="confirmed" attribution="Reuters BIP Coding Group" date="1997-08-11"></editdetail></code></codes>
<codes class="bip:topics:1.0">
<code code="HnUMopwcce">
<editdetail action="confirmed" attribution="Reuters BIP Coding Group" date="1997-08-11"></editdetail></code>
<code code="dTrvYStWiE">
<editdetail action="confirmed" attribution="Reuters BIP Coding Group" date="1997-08-11"></editdetail></code></codes>
<dc element="dc.publisher" value="Reuters Holdings Plc"></dc>
<dc element="dc.datepublished" value="1997-08-11"></dc>
<dc element="dc.source" value="Reuters - Notícias em Português"></dc>
<dc element="dc.creator.location" value=""></dc>
<dc element="dc.creator.location.country.name" value=""></dc></metadata></newsitem>