<?xml version="1.0" encoding="UTF-8"?>

<newsitem date="1997-06-03" id="root" itemid="55147" xml:lang="pt">
<title></title>
<headline> Futuro PSI20 Fev97 sobe 27 pontos para 6.703. </headline>
<byline></byline>
<dateline></dateline>
<text>
<p> *Índice PSI-20 (.PSI20)abre cair 0,29 pct para 6.665,44 *Futuro PSI20 Jun97 (PSI20M7)sobe 27 pontos para 6.703 *PT fecha Nova Iorque cair 0,375 dólares para 38,125 *Dólar 174,60 escudos vs 174,164 no fixing ontem BP *BP anuncia 1315 TMG condições MMI próximo período *Dow Jones cai 0,57%, FTSE sobe 0,38%, CAC sobe 1%, IBEX +1,0% *Contínuo abre mas problemas SIIB impedem visualização - BVL. </p>
<p> (c) Reuters Limited 1997. </p></text>
<copyright>(c) Reuters Limited 1997</copyright>
<metadata>
<codes class="bip:countries:1.0">
<code code="FNOnHJlZzN">
<editdetail action="confirmed" attribution="Reuters BIP Coding Group" date="1997-06-03"></editdetail></code>
<code code="zefypMgsxV">
<editdetail action="confirmed" attribution="Reuters BIP Coding Group" date="1997-06-03"></editdetail></code>
<code code="yEcTIanrTY">
<editdetail action="confirmed" attribution="Reuters BIP Coding Group" date="1997-06-03"></editdetail></code></codes>
<codes class="bip:topics:1.0">
<code code="TjMzNmwPCA">
<editdetail action="confirmed" attribution="Reuters BIP Coding Group" date="1997-06-03"></editdetail></code>
<code code="KmRRlZNVNv">
<editdetail action="confirmed" attribution="Reuters BIP Coding Group" date="1997-06-03"></editdetail></code></codes>
<dc element="dc.publisher" value="Reuters Holdings Plc"></dc>
<dc element="dc.datepublished" value="1997-06-03"></dc>
<dc element="dc.source" value="Reuters - Notícias em Português"></dc>
<dc element="dc.creator.location" value=""></dc>
<dc element="dc.creator.location.country.name" value=""></dc></metadata></newsitem>