<?xml version="1.0" encoding="UTF-8"?>

<newsitem date="1996-09-26" id="root" itemid="49256" xml:lang="pt">
<title></title>
<headline> FUTURO OT10 DEZ96 ABRE 99,90 VERSUS 99,49 ANTERIOR[PT] </headline>
<byline></byline>
<dateline></dateline>
<text>
<p> *Futuro OT10 Dez96 sobe 0,41 pontos para 99,90 *Futuro Bono Dez/96 106,33 vs 105,84 fecho anterior *Bonos/Fev/05 com yield de 7,85 pct vs 7,99 pct início ontem *BP mantém absorção em 6,8 pct e emergência em 9 pct *Dólar 1,51,49/54 marcos contra 1,5106/16 fecho Europa </p>
<p> - Sérgio Gonçalves, Lisboa Editorial, 351-1-3150035 </p>
<p> (c) Reuters Limited 1996. </p></text>
<copyright>(c) Reuters Limited 1996</copyright>
<metadata>
<codes class="bip:countries:1.0">
<code code="vqoFNMYxbB">
<editdetail action="confirmed" attribution="Reuters BIP Coding Group" date="1996-09-26"></editdetail></code>
<code code="qTbLmpcGsa">
<editdetail action="confirmed" attribution="Reuters BIP Coding Group" date="1996-09-26"></editdetail></code>
<code code="iHNeuLoUMs">
<editdetail action="confirmed" attribution="Reuters BIP Coding Group" date="1996-09-26"></editdetail></code></codes>
<codes class="bip:topics:1.0">
<code code="CDzXmRhFct">
<editdetail action="confirmed" attribution="Reuters BIP Coding Group" date="1996-09-26"></editdetail></code>
<code code="naQAUkUydk">
<editdetail action="confirmed" attribution="Reuters BIP Coding Group" date="1996-09-26"></editdetail></code>
<code code="ubrbQraplY">
<editdetail action="confirmed" attribution="Reuters BIP Coding Group" date="1996-09-26"></editdetail></code></codes>
<dc element="dc.publisher" value="Reuters Holdings Plc"></dc>
<dc element="dc.datepublished" value="1996-09-26"></dc>
<dc element="dc.source" value="Reuters - Notícias em Português"></dc>
<dc element="dc.creator.location" value=""></dc>
<dc element="dc.creator.location.country.name" value=""></dc></metadata></newsitem>