<?xml version="1.0" encoding="UTF-8"?>

<newsitem date="1997-06-17" id="root" itemid="55472" xml:lang="pt">
<title></title>
<headline> Índice PSI20 cai 0,14 pct para 7.365,05 pontos. </headline>
<byline></byline>
<dateline></dateline>
<text>
<p> LISBOA, 17 Jun (Reuter) - O índice PSI20 caiu 10,18 pontos ou 0,14 pct para 7.365,05 pontos, tendo atingido o máximo do ano nos 7.498,07. </p>
<p> (c) Reuters Limited 1997. </p></text>
<copyright>(c) Reuters Limited 1997</copyright>
<metadata>
<codes class="bip:countries:1.0">
<code code="QHPJKHckgq">
<editdetail action="confirmed" attribution="Reuters BIP Coding Group" date="1997-06-17"></editdetail></code>
<code code="cPhsLjNGWV">
<editdetail action="confirmed" attribution="Reuters BIP Coding Group" date="1997-06-17"></editdetail></code>
<code code="JeOfkPrfIu">
<editdetail action="confirmed" attribution="Reuters BIP Coding Group" date="1997-06-17"></editdetail></code></codes>
<codes class="bip:topics:1.0">
<code code="uJOfunGSld">
<editdetail action="confirmed" attribution="Reuters BIP Coding Group" date="1997-06-17"></editdetail></code>
<code code="ytWKELjfqS">
<editdetail action="confirmed" attribution="Reuters BIP Coding Group" date="1997-06-17"></editdetail></code></codes>
<dc element="dc.publisher" value="Reuters Holdings Plc"></dc>
<dc element="dc.datepublished" value="1997-06-17"></dc>
<dc element="dc.source" value="Reuters - Notícias em Português"></dc>
<dc element="dc.creator.location" value=""></dc>
<dc element="dc.creator.location.country.name" value=""></dc></metadata></newsitem>