<?xml version="1.0" encoding="UTF-8"?>

<newsitem date="1997-06-04" id="root" itemid="55199" xml:lang="pt">
<title></title>
<headline> Índice PSI20 sobe 0,68 pct para 6.799,16 pontos. </headline>
<byline></byline>
<dateline></dateline>
<text>
<p> LISBOA, 4 Jun (Reuter) - O índice PSI20 subiu 46,21 pontos ou 0,68 pct para 6.799,16 pontos, máximo do ano. </p>
<p> (c) Reuters Limited 1997. </p></text>
<copyright>(c) Reuters Limited 1997</copyright>
<metadata>
<codes class="bip:countries:1.0">
<code code="zKazpGCliP">
<editdetail action="confirmed" attribution="Reuters BIP Coding Group" date="1997-06-04"></editdetail></code>
<code code="mDRFNOOtXV">
<editdetail action="confirmed" attribution="Reuters BIP Coding Group" date="1997-06-04"></editdetail></code>
<code code="tJqNIivufq">
<editdetail action="confirmed" attribution="Reuters BIP Coding Group" date="1997-06-04"></editdetail></code></codes>
<codes class="bip:topics:1.0">
<code code="mWkqODZcMe">
<editdetail action="confirmed" attribution="Reuters BIP Coding Group" date="1997-06-04"></editdetail></code>
<code code="DbncNxHenx">
<editdetail action="confirmed" attribution="Reuters BIP Coding Group" date="1997-06-04"></editdetail></code></codes>
<dc element="dc.publisher" value="Reuters Holdings Plc"></dc>
<dc element="dc.datepublished" value="1997-06-04"></dc>
<dc element="dc.source" value="Reuters - Notícias em Português"></dc>
<dc element="dc.creator.location" value=""></dc>
<dc element="dc.creator.location.country.name" value=""></dc></metadata></newsitem>