<?xml version="1.0" encoding="UTF-8"?>

<newsitem date="1996-10-15" id="root" itemid="49793" xml:lang="pt">
<title></title>
<headline> ÍNDICE PSI20 CAI 2,25 PONTOS PARA 4.789,25. </headline>
<byline></byline>
<dateline></dateline>
<text>
<p> LISBOA, 15 Out (Reuter) - O índice PSI20 desceu 2,25 pontos para 4.789,25. </p>
<p> (c) Reuters Limited 1996. </p></text>
<copyright>(c) Reuters Limited 1996</copyright>
<metadata>
<codes class="bip:countries:1.0">
<code code="RQnGghiOqW">
<editdetail action="confirmed" attribution="Reuters BIP Coding Group" date="1996-10-15"></editdetail></code>
<code code="pMCXdfFYNz">
<editdetail action="confirmed" attribution="Reuters BIP Coding Group" date="1996-10-15"></editdetail></code>
<code code="mhUxfvOYIJ">
<editdetail action="confirmed" attribution="Reuters BIP Coding Group" date="1996-10-15"></editdetail></code></codes>
<codes class="bip:topics:1.0">
<code code="etaKxIBscj">
<editdetail action="confirmed" attribution="Reuters BIP Coding Group" date="1996-10-15"></editdetail></code>
<code code="kvkKcdLYWH">
<editdetail action="confirmed" attribution="Reuters BIP Coding Group" date="1996-10-15"></editdetail></code></codes>
<dc element="dc.publisher" value="Reuters Holdings Plc"></dc>
<dc element="dc.datepublished" value="1996-10-15"></dc>
<dc element="dc.source" value="Reuters - Notícias em Português"></dc>
<dc element="dc.creator.location" value=""></dc>
<dc element="dc.creator.location.country.name" value=""></dc></metadata></newsitem>