<?xml version="1.0" encoding="UTF-8"?>

<newsitem date="1996-09-17" id="root" itemid="49002" xml:lang="pt">
<title></title>
<headline> ÍNDICE PSI20 DESCE 10,11 PONTOS PARA 4.765,11. </headline>
<byline></byline>
<dateline></dateline>
<text>
<p> LISBOA, 17 Set (Reuter) - O índice PSI20 desceu 10,11 pontos para 4.765,11. </p>
<p> (c) Reuters Limited 1996. </p></text>
<copyright>(c) Reuters Limited 1996</copyright>
<metadata>
<codes class="bip:countries:1.0">
<code code="vzXzAEgOVM">
<editdetail action="confirmed" attribution="Reuters BIP Coding Group" date="1996-09-17"></editdetail></code>
<code code="WvbsnVMnYM">
<editdetail action="confirmed" attribution="Reuters BIP Coding Group" date="1996-09-17"></editdetail></code>
<code code="AGsQAvjuca">
<editdetail action="confirmed" attribution="Reuters BIP Coding Group" date="1996-09-17"></editdetail></code></codes>
<codes class="bip:topics:1.0">
<code code="cxclxMIaJv">
<editdetail action="confirmed" attribution="Reuters BIP Coding Group" date="1996-09-17"></editdetail></code>
<code code="OIwpdpAUqt">
<editdetail action="confirmed" attribution="Reuters BIP Coding Group" date="1996-09-17"></editdetail></code></codes>
<dc element="dc.publisher" value="Reuters Holdings Plc"></dc>
<dc element="dc.datepublished" value="1996-09-17"></dc>
<dc element="dc.source" value="Reuters - Notícias em Português"></dc>
<dc element="dc.creator.location" value=""></dc>
<dc element="dc.creator.location.country.name" value=""></dc></metadata></newsitem>