<?xml version="1.0" encoding="UTF-8"?>

<newsitem date="1997-03-24" id="root" itemid="53487" xml:lang="pt">
<title></title>
<headline> Escudo alivia com peseta na meia sessão. </headline>
<byline></byline>
<dateline></dateline>
<text>
<p> O escudo aliviou ligeiramente na meia sessão, seguindo os passos da peseta contra um marco ganhador em relação às europeias, após os comentários de Ernst Welteke, do Buba, que espera que as taxas do FED continuem estáveis tanto quanto possível. </p>
<p> - Lisboa Editorial, 351-1-3150035. </p>
<p> (c) Reuters Limited 1997. </p></text>
<copyright>(c) Reuters Limited 1997</copyright>
<metadata>
<codes class="bip:countries:1.0">
<code code="UvXRMOZNOY">
<editdetail action="confirmed" attribution="Reuters BIP Coding Group" date="1997-03-24"></editdetail></code>
<code code="LHnpqpujma">
<editdetail action="confirmed" attribution="Reuters BIP Coding Group" date="1997-03-24"></editdetail></code>
<code code="ijGtIqGccL">
<editdetail action="confirmed" attribution="Reuters BIP Coding Group" date="1997-03-24"></editdetail></code></codes>
<codes class="bip:topics:1.0">
<code code="EmnjiNyWrU">
<editdetail action="confirmed" attribution="Reuters BIP Coding Group" date="1997-03-24"></editdetail></code>
<code code="COjBOsKflj">
<editdetail action="confirmed" attribution="Reuters BIP Coding Group" date="1997-03-24"></editdetail></code>
<code code="KmCfxmZAfj">
<editdetail action="confirmed" attribution="Reuters BIP Coding Group" date="1997-03-24"></editdetail></code></codes>
<dc element="dc.publisher" value="Reuters Holdings Plc"></dc>
<dc element="dc.datepublished" value="1997-03-24"></dc>
<dc element="dc.source" value="Reuters - Notícias em Português"></dc>
<dc element="dc.creator.location" value=""></dc>
<dc element="dc.creator.location.country.name" value=""></dc></metadata></newsitem>