<?xml version="1.0" encoding="UTF-8"?>

<newsitem date="1996-12-13" id="root" itemid="51225" xml:lang="pt">
<title></title>
<headline> SAÍDA IPC NOVEMBRO PREVISTO PARA 1200 TMG. </headline>
<byline></byline>
<dateline></dateline>
<text>
<p> LISBOA, 13 Dez (Reuter) - A divulgação do Índice de Preços no Consumidor (IPC) de Novembro está prevista para as 1200 horas, disse uma fonte do Instituto Nacional de Estatística (INE). </p>
<p> - Lisboa Editorial, 351.1.3113126. </p>
<p> (c) Reuters Limited 1996. </p></text>
<copyright>(c) Reuters Limited 1996</copyright>
<metadata>
<codes class="bip:countries:1.0">
<code code="hJfkBqnXpF">
<editdetail action="confirmed" attribution="Reuters BIP Coding Group" date="1996-12-13"></editdetail></code>
<code code="AhepyIVnBO">
<editdetail action="confirmed" attribution="Reuters BIP Coding Group" date="1996-12-13"></editdetail></code>
<code code="WqpqFKKMUT">
<editdetail action="confirmed" attribution="Reuters BIP Coding Group" date="1996-12-13"></editdetail></code></codes>
<codes class="bip:topics:1.0">
<code code="WHaknPtYDT">
<editdetail action="confirmed" attribution="Reuters BIP Coding Group" date="1996-12-13"></editdetail></code>
<code code="PsbvuDHvUi">
<editdetail action="confirmed" attribution="Reuters BIP Coding Group" date="1996-12-13"></editdetail></code>
<code code="ojaRbnSsDk">
<editdetail action="confirmed" attribution="Reuters BIP Coding Group" date="1996-12-13"></editdetail></code></codes>
<dc element="dc.publisher" value="Reuters Holdings Plc"></dc>
<dc element="dc.datepublished" value="1996-12-13"></dc>
<dc element="dc.source" value="Reuters - Notícias em Português"></dc>
<dc element="dc.creator.location" value=""></dc>
<dc element="dc.creator.location.country.name" value=""></dc></metadata></newsitem>