<?xml version="1.0" encoding="UTF-8"?>

<newsitem date="1996-11-18" id="root" itemid="50598" xml:lang="pt">
<title></title>
<headline> ÍNDICE PSI20 SOBE 1,94 PONTOS PARA 4.956,60. </headline>
<byline></byline>
<dateline></dateline>
<text>
<p> LISBOA, 18 Nov (Reuter) - O índice PSI20 subiu 1,94 pontos para 4.956,60 pontos, atingindo o máximo de 1996 nos 4.961,68 pontos. </p>
<p> (c) Reuters Limited 1996. </p></text>
<copyright>(c) Reuters Limited 1996</copyright>
<metadata>
<codes class="bip:countries:1.0">
<code code="JVqGWIbfpf">
<editdetail action="confirmed" attribution="Reuters BIP Coding Group" date="1996-11-18"></editdetail></code>
<code code="GYJJagJlzY">
<editdetail action="confirmed" attribution="Reuters BIP Coding Group" date="1996-11-18"></editdetail></code>
<code code="hTBsBvxBpo">
<editdetail action="confirmed" attribution="Reuters BIP Coding Group" date="1996-11-18"></editdetail></code></codes>
<codes class="bip:topics:1.0">
<code code="rvufzADGDZ">
<editdetail action="confirmed" attribution="Reuters BIP Coding Group" date="1996-11-18"></editdetail></code>
<code code="uEIqDIXBeg">
<editdetail action="confirmed" attribution="Reuters BIP Coding Group" date="1996-11-18"></editdetail></code></codes>
<dc element="dc.publisher" value="Reuters Holdings Plc"></dc>
<dc element="dc.datepublished" value="1996-11-18"></dc>
<dc element="dc.source" value="Reuters - Notícias em Português"></dc>
<dc element="dc.creator.location" value=""></dc>
<dc element="dc.creator.location.country.name" value=""></dc></metadata></newsitem>