<?xml version="1.0" encoding="UTF-8"?>

<newsitem date="1996-12-09" id="root" itemid="51068" xml:lang="pt">
<title></title>
<headline> ESCUDO CALMO E APÁTICO VS MARCO, MANTÉM SENTIMENTO. </headline>
<byline></byline>
<dateline></dateline>
<text>
<p> O escudo manteve-se calmo e estabilizado à volta dos 101,00 por marco, numa sessão sem interesses especiais. Dealers dizem que o marco-escudo vai continuar apático e centrado nos 101,00. </p>
<p>     ----José Barata, Lisboa Editorial, 351.1.3113121. </p>
<p> (c) Reuters Limited 1996. </p></text>
<copyright>(c) Reuters Limited 1996</copyright>
<metadata>
<codes class="bip:countries:1.0">
<code code="PaeNfTFRCD">
<editdetail action="confirmed" attribution="Reuters BIP Coding Group" date="1996-12-09"></editdetail></code>
<code code="taqSSEbRuq">
<editdetail action="confirmed" attribution="Reuters BIP Coding Group" date="1996-12-09"></editdetail></code>
<code code="TzSujVOqOq">
<editdetail action="confirmed" attribution="Reuters BIP Coding Group" date="1996-12-09"></editdetail></code></codes>
<codes class="bip:topics:1.0">
<code code="FNWBEzDChL">
<editdetail action="confirmed" attribution="Reuters BIP Coding Group" date="1996-12-09"></editdetail></code>
<code code="YbMTQVTexE">
<editdetail action="confirmed" attribution="Reuters BIP Coding Group" date="1996-12-09"></editdetail></code>
<code code="vauxUOQWAo">
<editdetail action="confirmed" attribution="Reuters BIP Coding Group" date="1996-12-09"></editdetail></code></codes>
<dc element="dc.publisher" value="Reuters Holdings Plc"></dc>
<dc element="dc.datepublished" value="1996-12-09"></dc>
<dc element="dc.source" value="Reuters - Notícias em Português"></dc>
<dc element="dc.creator.location" value=""></dc>
<dc element="dc.creator.location.country.name" value=""></dc></metadata></newsitem>