<?xml version="1.0" encoding="UTF-8"?>

<newsitem date="1996-10-07" id="root" itemid="49548" xml:lang="pt">
<title></title>
<headline> MONETÁRIO FECHA =3. </headline>
<byline></byline>
<dateline></dateline>
<text>
<p> O futuro sobre a Lisbor a três meses, apesar de a liquidez não ser muita, está também em alta, a reflectir expectativas de descida de taxas. </p>
<p> Nos prazos do mercado monetário, todavia, os interesses em negociar são poucos e as taxas estão semelhantes aos níveis da abertura, com os três meses em 6,88/6,97 pct, os seis meses em 6,77/6,82 pct e o ano em 6,75/6,82 pct. </p>
<p> - Fernanda Pargana, Lisboa Editorial, 351-1-311.31.26 </p>
<p> (c) Reuters Limited 1996. </p></text>
<copyright>(c) Reuters Limited 1996</copyright>
<metadata>
<codes class="bip:countries:1.0">
<code code="dgZhBVNFmZ">
<editdetail action="confirmed" attribution="Reuters BIP Coding Group" date="1996-10-07"></editdetail></code>
<code code="txcEUuNqQR">
<editdetail action="confirmed" attribution="Reuters BIP Coding Group" date="1996-10-07"></editdetail></code>
<code code="JNmCjdCHKo">
<editdetail action="confirmed" attribution="Reuters BIP Coding Group" date="1996-10-07"></editdetail></code></codes>
<codes class="bip:topics:1.0">
<code code="mxoYMfqgTc">
<editdetail action="confirmed" attribution="Reuters BIP Coding Group" date="1996-10-07"></editdetail></code>
<code code="oRjhUgThIC">
<editdetail action="confirmed" attribution="Reuters BIP Coding Group" date="1996-10-07"></editdetail></code></codes>
<dc element="dc.publisher" value="Reuters Holdings Plc"></dc>
<dc element="dc.datepublished" value="1996-10-07"></dc>
<dc element="dc.source" value="Reuters - Notícias em Português"></dc>
<dc element="dc.creator.location" value=""></dc>
<dc element="dc.creator.location.country.name" value=""></dc></metadata></newsitem>