<?xml version="1.0" encoding="UTF-8"?>

<newsitem date="1997-02-06" id="root" itemid="52396" xml:lang="pt">
<title></title>
<headline> ESCUDO CAI VS MARCO MANHÃ A ACOMPANHAR QUEDA PESETA. </headline>
<byline></byline>
<dateline></dateline>
<text>
<p> O escudo perdeu terreno contra o marco, depois de um início animador e em alta, limitando-se, agora, a seguir a peseta. Dealers dizem que os movimentos do escudo são apenas motivados pela peseta e que o mercado está calmo e com poucos interesses. </p>
<p>     ----Lisboa Editorial, 351.1.3113121. </p>
<p> (c) Reuters Limited 1997. </p></text>
<copyright>(c) Reuters Limited 1997</copyright>
<metadata>
<codes class="bip:countries:1.0">
<code code="CDRiZKmfbn">
<editdetail action="confirmed" attribution="Reuters BIP Coding Group" date="1997-02-06"></editdetail></code>
<code code="jgpQlUnXNB">
<editdetail action="confirmed" attribution="Reuters BIP Coding Group" date="1997-02-06"></editdetail></code>
<code code="KGllKePlei">
<editdetail action="confirmed" attribution="Reuters BIP Coding Group" date="1997-02-06"></editdetail></code></codes>
<codes class="bip:topics:1.0">
<code code="OhcNLOICum">
<editdetail action="confirmed" attribution="Reuters BIP Coding Group" date="1997-02-06"></editdetail></code>
<code code="EmbzUQiZWI">
<editdetail action="confirmed" attribution="Reuters BIP Coding Group" date="1997-02-06"></editdetail></code>
<code code="qYlchGHePW">
<editdetail action="confirmed" attribution="Reuters BIP Coding Group" date="1997-02-06"></editdetail></code></codes>
<dc element="dc.publisher" value="Reuters Holdings Plc"></dc>
<dc element="dc.datepublished" value="1997-02-06"></dc>
<dc element="dc.source" value="Reuters - Notícias em Português"></dc>
<dc element="dc.creator.location" value=""></dc>
<dc element="dc.creator.location.country.name" value=""></dc></metadata></newsitem>