<?xml version="1.0" encoding="UTF-8"?>

<newsitem date="1996-11-19" id="root" itemid="50634" xml:lang="pt">
<title></title>
<headline> ÍNDICE PSI20 CAI 12,62 PONTOS PARA 4.943,98. </headline>
<byline></byline>
<dateline></dateline>
<text>
<p> LISBOA, 19 Nov (Reuter) - O índice PSI20 caiu 12,62 pontos para 4.943,98 pontos. </p>
<p> (c) Reuters Limited 1996. </p></text>
<copyright>(c) Reuters Limited 1996</copyright>
<metadata>
<codes class="bip:countries:1.0">
<code code="eWfCIITDwf">
<editdetail action="confirmed" attribution="Reuters BIP Coding Group" date="1996-11-19"></editdetail></code>
<code code="xoUUuAiYPJ">
<editdetail action="confirmed" attribution="Reuters BIP Coding Group" date="1996-11-19"></editdetail></code>
<code code="rTNYbMuWQW">
<editdetail action="confirmed" attribution="Reuters BIP Coding Group" date="1996-11-19"></editdetail></code></codes>
<codes class="bip:topics:1.0">
<code code="AZfxyBsmPX">
<editdetail action="confirmed" attribution="Reuters BIP Coding Group" date="1996-11-19"></editdetail></code>
<code code="vAszvofsbn">
<editdetail action="confirmed" attribution="Reuters BIP Coding Group" date="1996-11-19"></editdetail></code></codes>
<dc element="dc.publisher" value="Reuters Holdings Plc"></dc>
<dc element="dc.datepublished" value="1996-11-19"></dc>
<dc element="dc.source" value="Reuters - Notícias em Português"></dc>
<dc element="dc.creator.location" value=""></dc>
<dc element="dc.creator.location.country.name" value=""></dc></metadata></newsitem>