<?xml version="1.0" encoding="UTF-8"?>

<newsitem date="1997-04-03" id="root" itemid="53695" xml:lang="pt">
<title></title>
<headline> BDP diz negociação Futuros retomada desde 1000 TMG. </headline>
<byline></byline>
<dateline></dateline>
<text>
<p> LISBOA, 3 Abr (Reuter) - A negociação dos Futuros na Bolsa de Derivados do Porto (BDP) já foi retomada, desde as 1000 TMG, disse uma fonte oficial da BDP. </p>
<p> &quot;(A negociação) já arrancou desde as 1100 (horas locais) e está operacional&quot;, disse esta fonte. </p>
<p> A negociação na BDP esteve interrompida desde cerca das 0920 TMG devido a problemas de telecomunicações. </p>
<p> - Lisboa Editorial, 351-1-3150035. </p>
<p> (c) Reuters Limited 1997. </p></text>
<copyright>(c) Reuters Limited 1997</copyright>
<metadata>
<codes class="bip:countries:1.0">
<code code="vCEjhufYdb">
<editdetail action="confirmed" attribution="Reuters BIP Coding Group" date="1997-04-03"></editdetail></code>
<code code="oKUSEzWDfy">
<editdetail action="confirmed" attribution="Reuters BIP Coding Group" date="1997-04-03"></editdetail></code>
<code code="FxfookYeKL">
<editdetail action="confirmed" attribution="Reuters BIP Coding Group" date="1997-04-03"></editdetail></code></codes>
<codes class="bip:topics:1.0">
<code code="TTlJdaMhKC">
<editdetail action="confirmed" attribution="Reuters BIP Coding Group" date="1997-04-03"></editdetail></code></codes>
<dc element="dc.publisher" value="Reuters Holdings Plc"></dc>
<dc element="dc.datepublished" value="1997-04-03"></dc>
<dc element="dc.source" value="Reuters - Notícias em Português"></dc>
<dc element="dc.creator.location" value=""></dc>
<dc element="dc.creator.location.country.name" value=""></dc></metadata></newsitem>