<?xml version="1.0" encoding="UTF-8"?>

<newsitem date="1996-12-17" id="root" itemid="51300" xml:lang="pt">
<title></title>
<headline> ACÇÕES SEGUEM MISTAS, LIQUIDEZ BASTANTE CONCENTRADA. </headline>
<byline></byline>
<dateline></dateline>
<text>
<p> As acções do Contínuo seguiam mistas na meia sessão e a liquidez no cash a somar perto de oito milhões de contos, com operadores a afirmarem que a liquidez deverá manter-se bastante concentrada até ao fecho do mercado. Portugal Telecom (PT) cai com vendas do retalho e BESCL pouco volátil negoceia mais de 300.000 papéis, em grande parte devido a um encontro. Futuros PSI20 descem. (c) Reuters Limited 1996. </p></text>
<copyright>(c) Reuters Limited 1996</copyright>
<metadata>
<codes class="bip:countries:1.0">
<code code="DZkbPuEBno">
<editdetail action="confirmed" attribution="Reuters BIP Coding Group" date="1996-12-17"></editdetail></code>
<code code="qRnBWqMibn">
<editdetail action="confirmed" attribution="Reuters BIP Coding Group" date="1996-12-17"></editdetail></code>
<code code="BsPajLtiVa">
<editdetail action="confirmed" attribution="Reuters BIP Coding Group" date="1996-12-17"></editdetail></code></codes>
<codes class="bip:topics:1.0">
<code code="JXXQBcEXjl">
<editdetail action="confirmed" attribution="Reuters BIP Coding Group" date="1996-12-17"></editdetail></code>
<code code="OliMPeEmvc">
<editdetail action="confirmed" attribution="Reuters BIP Coding Group" date="1996-12-17"></editdetail></code></codes>
<dc element="dc.publisher" value="Reuters Holdings Plc"></dc>
<dc element="dc.datepublished" value="1996-12-17"></dc>
<dc element="dc.source" value="Reuters - Notícias em Português"></dc>
<dc element="dc.creator.location" value=""></dc>
<dc element="dc.creator.location.country.name" value=""></dc></metadata></newsitem>