<?xml version="1.0" encoding="UTF-8"?>

<newsitem date="1997-04-16" id="root" itemid="53974" xml:lang="pt">
<title></title>
<headline> Escudo fraco mas estável vs marco na meia sessão. </headline>
<byline></byline>
<dateline></dateline>
<text>
<p> O escudo manteve-se fraco mas estabilizado contra o marco ao longo da manhã, numa sessão sem grandes interesses, mas com o escudo a reflectir a queda da peseta em relação ao fecho de ontem. Dealers dizem que o caminho do escudo é para se voltar a apreciar. </p>
<p>     ----José Barata, Lisboa Editorial, 351.1.3113121. </p>
<p> (c) Reuters Limited 1997. </p></text>
<copyright>(c) Reuters Limited 1997</copyright>
<metadata>
<codes class="bip:countries:1.0">
<code code="uxBOVpOZUL">
<editdetail action="confirmed" attribution="Reuters BIP Coding Group" date="1997-04-16"></editdetail></code>
<code code="eSrWGlgnYc">
<editdetail action="confirmed" attribution="Reuters BIP Coding Group" date="1997-04-16"></editdetail></code>
<code code="fUMzQzmTeL">
<editdetail action="confirmed" attribution="Reuters BIP Coding Group" date="1997-04-16"></editdetail></code></codes>
<codes class="bip:topics:1.0">
<code code="mossqtCXAD">
<editdetail action="confirmed" attribution="Reuters BIP Coding Group" date="1997-04-16"></editdetail></code>
<code code="DfPXABODZM">
<editdetail action="confirmed" attribution="Reuters BIP Coding Group" date="1997-04-16"></editdetail></code>
<code code="iPdRYSuYxn">
<editdetail action="confirmed" attribution="Reuters BIP Coding Group" date="1997-04-16"></editdetail></code></codes>
<dc element="dc.publisher" value="Reuters Holdings Plc"></dc>
<dc element="dc.datepublished" value="1997-04-16"></dc>
<dc element="dc.source" value="Reuters - Notícias em Português"></dc>
<dc element="dc.creator.location" value=""></dc>
<dc element="dc.creator.location.country.name" value=""></dc></metadata></newsitem>