<?xml version="1.0" encoding="UTF-8"?>

<newsitem date="1997-06-26" id="root" itemid="55717" xml:lang="pt">
<title></title>
<headline> Índice PSI20 sobe 0,68 pct para 7.436,08 pontos. </headline>
<byline></byline>
<dateline></dateline>
<text>
<p> LISBOA, 26 Jun (Reuter) - O índice PSI20 subiu 50,44 pontos ou 0,68 pct para 7.436,08 pontos. </p>
<p> (c) Reuters Limited 1997. </p></text>
<copyright>(c) Reuters Limited 1997</copyright>
<metadata>
<codes class="bip:countries:1.0">
<code code="vIZsoCVzxK">
<editdetail action="confirmed" attribution="Reuters BIP Coding Group" date="1997-06-26"></editdetail></code>
<code code="qqUkvMlVfn">
<editdetail action="confirmed" attribution="Reuters BIP Coding Group" date="1997-06-26"></editdetail></code>
<code code="NeuLTrzXfc">
<editdetail action="confirmed" attribution="Reuters BIP Coding Group" date="1997-06-26"></editdetail></code></codes>
<codes class="bip:topics:1.0">
<code code="NYXrRveKWT">
<editdetail action="confirmed" attribution="Reuters BIP Coding Group" date="1997-06-26"></editdetail></code>
<code code="eqNOsfKQvc">
<editdetail action="confirmed" attribution="Reuters BIP Coding Group" date="1997-06-26"></editdetail></code></codes>
<dc element="dc.publisher" value="Reuters Holdings Plc"></dc>
<dc element="dc.datepublished" value="1997-06-26"></dc>
<dc element="dc.source" value="Reuters - Notícias em Português"></dc>
<dc element="dc.creator.location" value=""></dc>
<dc element="dc.creator.location.country.name" value=""></dc></metadata></newsitem>