<?xml version="1.0" encoding="UTF-8"?>

<newsitem date="1996-10-02" id="root" itemid="49414" xml:lang="pt">
<title></title>
<headline> ÍNDICE PSI-20 CAI 0,17 PCT PARA 4.748,35 PONTOS. </headline>
<byline></byline>
<dateline></dateline>
<text>
<p> *Índice PSI-20 cai 0,17 pct para 4.748,35 pontos *Engil-SGPS sobe 38 esc p/ 1.498. Negociadas 107.300 *Lisnave sobe 32 escudos para 445. Negociadas 81.600 *Reditus sobe 161 escudos para 420. Negociadas 13.800 *BCP estável nos 1.870. Negociadas 10.200 *Mundial Confiança estável 1.305 escudos,com 7.600 *BTA sobe 15 escudos para 2.725. Negociadas 4.100. </p></text>
<copyright>(c) Reuters Limited 1996</copyright>
<metadata>
<codes class="bip:countries:1.0">
<code code="lWdjrgPGjn">
<editdetail action="confirmed" attribution="Reuters BIP Coding Group" date="1996-10-02"></editdetail></code>
<code code="TqrOBOqehd">
<editdetail action="confirmed" attribution="Reuters BIP Coding Group" date="1996-10-02"></editdetail></code>
<code code="zFPyJCMaAy">
<editdetail action="confirmed" attribution="Reuters BIP Coding Group" date="1996-10-02"></editdetail></code></codes>
<codes class="bip:topics:1.0">
<code code="JhTgzFGZAj">
<editdetail action="confirmed" attribution="Reuters BIP Coding Group" date="1996-10-02"></editdetail></code>
<code code="PfXmJUSEXb">
<editdetail action="confirmed" attribution="Reuters BIP Coding Group" date="1996-10-02"></editdetail></code></codes>
<dc element="dc.publisher" value="Reuters Holdings Plc"></dc>
<dc element="dc.datepublished" value="1996-10-02"></dc>
<dc element="dc.source" value="Reuters - Notícias em Português"></dc>
<dc element="dc.creator.location" value=""></dc>
<dc element="dc.creator.location.country.name" value=""></dc></metadata></newsitem>