<?xml version="1.0" encoding="UTF-8"?>

<newsitem date="1996-09-25" id="root" itemid="49240" xml:lang="pt">
<title></title>
<headline> ÍNDICE PSI20 ABRE SUBIR 0,09 PCT PARA 4.757,36. </headline>
<byline></byline>
<dateline></dateline>
<text>
<p> *Índice PSI-20 sobe 0,09 pct para 4.757,36 *Chemical sobe 5 escudos para 1.632 com 105.300 acções *Tertir sobe 100 escudos para 780 com 37.100 acções *PT cai 10 escudos para 4.060, com 2.034 acções *PT fechou em Nova Iorque estável nos 26,1/4 dólares *Futuro PSI20 Out96 sobe 11 pontos para 4.815 - Sérgio Gonçalves, Lisboa Editorial,351-1-3150035. (c) Reuters Limited 1996. </p></text>
<copyright>(c) Reuters Limited 1996</copyright>
<metadata>
<codes class="bip:countries:1.0">
<code code="EsVkMLrHgd">
<editdetail action="confirmed" attribution="Reuters BIP Coding Group" date="1996-09-25"></editdetail></code>
<code code="EqXtAqzqTS">
<editdetail action="confirmed" attribution="Reuters BIP Coding Group" date="1996-09-25"></editdetail></code>
<code code="vEcOnXcoEz">
<editdetail action="confirmed" attribution="Reuters BIP Coding Group" date="1996-09-25"></editdetail></code></codes>
<codes class="bip:topics:1.0">
<code code="kPBvpQJwpT">
<editdetail action="confirmed" attribution="Reuters BIP Coding Group" date="1996-09-25"></editdetail></code>
<code code="nrxhNJIYIq">
<editdetail action="confirmed" attribution="Reuters BIP Coding Group" date="1996-09-25"></editdetail></code></codes>
<dc element="dc.publisher" value="Reuters Holdings Plc"></dc>
<dc element="dc.datepublished" value="1996-09-25"></dc>
<dc element="dc.source" value="Reuters - Notícias em Português"></dc>
<dc element="dc.creator.location" value=""></dc>
<dc element="dc.creator.location.country.name" value=""></dc></metadata></newsitem>