<?xml version="1.0" encoding="UTF-8"?>

<newsitem date="1997-07-16" id="root" itemid="56283" xml:lang="pt">
<title></title>
<headline> PP e PSD candidatam Carlos Azeredo Câmara Porto. </headline>
<byline></byline>
<dateline></dateline>
<text>
<p> LISBOA, 16 Jul (Reuter) - O Partido Popular (PP) e o Partido Social Democrata (PSD) vão apresentar Carlos Azeredo como candidato conjunto à Câmara Municipal do Porto, foi hoje anunciado pelas direcções distritais dos dois partidos. </p>
<p> O general Carlos Azeredo foi chefe da Casa Militar do anterior Presidente da República, Mário Soares. </p>
<p> - Lisboa Editorial, 351.1.3113121. </p>
<p> (c) Reuters Limited 1997. </p></text>
<copyright>(c) Reuters Limited 1997</copyright>
<metadata>
<codes class="bip:countries:1.0">
<code code="bxiuNMJsOC">
<editdetail action="confirmed" attribution="Reuters BIP Coding Group" date="1997-07-16"></editdetail></code>
<code code="zpeAcrMNEw">
<editdetail action="confirmed" attribution="Reuters BIP Coding Group" date="1997-07-16"></editdetail></code>
<code code="RXUitYQcjF">
<editdetail action="confirmed" attribution="Reuters BIP Coding Group" date="1997-07-16"></editdetail></code></codes>
<codes class="bip:topics:1.0">
<code code="kkmYzGVDYV">
<editdetail action="confirmed" attribution="Reuters BIP Coding Group" date="1997-07-16"></editdetail></code>
<code code="LwcVDbthht">
<editdetail action="confirmed" attribution="Reuters BIP Coding Group" date="1997-07-16"></editdetail></code></codes>
<dc element="dc.publisher" value="Reuters Holdings Plc"></dc>
<dc element="dc.datepublished" value="1997-07-16"></dc>
<dc element="dc.source" value="Reuters - Notícias em Português"></dc>
<dc element="dc.creator.location" value=""></dc>
<dc element="dc.creator.location.country.name" value=""></dc></metadata></newsitem>