<?xml version="1.0" encoding="UTF-8"?>

<newsitem date="1997-05-21" id="root" itemid="54833" xml:lang="pt">
<title></title>
<headline> Índice PSI20 sobe 0,89 pct para 6.662,80 pontos. </headline>
<byline></byline>
<dateline></dateline>
<text>
<p> LISBOA, 21 Mai (Reuter) - O índice PSI20 subiu 58,71 pontos ou 0,89 pct para 6.662,80 pontos. </p>
<p> (c) Reuters Limited 1997. </p></text>
<copyright>(c) Reuters Limited 1997</copyright>
<metadata>
<codes class="bip:countries:1.0">
<code code="HAjLqJzNjO">
<editdetail action="confirmed" attribution="Reuters BIP Coding Group" date="1997-05-21"></editdetail></code>
<code code="qPwzCJHTAl">
<editdetail action="confirmed" attribution="Reuters BIP Coding Group" date="1997-05-21"></editdetail></code>
<code code="ECRwGSqocq">
<editdetail action="confirmed" attribution="Reuters BIP Coding Group" date="1997-05-21"></editdetail></code></codes>
<codes class="bip:topics:1.0">
<code code="ficnQlGOSJ">
<editdetail action="confirmed" attribution="Reuters BIP Coding Group" date="1997-05-21"></editdetail></code>
<code code="LpHJpKLoWB">
<editdetail action="confirmed" attribution="Reuters BIP Coding Group" date="1997-05-21"></editdetail></code></codes>
<dc element="dc.publisher" value="Reuters Holdings Plc"></dc>
<dc element="dc.datepublished" value="1997-05-21"></dc>
<dc element="dc.source" value="Reuters - Notícias em Português"></dc>
<dc element="dc.creator.location" value=""></dc>
<dc element="dc.creator.location.country.name" value=""></dc></metadata></newsitem>