<?xml version="1.0" encoding="UTF-8"?>

<newsitem date="1996-10-30" id="root" itemid="50170" xml:lang="pt">
<title></title>
<headline> ÍNDICE PSI-20 SOBE 0,13 PCT PARA 4.754,78 PONTOS. </headline>
<byline></byline>
<dateline></dateline>
<text>
<p> *Índice PSI-20 (.PSI20)sobe 0,13 pct para 4.754,78 pontos *Lisnave sobe 27 escudos p/ 442, c/ 80.200 *PT estável nos 3.920 escudos. Negociadas 6.400 *BESCL sobe 1 escudo para 2.700. Negociadas 53.400 *BP cede até 150 MC, 6 dias, em leilão (antes 7,00 pct) *Tesouro coloca 18 MC BT a 91 dias, TMP 6,7364% vs 6,7455%. </p>
<p> - Lisboa Editorial, 351-1-3150035. (c) Reuters Limited 1996. </p></text>
<copyright>(c) Reuters Limited 1996</copyright>
<metadata>
<codes class="bip:countries:1.0">
<code code="HiMLfLeVtI">
<editdetail action="confirmed" attribution="Reuters BIP Coding Group" date="1996-10-30"></editdetail></code>
<code code="enGXtBfSfS">
<editdetail action="confirmed" attribution="Reuters BIP Coding Group" date="1996-10-30"></editdetail></code>
<code code="ERlYUDNsqo">
<editdetail action="confirmed" attribution="Reuters BIP Coding Group" date="1996-10-30"></editdetail></code></codes>
<codes class="bip:topics:1.0">
<code code="flGeOAGgXj">
<editdetail action="confirmed" attribution="Reuters BIP Coding Group" date="1996-10-30"></editdetail></code>
<code code="sLQGeRJzti">
<editdetail action="confirmed" attribution="Reuters BIP Coding Group" date="1996-10-30"></editdetail></code></codes>
<dc element="dc.publisher" value="Reuters Holdings Plc"></dc>
<dc element="dc.datepublished" value="1996-10-30"></dc>
<dc element="dc.source" value="Reuters - Notícias em Português"></dc>
<dc element="dc.creator.location" value=""></dc>
<dc element="dc.creator.location.country.name" value=""></dc></metadata></newsitem>