<?xml version="1.0" encoding="UTF-8"?>

<newsitem date="1996-12-27" id="root" itemid="51462" xml:lang="pt">
<title></title>
<headline> MONETÁRIO ABRE CALMO E CURTO PRAZO ESTABILIZADO. </headline>
<byline></byline>
<dateline></dateline>
<text>
<p> O mercado monetário do escudo abriu calmo, com os únicos movimentos a serem feitos no curto prazo, uma vez que os mais longos não têm revelado interesses. Dealers dizem que a sessão vai manter-se com as taxas de curto prazo estabilizadas ligeiramente abaixo dos 6,7 pct a que o BP cede fundos ao mercado. - José Barata, Lisboa Editorial, 351-1-311.31.26 </p>
<p> (c) Reuters Limited 1996. </p></text>
<copyright>(c) Reuters Limited 1996</copyright>
<metadata>
<codes class="bip:countries:1.0">
<code code="LYcAWiadzc">
<editdetail action="confirmed" attribution="Reuters BIP Coding Group" date="1996-12-27"></editdetail></code>
<code code="iVgEBtAtYE">
<editdetail action="confirmed" attribution="Reuters BIP Coding Group" date="1996-12-27"></editdetail></code>
<code code="cwjtWZVPwg">
<editdetail action="confirmed" attribution="Reuters BIP Coding Group" date="1996-12-27"></editdetail></code></codes>
<codes class="bip:topics:1.0">
<code code="hTqBokqZyq">
<editdetail action="confirmed" attribution="Reuters BIP Coding Group" date="1996-12-27"></editdetail></code>
<code code="iDvPyhUtkP">
<editdetail action="confirmed" attribution="Reuters BIP Coding Group" date="1996-12-27"></editdetail></code></codes>
<dc element="dc.publisher" value="Reuters Holdings Plc"></dc>
<dc element="dc.datepublished" value="1996-12-27"></dc>
<dc element="dc.source" value="Reuters - Notícias em Português"></dc>
<dc element="dc.creator.location" value=""></dc>
<dc element="dc.creator.location.country.name" value=""></dc></metadata></newsitem>