<?xml version="1.0" encoding="UTF-8"?>

<newsitem date="1997-05-13" id="root" itemid="54618" xml:lang="pt">
<title></title>
<headline> Índice PSI20 cai 0,30 pct para 6.730,55 pontos. </headline>
<byline></byline>
<dateline></dateline>
<text>
<p> LISBOA, 13 Mai (Reuter) - O índice PSI20 caiu 20,42 pontos ou 0,30 pct para 6.730,55 pontos. </p>
<p> (c) Reuters Limited 1997. </p></text>
<copyright>(c) Reuters Limited 1997</copyright>
<metadata>
<codes class="bip:countries:1.0">
<code code="BpShvgQMzk">
<editdetail action="confirmed" attribution="Reuters BIP Coding Group" date="1997-05-13"></editdetail></code>
<code code="pgafnZESAE">
<editdetail action="confirmed" attribution="Reuters BIP Coding Group" date="1997-05-13"></editdetail></code>
<code code="tjMszpEMat">
<editdetail action="confirmed" attribution="Reuters BIP Coding Group" date="1997-05-13"></editdetail></code></codes>
<codes class="bip:topics:1.0">
<code code="JuEWzTJQJF">
<editdetail action="confirmed" attribution="Reuters BIP Coding Group" date="1997-05-13"></editdetail></code>
<code code="keuOlPvgjV">
<editdetail action="confirmed" attribution="Reuters BIP Coding Group" date="1997-05-13"></editdetail></code></codes>
<dc element="dc.publisher" value="Reuters Holdings Plc"></dc>
<dc element="dc.datepublished" value="1997-05-13"></dc>
<dc element="dc.source" value="Reuters - Notícias em Português"></dc>
<dc element="dc.creator.location" value=""></dc>
<dc element="dc.creator.location.country.name" value=""></dc></metadata></newsitem>