<?xml version="1.0" encoding="UTF-8"?>

<newsitem date="1996-12-16" id="root" itemid="51268" xml:lang="pt">
<title></title>
<headline> ACÇÕES SEGUEM EM ALTA, NOVA IORQUE DÁ FORÇA. </headline>
<byline></byline>
<dateline></dateline>
<text>
<p> As acções do Contínuo seguiam com os papéis mais líquidos em alta, com excepção da queda da Portugal Telecom (PT), destacando-se a subida da Telecel para um novo máximo nos 9.900 escudos. Operadores afirmaram que a abertura de Nova Iorque em alta ajudou o mercado a reforçar o sentimento positivo. Acrescentaram que grande parte do volume de negócios se deve a alguns encontros de final do ano. Futuros sobem. </p>
<p> - Paula Cordeiro, Lisboa Editorial, 351-1-3150035. (c) Reuters Limited 1996. </p></text>
<copyright>(c) Reuters Limited 1996</copyright>
<metadata>
<codes class="bip:countries:1.0">
<code code="eBWKJTYSoj">
<editdetail action="confirmed" attribution="Reuters BIP Coding Group" date="1996-12-16"></editdetail></code>
<code code="hgkfeaKUAm">
<editdetail action="confirmed" attribution="Reuters BIP Coding Group" date="1996-12-16"></editdetail></code>
<code code="WfkiRAkAcH">
<editdetail action="confirmed" attribution="Reuters BIP Coding Group" date="1996-12-16"></editdetail></code></codes>
<codes class="bip:topics:1.0">
<code code="ZweSvqVxBU">
<editdetail action="confirmed" attribution="Reuters BIP Coding Group" date="1996-12-16"></editdetail></code>
<code code="FDtRYQAvbM">
<editdetail action="confirmed" attribution="Reuters BIP Coding Group" date="1996-12-16"></editdetail></code></codes>
<dc element="dc.publisher" value="Reuters Holdings Plc"></dc>
<dc element="dc.datepublished" value="1996-12-16"></dc>
<dc element="dc.source" value="Reuters - Notícias em Português"></dc>
<dc element="dc.creator.location" value=""></dc>
<dc element="dc.creator.location.country.name" value=""></dc></metadata></newsitem>