<?xml version="1.0" encoding="UTF-8"?>

<newsitem date="1997-04-04" id="root" itemid="53714" xml:lang="pt">
<title></title>
<headline> Acções podem subir com abertura Europa mais positiva. </headline>
<byline></byline>
<dateline></dateline>
<text>
<p> As acções do Contínuo e os Futuros sobre o PSI20 deverão abrir em alta ligeira, ajudadas pela subida dos principais mercados europeus, apesar da queda da Wall Street. Porém, até à divulgação do desemprego nos EUA, o mercado poderá registar alguma apatia. A correcção dos últimos dias poderá significar que alguns títulos estão a bons níveis para começar a comprar selectivamente, afirmaram dealers. - Paula Cordeiro, Lisboa Editorial, 351-1-3113125. </p>
<p> (c) Reuters Limited 1997. </p></text>
<copyright>(c) Reuters Limited 1997</copyright>
<metadata>
<codes class="bip:countries:1.0">
<code code="YyonUkzmEQ">
<editdetail action="confirmed" attribution="Reuters BIP Coding Group" date="1997-04-04"></editdetail></code>
<code code="ifmFpDmMcD">
<editdetail action="confirmed" attribution="Reuters BIP Coding Group" date="1997-04-04"></editdetail></code>
<code code="vldJqGgvPm">
<editdetail action="confirmed" attribution="Reuters BIP Coding Group" date="1997-04-04"></editdetail></code></codes>
<codes class="bip:topics:1.0">
<code code="hJDoUfoSTq">
<editdetail action="confirmed" attribution="Reuters BIP Coding Group" date="1997-04-04"></editdetail></code>
<code code="vxXfcaLWmK">
<editdetail action="confirmed" attribution="Reuters BIP Coding Group" date="1997-04-04"></editdetail></code></codes>
<dc element="dc.publisher" value="Reuters Holdings Plc"></dc>
<dc element="dc.datepublished" value="1997-04-04"></dc>
<dc element="dc.source" value="Reuters - Notícias em Português"></dc>
<dc element="dc.creator.location" value=""></dc>
<dc element="dc.creator.location.country.name" value=""></dc></metadata></newsitem>