<?xml version="1.0" encoding="UTF-8"?>

<newsitem date="1997-06-24" id="root" itemid="55639" xml:lang="pt">
<title></title>
<headline> Índice PSI20 cai 0,29 pct para 7.292,05 pontos. </headline>
<byline></byline>
<dateline></dateline>
<text>
<p> LISBOA, 24 Jun (Reuter) - O índice PSI20 caiu 21,21 pontos ou 0,29 pct para 7.292,05 pontos. </p>
<p> (c) Reuters Limited 1997. </p></text>
<copyright>(c) Reuters Limited 1997</copyright>
<metadata>
<codes class="bip:countries:1.0">
<code code="sPUcrdgHmq">
<editdetail action="confirmed" attribution="Reuters BIP Coding Group" date="1997-06-24"></editdetail></code>
<code code="AgytahJiwO">
<editdetail action="confirmed" attribution="Reuters BIP Coding Group" date="1997-06-24"></editdetail></code>
<code code="vtJniASAEj">
<editdetail action="confirmed" attribution="Reuters BIP Coding Group" date="1997-06-24"></editdetail></code></codes>
<codes class="bip:topics:1.0">
<code code="sBBtBCEiDP">
<editdetail action="confirmed" attribution="Reuters BIP Coding Group" date="1997-06-24"></editdetail></code>
<code code="jqdEaDzngF">
<editdetail action="confirmed" attribution="Reuters BIP Coding Group" date="1997-06-24"></editdetail></code></codes>
<dc element="dc.publisher" value="Reuters Holdings Plc"></dc>
<dc element="dc.datepublished" value="1997-06-24"></dc>
<dc element="dc.source" value="Reuters - Notícias em Português"></dc>
<dc element="dc.creator.location" value=""></dc>
<dc element="dc.creator.location.country.name" value=""></dc></metadata></newsitem>