<?xml version="1.0" encoding="UTF-8"?>

<newsitem date="1997-06-11" id="root" itemid="55349" xml:lang="pt">
<title></title>
<headline> Índice PSI20 sobe 0,46 pct para 7.058,70 pontos. </headline>
<byline></byline>
<dateline></dateline>
<text>
<p> LISBOA, 11 Jun (Reuter) - O índice PSI20 subiu 32,25 pontos ou 0,46 pct para 7.058,70 pontos, tendo atingido o máximo do ano nos 7.093,09. </p>
<p> (c) Reuters Limited 1997. </p></text>
<copyright>(c) Reuters Limited 1997</copyright>
<metadata>
<codes class="bip:countries:1.0">
<code code="bgKpEhalrT">
<editdetail action="confirmed" attribution="Reuters BIP Coding Group" date="1997-06-11"></editdetail></code>
<code code="NIQrhFwjMo">
<editdetail action="confirmed" attribution="Reuters BIP Coding Group" date="1997-06-11"></editdetail></code>
<code code="HXwwjsGqhq">
<editdetail action="confirmed" attribution="Reuters BIP Coding Group" date="1997-06-11"></editdetail></code></codes>
<codes class="bip:topics:1.0">
<code code="ImsjlaShXI">
<editdetail action="confirmed" attribution="Reuters BIP Coding Group" date="1997-06-11"></editdetail></code>
<code code="wqSRPkukoH">
<editdetail action="confirmed" attribution="Reuters BIP Coding Group" date="1997-06-11"></editdetail></code></codes>
<dc element="dc.publisher" value="Reuters Holdings Plc"></dc>
<dc element="dc.datepublished" value="1997-06-11"></dc>
<dc element="dc.source" value="Reuters - Notícias em Português"></dc>
<dc element="dc.creator.location" value=""></dc>
<dc element="dc.creator.location.country.name" value=""></dc></metadata></newsitem>