<?xml version="1.0" encoding="UTF-8"?>

<newsitem date="1997-01-30" id="root" itemid="52218" xml:lang="pt">
<title></title>
<headline> MONETÁRIO ABRE ILÍQUIDO, TENDÊNCIA SUBIDA MANTÉM-SE. </headline>
<byline></byline>
<dateline></dateline>
<text>
<p> O mercado monetário do escudo abriu com falta de liquidez no curto prazo e com as taxas nos prazos pouco pressionadas, embora a manter a tendência de subida. O futuro da Lisbor ainda não abriu mas o futuro das obrigações está a subir. </p>
<p> (c) Reuters Limited 1997. </p></text>
<copyright>(c) Reuters Limited 1997</copyright>
<metadata>
<codes class="bip:countries:1.0">
<code code="SUElNwPZrq">
<editdetail action="confirmed" attribution="Reuters BIP Coding Group" date="1997-01-30"></editdetail></code>
<code code="HGpqlaVllg">
<editdetail action="confirmed" attribution="Reuters BIP Coding Group" date="1997-01-30"></editdetail></code>
<code code="CMMHyqdnwR">
<editdetail action="confirmed" attribution="Reuters BIP Coding Group" date="1997-01-30"></editdetail></code></codes>
<codes class="bip:topics:1.0">
<code code="VkUqWLEqWk">
<editdetail action="confirmed" attribution="Reuters BIP Coding Group" date="1997-01-30"></editdetail></code>
<code code="bbLbMrPTGc">
<editdetail action="confirmed" attribution="Reuters BIP Coding Group" date="1997-01-30"></editdetail></code></codes>
<dc element="dc.publisher" value="Reuters Holdings Plc"></dc>
<dc element="dc.datepublished" value="1997-01-30"></dc>
<dc element="dc.source" value="Reuters - Notícias em Português"></dc>
<dc element="dc.creator.location" value=""></dc>
<dc element="dc.creator.location.country.name" value=""></dc></metadata></newsitem>