<?xml version="1.0" encoding="UTF-8"?>

<newsitem date="1996-12-03" id="root" itemid="50914" xml:lang="pt">
<title></title>
<headline> FUTURO LISBOR MAR/97 ABRE A SUBIR 0,08 PARA 94,05. </headline>
<byline></byline>
<dateline></dateline>
<text>
<p> LISBOA, 3 Nov (Reuter) - O futuro sobre a Lisbor a três meses com vencimento em Março de 1997 abriu a subir 0,08 para 94,05, com 5 contratos efectuados. </p>
<p> (c) Reuters Limited 1996. </p></text>
<copyright>(c) Reuters Limited 1996</copyright>
<metadata>
<codes class="bip:countries:1.0">
<code code="XOuhPkXnLu">
<editdetail action="confirmed" attribution="Reuters BIP Coding Group" date="1996-12-03"></editdetail></code>
<code code="dFmhCCDJBB">
<editdetail action="confirmed" attribution="Reuters BIP Coding Group" date="1996-12-03"></editdetail></code>
<code code="marHWkFfSd">
<editdetail action="confirmed" attribution="Reuters BIP Coding Group" date="1996-12-03"></editdetail></code></codes>
<codes class="bip:topics:1.0">
<code code="TdlJWPEqmq">
<editdetail action="confirmed" attribution="Reuters BIP Coding Group" date="1996-12-03"></editdetail></code>
<code code="NyzoJOVQoq">
<editdetail action="confirmed" attribution="Reuters BIP Coding Group" date="1996-12-03"></editdetail></code>
<code code="JAYpjcfzHx">
<editdetail action="confirmed" attribution="Reuters BIP Coding Group" date="1996-12-03"></editdetail></code></codes>
<dc element="dc.publisher" value="Reuters Holdings Plc"></dc>
<dc element="dc.datepublished" value="1996-12-03"></dc>
<dc element="dc.source" value="Reuters - Notícias em Português"></dc>
<dc element="dc.creator.location" value=""></dc>
<dc element="dc.creator.location.country.name" value=""></dc></metadata></newsitem>