<?xml version="1.0" encoding="UTF-8"?>

<newsitem date="1997-02-13" id="root" itemid="52530" xml:lang="pt">
<title></title>
<headline> ACÇÕES SEGUEM MISTAS E LIQUIDEZ ATINGE 5,5 MC. </headline>
<byline></byline>
<dateline></dateline>
<text>
<p> As acções do Contínuo seguiam mistas na meia sessão e a liquidez no cash a somar 5,5 milhões de contos (MC), destacando-se, por um lado, o máximo do BPSM nos 1.398 escudos e, por outro lado, o sentimento menos positivo de alguns papéis, como Portugal Telecom (PT) e Cimpor, entre outros. Operadores prevêem uma recuperação do mercado até ao fecho. </p>
<p> - Paula Cordeiro, Lisboa Editorial, 351-1-3113125. </p>
<p> (c) Reuters Limited 1997. </p></text>
<copyright>(c) Reuters Limited 1997</copyright>
<metadata>
<codes class="bip:countries:1.0">
<code code="uRCBhUAWYs">
<editdetail action="confirmed" attribution="Reuters BIP Coding Group" date="1997-02-13"></editdetail></code>
<code code="yiBaQUoOkw">
<editdetail action="confirmed" attribution="Reuters BIP Coding Group" date="1997-02-13"></editdetail></code>
<code code="jOhqNQqVBt">
<editdetail action="confirmed" attribution="Reuters BIP Coding Group" date="1997-02-13"></editdetail></code></codes>
<codes class="bip:topics:1.0">
<code code="mgsbBVFrtk">
<editdetail action="confirmed" attribution="Reuters BIP Coding Group" date="1997-02-13"></editdetail></code>
<code code="rdFFRsNRJd">
<editdetail action="confirmed" attribution="Reuters BIP Coding Group" date="1997-02-13"></editdetail></code></codes>
<dc element="dc.publisher" value="Reuters Holdings Plc"></dc>
<dc element="dc.datepublished" value="1997-02-13"></dc>
<dc element="dc.source" value="Reuters - Notícias em Português"></dc>
<dc element="dc.creator.location" value=""></dc>
<dc element="dc.creator.location.country.name" value=""></dc></metadata></newsitem>