<?xml version="1.0" encoding="UTF-8"?>

<newsitem date="1997-06-09" id="root" itemid="55313" xml:lang="pt">
<title></title>
<headline> Índice PSI20 sobe 0,7 pct para 7.026,45 pontos. </headline>
<byline></byline>
<dateline></dateline>
<text>
<p> LISBOA, 9 Jun (Reuter) - O índice PSI20 subiu 48,76 pontos ou 0,7 pct para 7.026,45 pontos, tendo atingido o máximo do ano nos 7.038,96. </p>
<p> (c) Reuters Limited 1997. </p></text>
<copyright>(c) Reuters Limited 1997</copyright>
<metadata>
<codes class="bip:countries:1.0">
<code code="IIlebnheTG">
<editdetail action="confirmed" attribution="Reuters BIP Coding Group" date="1997-06-09"></editdetail></code>
<code code="VCPkAzMTxH">
<editdetail action="confirmed" attribution="Reuters BIP Coding Group" date="1997-06-09"></editdetail></code>
<code code="NVxXHFXMxU">
<editdetail action="confirmed" attribution="Reuters BIP Coding Group" date="1997-06-09"></editdetail></code></codes>
<codes class="bip:topics:1.0">
<code code="RNYzJsPOjE">
<editdetail action="confirmed" attribution="Reuters BIP Coding Group" date="1997-06-09"></editdetail></code>
<code code="coiZLkxuvy">
<editdetail action="confirmed" attribution="Reuters BIP Coding Group" date="1997-06-09"></editdetail></code></codes>
<dc element="dc.publisher" value="Reuters Holdings Plc"></dc>
<dc element="dc.datepublished" value="1997-06-09"></dc>
<dc element="dc.source" value="Reuters - Notícias em Português"></dc>
<dc element="dc.creator.location" value=""></dc>
<dc element="dc.creator.location.country.name" value=""></dc></metadata></newsitem>