<?xml version="1.0" encoding="UTF-8"?>

<newsitem date="1996-11-26" id="root" itemid="50788" xml:lang="pt">
<title></title>
<headline> FUTURO LISBOR SET/97 ABRE A SUBIR 0,03 PARA 94,14. </headline>
<byline></byline>
<dateline></dateline>
<text>
<p> LISBOA, 26 Nov (Reuter) - O futuro sobre a Lisbor a três meses com vencimento em Setembro de 1997 abriu a subir 0,03 para 94,14. Está a subir 0,04 para 94,15 com 40 contratos e é o único vencimento que já efectuou esta manhã. </p>
<p> (c) Reuters Limited 1996. </p></text>
<copyright>(c) Reuters Limited 1996</copyright>
<metadata>
<codes class="bip:countries:1.0">
<code code="xySjpoijJX">
<editdetail action="confirmed" attribution="Reuters BIP Coding Group" date="1996-11-26"></editdetail></code>
<code code="WoHauyDjsV">
<editdetail action="confirmed" attribution="Reuters BIP Coding Group" date="1996-11-26"></editdetail></code>
<code code="aRYfsuFdTx">
<editdetail action="confirmed" attribution="Reuters BIP Coding Group" date="1996-11-26"></editdetail></code></codes>
<codes class="bip:topics:1.0">
<code code="jOygOZBlOG">
<editdetail action="confirmed" attribution="Reuters BIP Coding Group" date="1996-11-26"></editdetail></code>
<code code="aepIbiTVIP">
<editdetail action="confirmed" attribution="Reuters BIP Coding Group" date="1996-11-26"></editdetail></code>
<code code="EvklDGNYeY">
<editdetail action="confirmed" attribution="Reuters BIP Coding Group" date="1996-11-26"></editdetail></code></codes>
<dc element="dc.publisher" value="Reuters Holdings Plc"></dc>
<dc element="dc.datepublished" value="1996-11-26"></dc>
<dc element="dc.source" value="Reuters - Notícias em Português"></dc>
<dc element="dc.creator.location" value=""></dc>
<dc element="dc.creator.location.country.name" value=""></dc></metadata></newsitem>