<?xml version="1.0" encoding="UTF-8"?>

<newsitem date="1997-06-23" id="root" itemid="55621" xml:lang="pt">
<title></title>
<headline> Índice PSI20 sobe 0,02 pct para 7.313,26 pontos. </headline>
<byline></byline>
<dateline></dateline>
<text>
<p> LISBOA, 23 Jun (Reuter) - O índice PSI20 subiu 1,54 pontos ou 0,02 pct para 7.313,26 pontos. </p>
<p> (c) Reuters Limited 1997. </p></text>
<copyright>(c) Reuters Limited 1997</copyright>
<metadata>
<codes class="bip:countries:1.0">
<code code="yXEiQcZDRa">
<editdetail action="confirmed" attribution="Reuters BIP Coding Group" date="1997-06-23"></editdetail></code>
<code code="lptdRuQaHK">
<editdetail action="confirmed" attribution="Reuters BIP Coding Group" date="1997-06-23"></editdetail></code>
<code code="AANBnKyOBX">
<editdetail action="confirmed" attribution="Reuters BIP Coding Group" date="1997-06-23"></editdetail></code></codes>
<codes class="bip:topics:1.0">
<code code="PsPcikQXAU">
<editdetail action="confirmed" attribution="Reuters BIP Coding Group" date="1997-06-23"></editdetail></code>
<code code="RKbbfdggQW">
<editdetail action="confirmed" attribution="Reuters BIP Coding Group" date="1997-06-23"></editdetail></code></codes>
<dc element="dc.publisher" value="Reuters Holdings Plc"></dc>
<dc element="dc.datepublished" value="1997-06-23"></dc>
<dc element="dc.source" value="Reuters - Notícias em Português"></dc>
<dc element="dc.creator.location" value=""></dc>
<dc element="dc.creator.location.country.name" value=""></dc></metadata></newsitem>