<?xml version="1.0" encoding="UTF-8"?>

<newsitem date="1996-12-27" id="root" itemid="51460" xml:lang="pt">
<title></title>
<headline> ACÇÕES PREVÊEM-SE EM ALTA COM APROXIMAÇÃO FIM 96. </headline>
<byline></byline>
<dateline></dateline>
<text>
<p> As acções do Contínuo deverão abrir em alta, seguindo os outros mercados internacionais, com a aproximação do final de 1996 a permitir algumas puxadas dos preços para os fechos das carteiras. Fundos de investimentos deverão voltar a fazer passagens, inflacionando o volume de negócios, afirmaram operadores. - Paula Cordeiro, Lisboa Editorial, 351-1-3150035. (c) Reuters Limited 1996. </p></text>
<copyright>(c) Reuters Limited 1996</copyright>
<metadata>
<codes class="bip:countries:1.0">
<code code="cWJgxtYOfu">
<editdetail action="confirmed" attribution="Reuters BIP Coding Group" date="1996-12-27"></editdetail></code>
<code code="fqvsCJbnuo">
<editdetail action="confirmed" attribution="Reuters BIP Coding Group" date="1996-12-27"></editdetail></code>
<code code="vbaxPIQVtk">
<editdetail action="confirmed" attribution="Reuters BIP Coding Group" date="1996-12-27"></editdetail></code></codes>
<codes class="bip:topics:1.0">
<code code="BsXVwmQHAg">
<editdetail action="confirmed" attribution="Reuters BIP Coding Group" date="1996-12-27"></editdetail></code>
<code code="JMmJrgRnBS">
<editdetail action="confirmed" attribution="Reuters BIP Coding Group" date="1996-12-27"></editdetail></code></codes>
<dc element="dc.publisher" value="Reuters Holdings Plc"></dc>
<dc element="dc.datepublished" value="1996-12-27"></dc>
<dc element="dc.source" value="Reuters - Notícias em Português"></dc>
<dc element="dc.creator.location" value=""></dc>
<dc element="dc.creator.location.country.name" value=""></dc></metadata></newsitem>