<?xml version="1.0" encoding="UTF-8"?>

<newsitem date="1997-04-08" id="root" itemid="53784" xml:lang="pt">
<title></title>
<headline> INE diz divulga IPC Março 1997 às 1400 TMG. </headline>
<byline></byline>
<dateline></dateline>
<text>
<p> LISBOA, 8 Abr (Reuter) - O Instituto Nacional de Estatística (INE) vai divulgar o ìndice de Preços no Consumidor (IPC) de Março às 1400 TMG, anunciou a instituição. </p>
<p> - Lisboa Editorial, 351.1.3113121. </p>
<p> (c) Reuters Limited 1997. </p></text>
<copyright>(c) Reuters Limited 1997</copyright>
<metadata>
<codes class="bip:countries:1.0">
<code code="hcoUgvqprP">
<editdetail action="confirmed" attribution="Reuters BIP Coding Group" date="1997-04-08"></editdetail></code>
<code code="pMMwpylrrJ">
<editdetail action="confirmed" attribution="Reuters BIP Coding Group" date="1997-04-08"></editdetail></code>
<code code="obDPpeThRE">
<editdetail action="confirmed" attribution="Reuters BIP Coding Group" date="1997-04-08"></editdetail></code></codes>
<codes class="bip:topics:1.0">
<code code="PAFFYEFeet">
<editdetail action="confirmed" attribution="Reuters BIP Coding Group" date="1997-04-08"></editdetail></code>
<code code="njBCBDMLAb">
<editdetail action="confirmed" attribution="Reuters BIP Coding Group" date="1997-04-08"></editdetail></code>
<code code="kSxvcoZQbB">
<editdetail action="confirmed" attribution="Reuters BIP Coding Group" date="1997-04-08"></editdetail></code></codes>
<dc element="dc.publisher" value="Reuters Holdings Plc"></dc>
<dc element="dc.datepublished" value="1997-04-08"></dc>
<dc element="dc.source" value="Reuters - Notícias em Português"></dc>
<dc element="dc.creator.location" value=""></dc>
<dc element="dc.creator.location.country.name" value=""></dc></metadata></newsitem>