<?xml version="1.0" encoding="UTF-8"?>

<newsitem date="1997-03-14" id="root" itemid="53300" xml:lang="pt">
<title></title>
<headline> Danone Finance lança Caravela 7,5 MC a sete anos-DBI. </headline>
<byline></byline>
<dateline></dateline>
<text>
<p> LISBOA 14 Mar (Reuter) - A Danone Finance está a lançar uma Caravela de 7,5 milhões de contos (MC), a sete anos, indexada à Lisbor a seis meses acrescida de 35 bp, nos primeiros seis cupões, e uma taxa fixa anual de 7,30 pct nos restantes, anunciou o Deutsche Bank de Investimento (DBI), líder e bookrunner único. </p>
<p> (c) Reuters Limited 1997. </p></text>
<copyright>(c) Reuters Limited 1997</copyright>
<metadata>
<codes class="bip:countries:1.0">
<code code="BQDakMYNld">
<editdetail action="confirmed" attribution="Reuters BIP Coding Group" date="1997-03-14"></editdetail></code>
<code code="TqSpoGdwzl">
<editdetail action="confirmed" attribution="Reuters BIP Coding Group" date="1997-03-14"></editdetail></code>
<code code="GIClvTGzqa">
<editdetail action="confirmed" attribution="Reuters BIP Coding Group" date="1997-03-14"></editdetail></code></codes>
<codes class="bip:topics:1.0">
<code code="LtyvMXGrvn">
<editdetail action="confirmed" attribution="Reuters BIP Coding Group" date="1997-03-14"></editdetail></code>
<code code="eBfLZCUUTI">
<editdetail action="confirmed" attribution="Reuters BIP Coding Group" date="1997-03-14"></editdetail></code>
<code code="dveBovmdEr">
<editdetail action="confirmed" attribution="Reuters BIP Coding Group" date="1997-03-14"></editdetail></code></codes>
<dc element="dc.publisher" value="Reuters Holdings Plc"></dc>
<dc element="dc.datepublished" value="1997-03-14"></dc>
<dc element="dc.source" value="Reuters - Notícias em Português"></dc>
<dc element="dc.creator.location" value=""></dc>
<dc element="dc.creator.location.country.name" value=""></dc></metadata></newsitem>