<?xml version="1.0" encoding="UTF-8"?>

<newsitem date="1997-01-21" id="root" itemid="51970" xml:lang="pt">
<title></title>
<headline> ESCUDO FECHA ESTÁVEL APÓS QUEDA VS MARCO C/ PESETA. </headline>
<byline></byline>
<dateline></dateline>
<text>
<p> O escudo fechou estabilizado nos 99,60 por marco, numa sessão que foi essencialmente marcada por compras de marcos e com o mercado muito atento à evolução do marco-peseta. Dealers admitem que o escudo possa voltar a apreciar-se, em companhia da peseta, sobretudo com o suporte do dólar. </p>
<p> (c) Reuters Limited 1997. </p></text>
<copyright>(c) Reuters Limited 1997</copyright>
<metadata>
<codes class="bip:countries:1.0">
<code code="gTtrObHcFN">
<editdetail action="confirmed" attribution="Reuters BIP Coding Group" date="1997-01-21"></editdetail></code>
<code code="wlarKIZRYg">
<editdetail action="confirmed" attribution="Reuters BIP Coding Group" date="1997-01-21"></editdetail></code>
<code code="jxTiawcfTx">
<editdetail action="confirmed" attribution="Reuters BIP Coding Group" date="1997-01-21"></editdetail></code></codes>
<codes class="bip:topics:1.0">
<code code="TBwcMcwlKX">
<editdetail action="confirmed" attribution="Reuters BIP Coding Group" date="1997-01-21"></editdetail></code>
<code code="mXAkDcSjHV">
<editdetail action="confirmed" attribution="Reuters BIP Coding Group" date="1997-01-21"></editdetail></code>
<code code="cVeCHhLZas">
<editdetail action="confirmed" attribution="Reuters BIP Coding Group" date="1997-01-21"></editdetail></code></codes>
<dc element="dc.publisher" value="Reuters Holdings Plc"></dc>
<dc element="dc.datepublished" value="1997-01-21"></dc>
<dc element="dc.source" value="Reuters - Notícias em Português"></dc>
<dc element="dc.creator.location" value=""></dc>
<dc element="dc.creator.location.country.name" value=""></dc></metadata></newsitem>