<?xml version="1.0" encoding="UTF-8"?>

<newsitem date="1997-02-10" id="root" itemid="52475" xml:lang="pt">
<title></title>
<headline> ACÇÕES FECHAM ÍNDICES CAIR ARRASTADOS PELA PT. </headline>
<byline></byline>
<dateline></dateline>
<text>
<p> As acções do Contínuo fecharam com os indices em queda, afectados pela queda da Portugal Telecom (PT) por profit taking e também pelo anúncio de descida do tarifário da TMN e sem conseguir reagir favoravelmente à recomendação de compra da Warburg. A Telecel acabou por ser afectada perante o facto de ter também que fazer um corte nas suas tarifas, depois da atitude da TMN. A estrela da sessão foi o Sotto por se estar a assumir como a cabeça do Grupo Champalimaud. (c) Reuters Limited 1997. </p></text>
<copyright>(c) Reuters Limited 1997</copyright>
<metadata>
<codes class="bip:countries:1.0">
<code code="gBYqXWzUTa">
<editdetail action="confirmed" attribution="Reuters BIP Coding Group" date="1997-02-10"></editdetail></code>
<code code="QWKUrYNWzn">
<editdetail action="confirmed" attribution="Reuters BIP Coding Group" date="1997-02-10"></editdetail></code>
<code code="dNWezaEGlD">
<editdetail action="confirmed" attribution="Reuters BIP Coding Group" date="1997-02-10"></editdetail></code></codes>
<codes class="bip:topics:1.0">
<code code="itFUXWQazD">
<editdetail action="confirmed" attribution="Reuters BIP Coding Group" date="1997-02-10"></editdetail></code>
<code code="fgkQxmTcLs">
<editdetail action="confirmed" attribution="Reuters BIP Coding Group" date="1997-02-10"></editdetail></code></codes>
<dc element="dc.publisher" value="Reuters Holdings Plc"></dc>
<dc element="dc.datepublished" value="1997-02-10"></dc>
<dc element="dc.source" value="Reuters - Notícias em Português"></dc>
<dc element="dc.creator.location" value=""></dc>
<dc element="dc.creator.location.country.name" value=""></dc></metadata></newsitem>