<?xml version="1.0" encoding="UTF-8"?>

<newsitem date="1996-09-23" id="root" itemid="49147" xml:lang="pt">
<title></title>
<headline> FUTURO PSI-20 OUT/96 CAI 20 PONTOS PARA 4.799. </headline>
<byline></byline>
<dateline></dateline>
<text>
<p> *Futuro PSI20 Out96 cai p/ 4.799 pontos vs 4.819 *Índice PSI20 cai 0,23 pct para 4.755,40 pontos *B.Chemical sobe 2 esc p/1.628. Negociadas 133.500 *Lisnave sobe 12 escudos para 420. Negociadas 47.500 *Cimpor sobe 36 escudos para 3.317. Negociadas 4.752 *M.Confiança sobe 3 escudos p/ 1.285.Negociadas 3.500 *C.Amorim sobe 11 escudos para 1.745.Negociadas 2.200 *PI desce 8 escudos para 1.020. Negociadas 2.200 *BPSM cai 1 escudo para 1.040. Negociadas 2.000. </p></text>
<copyright>(c) Reuters Limited 1996</copyright>
<metadata>
<codes class="bip:countries:1.0">
<code code="QqTOLVTXfe">
<editdetail action="confirmed" attribution="Reuters BIP Coding Group" date="1996-09-23"></editdetail></code>
<code code="vYQPlhhiAb">
<editdetail action="confirmed" attribution="Reuters BIP Coding Group" date="1996-09-23"></editdetail></code>
<code code="VWhfrGpmDz">
<editdetail action="confirmed" attribution="Reuters BIP Coding Group" date="1996-09-23"></editdetail></code></codes>
<codes class="bip:topics:1.0">
<code code="KjMyqNWUMs">
<editdetail action="confirmed" attribution="Reuters BIP Coding Group" date="1996-09-23"></editdetail></code>
<code code="AXPcxCBkTJ">
<editdetail action="confirmed" attribution="Reuters BIP Coding Group" date="1996-09-23"></editdetail></code></codes>
<dc element="dc.publisher" value="Reuters Holdings Plc"></dc>
<dc element="dc.datepublished" value="1996-09-23"></dc>
<dc element="dc.source" value="Reuters - Notícias em Português"></dc>
<dc element="dc.creator.location" value=""></dc>
<dc element="dc.creator.location.country.name" value=""></dc></metadata></newsitem>