<?xml version="1.0" encoding="UTF-8"?>

<newsitem date="1997-01-30" id="root" itemid="52214" xml:lang="pt">
<title></title>
<headline> ESCUDO ABRE RECUPERAR VS MARCO EM LINHA COM PESETA. </headline>
<byline></byline>
<dateline></dateline>
<text>
<p> O escudo abriu a recuperar contra o marco, a acompanhar os movimentos no mesmo sentido da peseta, podendo oscilar hoje entre 100,00 e 100,25. Dealers explicam que a peseta está a corrigir à queda dos últimos dias, beneficiando, ainda, da ajuda do Banco de Espanha, ontem. </p>
<p> (c) Reuters Limited 1997. </p></text>
<copyright>(c) Reuters Limited 1997</copyright>
<metadata>
<codes class="bip:countries:1.0">
<code code="UlfAYYGQhQ">
<editdetail action="confirmed" attribution="Reuters BIP Coding Group" date="1997-01-30"></editdetail></code>
<code code="SkheMEwLZs">
<editdetail action="confirmed" attribution="Reuters BIP Coding Group" date="1997-01-30"></editdetail></code>
<code code="SQKfuGzrzv">
<editdetail action="confirmed" attribution="Reuters BIP Coding Group" date="1997-01-30"></editdetail></code></codes>
<codes class="bip:topics:1.0">
<code code="bFwvYtYhFh">
<editdetail action="confirmed" attribution="Reuters BIP Coding Group" date="1997-01-30"></editdetail></code>
<code code="HGsJLVwFmy">
<editdetail action="confirmed" attribution="Reuters BIP Coding Group" date="1997-01-30"></editdetail></code>
<code code="EJkbbzRDRu">
<editdetail action="confirmed" attribution="Reuters BIP Coding Group" date="1997-01-30"></editdetail></code></codes>
<dc element="dc.publisher" value="Reuters Holdings Plc"></dc>
<dc element="dc.datepublished" value="1997-01-30"></dc>
<dc element="dc.source" value="Reuters - Notícias em Português"></dc>
<dc element="dc.creator.location" value=""></dc>
<dc element="dc.creator.location.country.name" value=""></dc></metadata></newsitem>