<?xml version="1.0" encoding="UTF-8"?>

<newsitem date="1996-11-28" id="root" itemid="50874" xml:lang="pt">
<title></title>
<headline> ESCUDO FECHA ESTÁVEL 101,00 APÓS SESSÃO APÁTICA. </headline>
<byline></byline>
<dateline></dateline>
<text>
<p> O escudo fechou calmo e nos níveis de abertura próximo dos 101,00 por marco, apos uma sessão de alguma apatia pelo facto de hoje ser feriado nos Estados Unidos. As expectativas dos operadores continuam no entanto a apontar para que, quando o escudo sair deste nível, deverá ser no sentido da subida contra o marco. </p>
<p> (c) Reuters Limited 1996. </p></text>
<copyright>(c) Reuters Limited 1996</copyright>
<metadata>
<codes class="bip:countries:1.0">
<code code="UiIbwNiIyp">
<editdetail action="confirmed" attribution="Reuters BIP Coding Group" date="1996-11-28"></editdetail></code>
<code code="NMgruwysWI">
<editdetail action="confirmed" attribution="Reuters BIP Coding Group" date="1996-11-28"></editdetail></code>
<code code="PxOmVGXQLs">
<editdetail action="confirmed" attribution="Reuters BIP Coding Group" date="1996-11-28"></editdetail></code></codes>
<codes class="bip:topics:1.0">
<code code="NQtMLRvHSx">
<editdetail action="confirmed" attribution="Reuters BIP Coding Group" date="1996-11-28"></editdetail></code>
<code code="FunljYPKyl">
<editdetail action="confirmed" attribution="Reuters BIP Coding Group" date="1996-11-28"></editdetail></code>
<code code="dyOaDcHiOU">
<editdetail action="confirmed" attribution="Reuters BIP Coding Group" date="1996-11-28"></editdetail></code></codes>
<dc element="dc.publisher" value="Reuters Holdings Plc"></dc>
<dc element="dc.datepublished" value="1996-11-28"></dc>
<dc element="dc.source" value="Reuters - Notícias em Português"></dc>
<dc element="dc.creator.location" value=""></dc>
<dc element="dc.creator.location.country.name" value=""></dc></metadata></newsitem>