<?xml version="1.0" encoding="UTF-8"?>

<newsitem date="1996-10-14" id="root" itemid="49723" xml:lang="pt">
<title></title>
<headline> FUTURO OT DEZ/96 CAI PARA 102,23 CONTRA 102,52[PT] </headline>
<byline></byline>
<dateline></dateline>
<text>
<p> *Futuro (BDPOTZ6)Dez/96 102,23 vs 102,52 no fecho anterior *Futuro Bono Dez/96 (MFFZ6)106,95 vs 107,31 no fecho anterior </p>
<p> - Lisboa Editorial, 351-1-3150035 </p>
<p> (c) Reuters Limited 1996. </p></text>
<copyright>(c) Reuters Limited 1996</copyright>
<metadata>
<codes class="bip:countries:1.0">
<code code="roxZjaetwF">
<editdetail action="confirmed" attribution="Reuters BIP Coding Group" date="1996-10-14"></editdetail></code>
<code code="IkbegVHUbt">
<editdetail action="confirmed" attribution="Reuters BIP Coding Group" date="1996-10-14"></editdetail></code>
<code code="PxwcyJiUfK">
<editdetail action="confirmed" attribution="Reuters BIP Coding Group" date="1996-10-14"></editdetail></code></codes>
<codes class="bip:topics:1.0">
<code code="WslrKMtIYN">
<editdetail action="confirmed" attribution="Reuters BIP Coding Group" date="1996-10-14"></editdetail></code>
<code code="xRHODxCIKO">
<editdetail action="confirmed" attribution="Reuters BIP Coding Group" date="1996-10-14"></editdetail></code></codes>
<dc element="dc.publisher" value="Reuters Holdings Plc"></dc>
<dc element="dc.datepublished" value="1996-10-14"></dc>
<dc element="dc.source" value="Reuters - Notícias em Português"></dc>
<dc element="dc.creator.location" value=""></dc>
<dc element="dc.creator.location.country.name" value=""></dc></metadata></newsitem>