<?xml version="1.0" encoding="UTF-8"?>

<newsitem date="1997-06-03" id="root" itemid="55169" xml:lang="pt">
<title></title>
<headline> Índice PSI20 sobe 1,02 pct para 6.752,95 pontos. </headline>
<byline></byline>
<dateline></dateline>
<text>
<p> LISBOA, 3 Jun (Reuter) - O índice PSI20 subiu 67,88 pontos ou 1,02 pct para 6.752,95 pontos. </p>
<p> (c) Reuters Limited 1997. </p></text>
<copyright>(c) Reuters Limited 1997</copyright>
<metadata>
<codes class="bip:countries:1.0">
<code code="YcnREtDmYx">
<editdetail action="confirmed" attribution="Reuters BIP Coding Group" date="1997-06-03"></editdetail></code>
<code code="oUWKOWrLIM">
<editdetail action="confirmed" attribution="Reuters BIP Coding Group" date="1997-06-03"></editdetail></code>
<code code="KHKvKrKflI">
<editdetail action="confirmed" attribution="Reuters BIP Coding Group" date="1997-06-03"></editdetail></code></codes>
<codes class="bip:topics:1.0">
<code code="YYOArdavmr">
<editdetail action="confirmed" attribution="Reuters BIP Coding Group" date="1997-06-03"></editdetail></code>
<code code="ZipRyUpqOl">
<editdetail action="confirmed" attribution="Reuters BIP Coding Group" date="1997-06-03"></editdetail></code></codes>
<dc element="dc.publisher" value="Reuters Holdings Plc"></dc>
<dc element="dc.datepublished" value="1997-06-03"></dc>
<dc element="dc.source" value="Reuters - Notícias em Português"></dc>
<dc element="dc.creator.location" value=""></dc>
<dc element="dc.creator.location.country.name" value=""></dc></metadata></newsitem>