<?xml version="1.0" encoding="UTF-8"?>

<newsitem date="1996-10-03" id="root" itemid="49455" xml:lang="pt">
<title></title>
<headline> ÍNDICE PSI-20 SOBE 0,02 PCT PARA 4.755,80 PONTOS. </headline>
<byline></byline>
<dateline></dateline>
<text>
<p> *Índice PSI-20 sobe 0,02 pct para 4.755,80 pontos *Engil sobe 15 escudos para 1.515. Negociadas 109.400 *Caima Cerâmica sobe 146 esc para 1.401, com 14.100 *Lisnave sobe 2 escudos para 429. Negociadas 9.400 *Reditus sobe 25 escudos para 418. Negociadas 8.000 *CPP estável nos 1.520 escudos. Negociadas 4.700. </p></text>
<copyright>(c) Reuters Limited 1996</copyright>
<metadata>
<codes class="bip:countries:1.0">
<code code="qdZzfcklkA">
<editdetail action="confirmed" attribution="Reuters BIP Coding Group" date="1996-10-03"></editdetail></code>
<code code="gbtsxaoTXm">
<editdetail action="confirmed" attribution="Reuters BIP Coding Group" date="1996-10-03"></editdetail></code>
<code code="FLEyUZglUu">
<editdetail action="confirmed" attribution="Reuters BIP Coding Group" date="1996-10-03"></editdetail></code></codes>
<codes class="bip:topics:1.0">
<code code="qDcLGGacBE">
<editdetail action="confirmed" attribution="Reuters BIP Coding Group" date="1996-10-03"></editdetail></code>
<code code="ubxyYyXMpG">
<editdetail action="confirmed" attribution="Reuters BIP Coding Group" date="1996-10-03"></editdetail></code></codes>
<dc element="dc.publisher" value="Reuters Holdings Plc"></dc>
<dc element="dc.datepublished" value="1996-10-03"></dc>
<dc element="dc.source" value="Reuters - Notícias em Português"></dc>
<dc element="dc.creator.location" value=""></dc>
<dc element="dc.creator.location.country.name" value=""></dc></metadata></newsitem>