<?xml version="1.0" encoding="UTF-8"?>

<newsitem date="1997-01-31" id="root" itemid="52244" xml:lang="pt">
<title></title>
<headline> ACÇÕES PREVÊEM-SE MAIS POSITIVAS COM MERCADOS EXTERNOS. </headline>
<byline></byline>
<dateline></dateline>
<text>
<p> As acções do Contínuo deverão abrir com algum tom positivo, acompanhando o momento de alta dos mercados externos depois do fecho de Nova Iorque a subir 1,23 pct. Operadores afirmaram que a divulgação hoje do PIB nos EUA deverá trazer alguma expectativa. Algumas atenções viradas para as acções da Somague e da A.Silva &amp; Silva. </p>
<p> - Paula Cordeiro, Lisboa Editorial, 351-1-3113125. </p>
<p> (c) Reuters Limited 1997. </p></text>
<copyright>(c) Reuters Limited 1997</copyright>
<metadata>
<codes class="bip:countries:1.0">
<code code="bzIsnhbBCF">
<editdetail action="confirmed" attribution="Reuters BIP Coding Group" date="1997-01-31"></editdetail></code>
<code code="gHghhWDtzp">
<editdetail action="confirmed" attribution="Reuters BIP Coding Group" date="1997-01-31"></editdetail></code>
<code code="aofWXylcKU">
<editdetail action="confirmed" attribution="Reuters BIP Coding Group" date="1997-01-31"></editdetail></code></codes>
<codes class="bip:topics:1.0">
<code code="ohCexJiqLc">
<editdetail action="confirmed" attribution="Reuters BIP Coding Group" date="1997-01-31"></editdetail></code>
<code code="kctCHISQuC">
<editdetail action="confirmed" attribution="Reuters BIP Coding Group" date="1997-01-31"></editdetail></code></codes>
<dc element="dc.publisher" value="Reuters Holdings Plc"></dc>
<dc element="dc.datepublished" value="1997-01-31"></dc>
<dc element="dc.source" value="Reuters - Notícias em Português"></dc>
<dc element="dc.creator.location" value=""></dc>
<dc element="dc.creator.location.country.name" value=""></dc></metadata></newsitem>