<?xml version="1.0" encoding="UTF-8"?>

<newsitem date="1997-05-15" id="root" itemid="54674" xml:lang="pt">
<title></title>
<headline> Acções prevêem-se sem fortes oscilações, espera EUA. </headline>
<byline></byline>
<dateline></dateline>
<text>
<p> As acções do Contínuo e os Futuros sobre o PSI20 deverão abriram sem fortes oscilações e poucos líquidos, aguardando pela divulgação essencialmente do IPC nos EUA, às 1230 TMG, para depois tomarem um rumo como já aconteceu ontem, afirmaram dealers. A divulgação hoje dos resultados do primeiro trimestre de 1997 da Cimpor poderá trazer novos movimentos neste papel. </p>
<p> - Paula Cordeiro, Lisboa Editorial, 351-1-3113125. </p>
<p> (c) Reuters Limited 1997. </p></text>
<copyright>(c) Reuters Limited 1997</copyright>
<metadata>
<codes class="bip:countries:1.0">
<code code="VaoqniSuTF">
<editdetail action="confirmed" attribution="Reuters BIP Coding Group" date="1997-05-15"></editdetail></code>
<code code="LQhitNjUnI">
<editdetail action="confirmed" attribution="Reuters BIP Coding Group" date="1997-05-15"></editdetail></code>
<code code="GJUpVeGyzV">
<editdetail action="confirmed" attribution="Reuters BIP Coding Group" date="1997-05-15"></editdetail></code></codes>
<codes class="bip:topics:1.0">
<code code="dqdqasZUPO">
<editdetail action="confirmed" attribution="Reuters BIP Coding Group" date="1997-05-15"></editdetail></code>
<code code="HmdogrdBmd">
<editdetail action="confirmed" attribution="Reuters BIP Coding Group" date="1997-05-15"></editdetail></code></codes>
<dc element="dc.publisher" value="Reuters Holdings Plc"></dc>
<dc element="dc.datepublished" value="1997-05-15"></dc>
<dc element="dc.source" value="Reuters - Notícias em Português"></dc>
<dc element="dc.creator.location" value=""></dc>
<dc element="dc.creator.location.country.name" value=""></dc></metadata></newsitem>