<?xml version="1.0" encoding="UTF-8"?>

<newsitem date="1997-06-17" id="root" itemid="55480" xml:lang="pt">
<title></title>
<headline> Rui Rio apresenta demissão secretário geral PSD. </headline>
<byline></byline>
<dateline></dateline>
<text>
<p> LISBOA, 17 Jun (Reuters) - Rui Rio demitiu-se do cargo de secretario-geral do Partido Social Democrata (PSD), disse uma fonte partidária. </p>
<p> A mesma fonte acrescentou que Rui Rio acabou por ceder a toda uma campanha interna resistente à sua permanência no cargo de secretário geral. </p>
<p> - Lisboa Editorial, 351.1.3113121. </p>
<p> (c) Reuters Limited 1997. </p></text>
<copyright>(c) Reuters Limited 1997</copyright>
<metadata>
<codes class="bip:countries:1.0">
<code code="aniBiQcBMD">
<editdetail action="confirmed" attribution="Reuters BIP Coding Group" date="1997-06-17"></editdetail></code>
<code code="mhHUpZHZGL">
<editdetail action="confirmed" attribution="Reuters BIP Coding Group" date="1997-06-17"></editdetail></code>
<code code="gOluBYWaiA">
<editdetail action="confirmed" attribution="Reuters BIP Coding Group" date="1997-06-17"></editdetail></code></codes>
<codes class="bip:topics:1.0">
<code code="REPhWMfakD">
<editdetail action="confirmed" attribution="Reuters BIP Coding Group" date="1997-06-17"></editdetail></code>
<code code="DKTnYWLntY">
<editdetail action="confirmed" attribution="Reuters BIP Coding Group" date="1997-06-17"></editdetail></code></codes>
<dc element="dc.publisher" value="Reuters Holdings Plc"></dc>
<dc element="dc.datepublished" value="1997-06-17"></dc>
<dc element="dc.source" value="Reuters - Notícias em Português"></dc>
<dc element="dc.creator.location" value=""></dc>
<dc element="dc.creator.location.country.name" value=""></dc></metadata></newsitem>