<?xml version="1.0" encoding="UTF-8"?>

<newsitem date="1996-12-20" id="root" itemid="51412" xml:lang="pt">
<title></title>
<headline> MONETÁRIO FECHA CALMO, BP NÃO CORTA TAXAS SEGUNDA. </headline>
<byline></byline>
<dateline></dateline>
<text>
<p> O monetário fechou muito calmo e com as taxas estabilizadas aos níveis da abertura, num mercado sem interesses especiais e a apostar na manutenção das taxas directoras do Banco de Portugal (BP), na segunda-feira, disseram dealers. - Lisboa Editorial, 351-1-311.31.26 </p>
<p> (c) Reuters Limited 1996. </p></text>
<copyright>(c) Reuters Limited 1996</copyright>
<metadata>
<codes class="bip:countries:1.0">
<code code="msdEkGndar">
<editdetail action="confirmed" attribution="Reuters BIP Coding Group" date="1996-12-20"></editdetail></code>
<code code="yAxmzphHAd">
<editdetail action="confirmed" attribution="Reuters BIP Coding Group" date="1996-12-20"></editdetail></code>
<code code="NqZzZHJnkY">
<editdetail action="confirmed" attribution="Reuters BIP Coding Group" date="1996-12-20"></editdetail></code></codes>
<codes class="bip:topics:1.0">
<code code="BTcFecMlel">
<editdetail action="confirmed" attribution="Reuters BIP Coding Group" date="1996-12-20"></editdetail></code>
<code code="MPzOETwXnt">
<editdetail action="confirmed" attribution="Reuters BIP Coding Group" date="1996-12-20"></editdetail></code></codes>
<dc element="dc.publisher" value="Reuters Holdings Plc"></dc>
<dc element="dc.datepublished" value="1996-12-20"></dc>
<dc element="dc.source" value="Reuters - Notícias em Português"></dc>
<dc element="dc.creator.location" value=""></dc>
<dc element="dc.creator.location.country.name" value=""></dc></metadata></newsitem>