<?xml version="1.0" encoding="UTF-8"?>

<newsitem date="1997-05-08" id="root" itemid="54520" xml:lang="pt">
<title></title>
<headline> PSI20 cai 0,14 pct para 6.693,81 pontos. </headline>
<byline></byline>
<dateline></dateline>
<text>
<p> LISBOA, 8 Mai (Reuter) - O índice PSI20 caiu 9,36 pontos ou 0,14 pct para 6.693,81 pontos. </p>
<p> (c) Reuters Limited 1997. </p></text>
<copyright>(c) Reuters Limited 1997</copyright>
<metadata>
<codes class="bip:countries:1.0">
<code code="jUFgHzMsmK">
<editdetail action="confirmed" attribution="Reuters BIP Coding Group" date="1997-05-08"></editdetail></code>
<code code="KrdfQXGMGH">
<editdetail action="confirmed" attribution="Reuters BIP Coding Group" date="1997-05-08"></editdetail></code>
<code code="dYlOPXsgZb">
<editdetail action="confirmed" attribution="Reuters BIP Coding Group" date="1997-05-08"></editdetail></code></codes>
<codes class="bip:topics:1.0">
<code code="TkMzVSTnKp">
<editdetail action="confirmed" attribution="Reuters BIP Coding Group" date="1997-05-08"></editdetail></code>
<code code="OBfPhTSxfX">
<editdetail action="confirmed" attribution="Reuters BIP Coding Group" date="1997-05-08"></editdetail></code></codes>
<dc element="dc.publisher" value="Reuters Holdings Plc"></dc>
<dc element="dc.datepublished" value="1997-05-08"></dc>
<dc element="dc.source" value="Reuters - Notícias em Português"></dc>
<dc element="dc.creator.location" value=""></dc>
<dc element="dc.creator.location.country.name" value=""></dc></metadata></newsitem>