<?xml version="1.0" encoding="UTF-8"?>

<newsitem date="1996-12-17" id="root" itemid="51305" xml:lang="pt">
<title></title>
<headline> ESCUDO FECHA EM BAIXA LIGEIRA COM EUROPEIAS. </headline>
<byline></byline>
<dateline></dateline>
<text>
<p> O escudo fechou em baixa ligeira contra o marco, em simpatia com a queda também ligeira da peseta, que reagiu às declarações do governador do banco central espanhol, que disse que é já reduzido o espaço para a descida das taxas longas espanholas. </p>
<p> (c) Reuters Limited 1996. </p></text>
<copyright>(c) Reuters Limited 1996</copyright>
<metadata>
<codes class="bip:countries:1.0">
<code code="cthcKmBYhr">
<editdetail action="confirmed" attribution="Reuters BIP Coding Group" date="1996-12-17"></editdetail></code>
<code code="HGTemzYQSf">
<editdetail action="confirmed" attribution="Reuters BIP Coding Group" date="1996-12-17"></editdetail></code>
<code code="UdZRLUJJla">
<editdetail action="confirmed" attribution="Reuters BIP Coding Group" date="1996-12-17"></editdetail></code></codes>
<codes class="bip:topics:1.0">
<code code="aVaDJPMlGf">
<editdetail action="confirmed" attribution="Reuters BIP Coding Group" date="1996-12-17"></editdetail></code>
<code code="XSqAUClnpz">
<editdetail action="confirmed" attribution="Reuters BIP Coding Group" date="1996-12-17"></editdetail></code>
<code code="qvCQMIZjzC">
<editdetail action="confirmed" attribution="Reuters BIP Coding Group" date="1996-12-17"></editdetail></code></codes>
<dc element="dc.publisher" value="Reuters Holdings Plc"></dc>
<dc element="dc.datepublished" value="1996-12-17"></dc>
<dc element="dc.source" value="Reuters - Notícias em Português"></dc>
<dc element="dc.creator.location" value=""></dc>
<dc element="dc.creator.location.country.name" value=""></dc></metadata></newsitem>