<?xml version="1.0" encoding="UTF-8"?>

<newsitem date="1997-04-24" id="root" itemid="54251" xml:lang="pt">
<title></title>
<headline> Acções seguem mistas meia sessão focalizadas banca. </headline>
<byline></byline>
<dateline></dateline>
<text>
<p> As acções do Contínuo seguiam mistas, muito facalizadas na banca, com o BCP a destoar das quedas do BTA e do BPSM, embora neste último caso a reflectir uma situação de ex-dividendo. Dealers admitem que, até final da sessão, o BCP se possa aproximar dos máximos atingidos de manhã e com o Totta e o Sotto a recuperarem. </p>
<p> - Lisboa Editorial, 351-1-3113125. </p>
<p> (c) Reuters Limited 1997. </p></text>
<copyright>(c) Reuters Limited 1997</copyright>
<metadata>
<codes class="bip:countries:1.0">
<code code="jbIJOcIeir">
<editdetail action="confirmed" attribution="Reuters BIP Coding Group" date="1997-04-24"></editdetail></code>
<code code="NPipldwRRb">
<editdetail action="confirmed" attribution="Reuters BIP Coding Group" date="1997-04-24"></editdetail></code>
<code code="hRZYqFOymR">
<editdetail action="confirmed" attribution="Reuters BIP Coding Group" date="1997-04-24"></editdetail></code></codes>
<codes class="bip:topics:1.0">
<code code="JwpqLzwWVq">
<editdetail action="confirmed" attribution="Reuters BIP Coding Group" date="1997-04-24"></editdetail></code>
<code code="UDlZKhGBXG">
<editdetail action="confirmed" attribution="Reuters BIP Coding Group" date="1997-04-24"></editdetail></code></codes>
<dc element="dc.publisher" value="Reuters Holdings Plc"></dc>
<dc element="dc.datepublished" value="1997-04-24"></dc>
<dc element="dc.source" value="Reuters - Notícias em Português"></dc>
<dc element="dc.creator.location" value=""></dc>
<dc element="dc.creator.location.country.name" value=""></dc></metadata></newsitem>