<?xml version="1.0" encoding="UTF-8"?>

<newsitem date="1997-05-28" id="root" itemid="55040" xml:lang="pt">
<title></title>
<headline> Futuro PSI20 Jun97 sobe 10 pontos para 6.740. </headline>
<byline></byline>
<dateline></dateline>
<text>
<p> *Futuro PSI20 Jun97 (PSI20M7)sobe 10 pontos para 6.740 *Índice PSI-20 (.PSI20)cai 0,02 pct para 6.661,84 pontos *BES cai 22 escudos para 3.522. Negociadas 46.300 *Sonae Indústria sobe 118 esc p/ 1.600, com 36.300 *Cimpor desce 10 escudos para 3.820, com 5.900 </p>
<p> - Paula Cordeiro, Lisboa Editorial, 351-1-3113125. </p>
<p> (c) Reuters Limited 1997. </p></text>
<copyright>(c) Reuters Limited 1997</copyright>
<metadata>
<codes class="bip:countries:1.0">
<code code="OTEuAwgqVT">
<editdetail action="confirmed" attribution="Reuters BIP Coding Group" date="1997-05-28"></editdetail></code>
<code code="GlpRXnhIyo">
<editdetail action="confirmed" attribution="Reuters BIP Coding Group" date="1997-05-28"></editdetail></code>
<code code="yoQiSEWIVJ">
<editdetail action="confirmed" attribution="Reuters BIP Coding Group" date="1997-05-28"></editdetail></code></codes>
<codes class="bip:topics:1.0">
<code code="xkGHAHABTy">
<editdetail action="confirmed" attribution="Reuters BIP Coding Group" date="1997-05-28"></editdetail></code>
<code code="XIUQdGGldN">
<editdetail action="confirmed" attribution="Reuters BIP Coding Group" date="1997-05-28"></editdetail></code></codes>
<dc element="dc.publisher" value="Reuters Holdings Plc"></dc>
<dc element="dc.datepublished" value="1997-05-28"></dc>
<dc element="dc.source" value="Reuters - Notícias em Português"></dc>
<dc element="dc.creator.location" value=""></dc>
<dc element="dc.creator.location.country.name" value=""></dc></metadata></newsitem>