<?xml version="1.0" encoding="UTF-8"?>

<newsitem date="1997-02-10" id="root" itemid="52470" xml:lang="pt">
<title></title>
<headline> BP DIZ CEDÊNCIA 7 DIAS SEM PROCURA. </headline>
<byline></byline>
<dateline></dateline>
<text>
<p> LISBOA, 10 Fev (Reuter) - O Banco de Portugal (BP) disse que não houve procura para a cedência de fundos contra a recompra de bilhetes do Tesouro, Títulos de Depósito e obrigações do Tesouro taxa fixa (BT/TD/OT) a sete dias em regime de leilão de taxa. </p>
<p> Na última cedência, a taxa média de colocação de fundos foi de 6,5 pct. </p>
<p> - Lisboa Editorial, 351.1.315-00-35. </p>
<p> (c) Reuters Limited 1997. </p></text>
<copyright>(c) Reuters Limited 1997</copyright>
<metadata>
<codes class="bip:countries:1.0">
<code code="agUmpmuWxT">
<editdetail action="confirmed" attribution="Reuters BIP Coding Group" date="1997-02-10"></editdetail></code>
<code code="wLNnziKjaJ">
<editdetail action="confirmed" attribution="Reuters BIP Coding Group" date="1997-02-10"></editdetail></code>
<code code="tOUnEpicQi">
<editdetail action="confirmed" attribution="Reuters BIP Coding Group" date="1997-02-10"></editdetail></code></codes>
<codes class="bip:topics:1.0">
<code code="aUQppLzOuk">
<editdetail action="confirmed" attribution="Reuters BIP Coding Group" date="1997-02-10"></editdetail></code>
<code code="hUGLhhWJTc">
<editdetail action="confirmed" attribution="Reuters BIP Coding Group" date="1997-02-10"></editdetail></code></codes>
<dc element="dc.publisher" value="Reuters Holdings Plc"></dc>
<dc element="dc.datepublished" value="1997-02-10"></dc>
<dc element="dc.source" value="Reuters - Notícias em Português"></dc>
<dc element="dc.creator.location" value=""></dc>
<dc element="dc.creator.location.country.name" value=""></dc></metadata></newsitem>