<?xml version="1.0" encoding="UTF-8"?>

<newsitem date="1997-04-29" id="root" itemid="54323" xml:lang="pt">
<title></title>
<headline> Índice PSI20 sobe 0,81 pct para 6.307,06 pontos. </headline>
<byline></byline>
<dateline></dateline>
<text>
<p> LISBOA, 29 Abr (Reuter) - O Índice PSI20 fechou a subir 50,86 pontos, 0,81 pct, para 6.307,06, máximo do ano. </p>
<p> - Lisboa Editorial, 351.1.3113121. </p>
<p> (c) Reuters Limited 1997. </p></text>
<copyright>(c) Reuters Limited 1997</copyright>
<metadata>
<codes class="bip:countries:1.0">
<code code="pNhpRLfCVK">
<editdetail action="confirmed" attribution="Reuters BIP Coding Group" date="1997-04-29"></editdetail></code>
<code code="OvVrADHbQT">
<editdetail action="confirmed" attribution="Reuters BIP Coding Group" date="1997-04-29"></editdetail></code>
<code code="VMHXdrGaXC">
<editdetail action="confirmed" attribution="Reuters BIP Coding Group" date="1997-04-29"></editdetail></code></codes>
<codes class="bip:topics:1.0">
<code code="TJYiPFDzLg">
<editdetail action="confirmed" attribution="Reuters BIP Coding Group" date="1997-04-29"></editdetail></code>
<code code="JbvRNJlMtG">
<editdetail action="confirmed" attribution="Reuters BIP Coding Group" date="1997-04-29"></editdetail></code></codes>
<dc element="dc.publisher" value="Reuters Holdings Plc"></dc>
<dc element="dc.datepublished" value="1997-04-29"></dc>
<dc element="dc.source" value="Reuters - Notícias em Português"></dc>
<dc element="dc.creator.location" value=""></dc>
<dc element="dc.creator.location.country.name" value=""></dc></metadata></newsitem>