<?xml version="1.0" encoding="UTF-8"?>

<newsitem date="1996-08-22" id="root" itemid="48341" xml:lang="pt">
<title></title>
<headline> PSI20 CAI 0,05 PCT PARA 4.638,01 PONTOS. </headline>
<byline></byline>
<dateline></dateline>
<text>
<p> *Índice PSI20 cai 0,05 pct para 4.638,01 pontos *Lusomundo cai 4 escudos p/ 996 com 25.000 acções *Sonae Industria sobe 6 escudos p/ 1.345 c/ 2.600 *BFE cai 29 escudos p/ 2.501 com 16.400 títulos *BPSM cai 1 escudo para 1.040, negociados 960 papéis *Escudo 102,68/71 por marco contra 102,66/70 no fecho ontem *Dólar 1,4840/45 marcos vs 1,4818/28 fecho Europa de ontem *Reunião esta manhã do conselho superior do Buba. </p></text>
<copyright>(c) Reuters Limited 1996</copyright>
<metadata>
<codes class="bip:countries:1.0">
<code code="NxKnTgSlBm">
<editdetail action="confirmed" attribution="Reuters BIP Coding Group" date="1996-08-22"></editdetail></code>
<code code="jxsimMzTPn">
<editdetail action="confirmed" attribution="Reuters BIP Coding Group" date="1996-08-22"></editdetail></code>
<code code="UnmEnnUNvB">
<editdetail action="confirmed" attribution="Reuters BIP Coding Group" date="1996-08-22"></editdetail></code></codes>
<codes class="bip:topics:1.0">
<code code="QPVgzsPQFi">
<editdetail action="confirmed" attribution="Reuters BIP Coding Group" date="1996-08-22"></editdetail></code>
<code code="LKukjEiXaV">
<editdetail action="confirmed" attribution="Reuters BIP Coding Group" date="1996-08-22"></editdetail></code></codes>
<dc element="dc.publisher" value="Reuters Holdings Plc"></dc>
<dc element="dc.datepublished" value="1996-08-22"></dc>
<dc element="dc.source" value="Reuters - Notícias em Português"></dc>
<dc element="dc.creator.location" value=""></dc>
<dc element="dc.creator.location.country.name" value=""></dc></metadata></newsitem>