<?xml version="1.0" encoding="UTF-8"?>

<newsitem date="1997-07-24" id="root" itemid="56505" xml:lang="pt">
<title></title>
<headline> Índice PSI20 sobe 0,10 pct para 7.884,96 pontos. </headline>
<byline></byline>
<dateline></dateline>
<text>
<p> LISBOA, 24 Jul (Reuter) - O índice PSI20 subiu 0,1 pct ou 7,80 pontos para 7.884,96. </p>
<p> - Lisboa Editorial, 351.1.3113121. </p>
<p> (c) Reuters Limited 1997. </p></text>
<copyright>(c) Reuters Limited 1997</copyright>
<metadata>
<codes class="bip:countries:1.0">
<code code="RVvbErqDII">
<editdetail action="confirmed" attribution="Reuters BIP Coding Group" date="1997-07-24"></editdetail></code>
<code code="yMpLdfDtJr">
<editdetail action="confirmed" attribution="Reuters BIP Coding Group" date="1997-07-24"></editdetail></code>
<code code="JmkVxotcZj">
<editdetail action="confirmed" attribution="Reuters BIP Coding Group" date="1997-07-24"></editdetail></code></codes>
<codes class="bip:topics:1.0">
<code code="UvvlyNDzMo">
<editdetail action="confirmed" attribution="Reuters BIP Coding Group" date="1997-07-24"></editdetail></code>
<code code="SMXhHUvUOK">
<editdetail action="confirmed" attribution="Reuters BIP Coding Group" date="1997-07-24"></editdetail></code></codes>
<dc element="dc.publisher" value="Reuters Holdings Plc"></dc>
<dc element="dc.datepublished" value="1997-07-24"></dc>
<dc element="dc.source" value="Reuters - Notícias em Português"></dc>
<dc element="dc.creator.location" value=""></dc>
<dc element="dc.creator.location.country.name" value=""></dc></metadata></newsitem>