<?xml version="1.0" encoding="UTF-8"?>

<newsitem date="1996-11-06" id="root" itemid="50327" xml:lang="pt">
<title></title>
<headline> FUTURO PSI20 NOV96 SOBE 15 PONTOS PARA 4.843. </headline>
<byline></byline>
<dateline></dateline>
<text>
<p> *Futuro PSI20 Nov96 (PSI20X6)sobe p/ 4.843 pontos vs 4.828 *Índice PSI-20 (.PSI20)sobe 0,12 pct para 4.823,91 pontos *PT sobe 65 escudos para 4.140. Negociadas 30.850. </p>
<p> *P.Fernandes sobe 28 escudos p/ 600. Negociadas 9.300 *BCP sobe 4 escudos para 1.911. Negociadas 9.200 *PI sobe 4 escudos para 954. Negociadas 4.420 *Lisnave estável nos 434 escudos. Negociadas 2.400. </p>
<p> - Paula Cordeiro, Lisboa Editorial, 351-1-3150035. (c) Reuters Limited 1996. </p></text>
<copyright>(c) Reuters Limited 1996</copyright>
<metadata>
<codes class="bip:countries:1.0">
<code code="MePDcdwqBK">
<editdetail action="confirmed" attribution="Reuters BIP Coding Group" date="1996-11-06"></editdetail></code>
<code code="kVwZlScvwu">
<editdetail action="confirmed" attribution="Reuters BIP Coding Group" date="1996-11-06"></editdetail></code>
<code code="WqaehHIlVr">
<editdetail action="confirmed" attribution="Reuters BIP Coding Group" date="1996-11-06"></editdetail></code></codes>
<codes class="bip:topics:1.0">
<code code="OPpdFzYCiM">
<editdetail action="confirmed" attribution="Reuters BIP Coding Group" date="1996-11-06"></editdetail></code>
<code code="VUwFLcGlAW">
<editdetail action="confirmed" attribution="Reuters BIP Coding Group" date="1996-11-06"></editdetail></code></codes>
<dc element="dc.publisher" value="Reuters Holdings Plc"></dc>
<dc element="dc.datepublished" value="1996-11-06"></dc>
<dc element="dc.source" value="Reuters - Notícias em Português"></dc>
<dc element="dc.creator.location" value=""></dc>
<dc element="dc.creator.location.country.name" value=""></dc></metadata></newsitem>