<?xml version="1.0" encoding="UTF-8"?>

<newsitem date="1996-10-03" id="root" itemid="49465" xml:lang="pt">
<title></title>
<headline> POETISA POLACA SZYMBORSKA VENCE NOBEL LITERATURA. </headline>
<byline></byline>
<dateline></dateline>
<text>
<p> ESTOCOLMO, 3 Out (Reuter) - A poetisa polaca Wislawa Szymborska venceu o Prémio Nobel da Literatura de 1996, anunciou a academia sueca. </p>
<p> Szymborska tem 73 anos e vive em Cracóvia, na Polónia. </p>
<p> Os escritores portugueses António Lobo Antunes e José Saramago estavam nomeados para o Nobel. </p>
<p> (c) Reuters Limited 1996. </p></text>
<copyright>(c) Reuters Limited 1996</copyright>
<metadata>
<codes class="bip:countries:1.0">
<code code="LccQPzpTiV">
<editdetail action="confirmed" attribution="Reuters BIP Coding Group" date="1996-10-03"></editdetail></code>
<code code="qBdYjhMnKv">
<editdetail action="confirmed" attribution="Reuters BIP Coding Group" date="1996-10-03"></editdetail></code>
<code code="UUapwTpStM">
<editdetail action="confirmed" attribution="Reuters BIP Coding Group" date="1996-10-03"></editdetail></code>
<code code="PmuTEIrRJp">
<editdetail action="confirmed" attribution="Reuters BIP Coding Group" date="1996-10-03"></editdetail></code></codes>
<codes class="bip:topics:1.0">
<code code="QYXuOpYPWC">
<editdetail action="confirmed" attribution="Reuters BIP Coding Group" date="1996-10-03"></editdetail></code>
<code code="EBuQClXaBH">
<editdetail action="confirmed" attribution="Reuters BIP Coding Group" date="1996-10-03"></editdetail></code></codes>
<dc element="dc.publisher" value="Reuters Holdings Plc"></dc>
<dc element="dc.datepublished" value="1996-10-03"></dc>
<dc element="dc.source" value="Reuters - Notícias em Português"></dc>
<dc element="dc.creator.location" value=""></dc>
<dc element="dc.creator.location.country.name" value=""></dc></metadata></newsitem>