<?xml version="1.0" encoding="UTF-8"?>

<newsitem date="1997-05-20" id="root" itemid="54798" xml:lang="pt">
<title></title>
<headline> Índice PSI20 cai 0,80 pct para 6.604,09 pontos. </headline>
<byline></byline>
<dateline></dateline>
<text>
<p> LISBOA, 20 Mai (Reuter) - O índice PSI20 caiu 53,57 pontos ou 0,80 pct para 6.604,09 pontos. </p>
<p> (c) Reuters Limited 1997. </p></text>
<copyright>(c) Reuters Limited 1997</copyright>
<metadata>
<codes class="bip:countries:1.0">
<code code="KTzfUBPhYN">
<editdetail action="confirmed" attribution="Reuters BIP Coding Group" date="1997-05-20"></editdetail></code>
<code code="KIPJRrmTOP">
<editdetail action="confirmed" attribution="Reuters BIP Coding Group" date="1997-05-20"></editdetail></code>
<code code="gZecwHIZiM">
<editdetail action="confirmed" attribution="Reuters BIP Coding Group" date="1997-05-20"></editdetail></code></codes>
<codes class="bip:topics:1.0">
<code code="zAegUKxhKX">
<editdetail action="confirmed" attribution="Reuters BIP Coding Group" date="1997-05-20"></editdetail></code>
<code code="ArlYTeakCv">
<editdetail action="confirmed" attribution="Reuters BIP Coding Group" date="1997-05-20"></editdetail></code></codes>
<dc element="dc.publisher" value="Reuters Holdings Plc"></dc>
<dc element="dc.datepublished" value="1997-05-20"></dc>
<dc element="dc.source" value="Reuters - Notícias em Português"></dc>
<dc element="dc.creator.location" value=""></dc>
<dc element="dc.creator.location.country.name" value=""></dc></metadata></newsitem>