<?xml version="1.0" encoding="UTF-8"?>

<newsitem date="1996-09-24" id="root" itemid="49199" xml:lang="pt">
<title></title>
<headline> FUTURO OT10 DEZ96 ABRE 99,40 VERSUS 99,36 ANTERIOR[PT] </headline>
<byline></byline>
<dateline></dateline>
<text>
<p> *Futuro OT10 Dez96 sobe 0,04 pontos para 99,40 *Futuro Bono Dez/96 105,46 vs 105,27 fecho anterior *Bonos/Fev/05 com yield de 8,09 pct vs 8,08 pct fecho ontem *Banco Espanha mantém repo em 7,25 pct </p>
<p> - Lisboa Editorial, 351-1-3150035 </p></text>
<copyright>(c) Reuters Limited 1996</copyright>
<metadata>
<codes class="bip:countries:1.0">
<code code="odTYXByZeH">
<editdetail action="confirmed" attribution="Reuters BIP Coding Group" date="1996-09-24"></editdetail></code>
<code code="PcGObNnKLo">
<editdetail action="confirmed" attribution="Reuters BIP Coding Group" date="1996-09-24"></editdetail></code>
<code code="rsTNgdlWAv">
<editdetail action="confirmed" attribution="Reuters BIP Coding Group" date="1996-09-24"></editdetail></code></codes>
<codes class="bip:topics:1.0">
<code code="XqSafEjTfD">
<editdetail action="confirmed" attribution="Reuters BIP Coding Group" date="1996-09-24"></editdetail></code>
<code code="WbeNtVtWmw">
<editdetail action="confirmed" attribution="Reuters BIP Coding Group" date="1996-09-24"></editdetail></code></codes>
<dc element="dc.publisher" value="Reuters Holdings Plc"></dc>
<dc element="dc.datepublished" value="1996-09-24"></dc>
<dc element="dc.source" value="Reuters - Notícias em Português"></dc>
<dc element="dc.creator.location" value=""></dc>
<dc element="dc.creator.location.country.name" value=""></dc></metadata></newsitem>