<?xml version="1.0" encoding="UTF-8"?>

<newsitem date="1997-05-13" id="root" itemid="54602" xml:lang="pt">
<title></title>
<headline> Futuro PSI20 Mai97 sobe 20 pontos para 6.740. </headline>
<byline></byline>
<dateline></dateline>
<text>
<p> *Futuro PSI20 Mai97 (PSI20K7)sobe 20 pontos para 6.740 *Cimpor desce 100 escudos para 3.800, com 18.200 *BFE estável nos 2.615 escudos. Negociadas 14.800 *BTA cai 21 escudos para 2.520. Negociadas 3.500 *Efacec cai 40 escudos para 1.350. Negociadas 3.400. </p>
<p> - Paula Cordeiro, Lisboa Editorial, 351-1-3113125. </p>
<p> (c) Reuters Limited 1997. </p></text>
<copyright>(c) Reuters Limited 1997</copyright>
<metadata>
<codes class="bip:countries:1.0">
<code code="XoHLtNXHNV">
<editdetail action="confirmed" attribution="Reuters BIP Coding Group" date="1997-05-13"></editdetail></code>
<code code="MEocwfxsGl">
<editdetail action="confirmed" attribution="Reuters BIP Coding Group" date="1997-05-13"></editdetail></code>
<code code="dFNAqnjWKB">
<editdetail action="confirmed" attribution="Reuters BIP Coding Group" date="1997-05-13"></editdetail></code></codes>
<codes class="bip:topics:1.0">
<code code="FgwbxrhLgy">
<editdetail action="confirmed" attribution="Reuters BIP Coding Group" date="1997-05-13"></editdetail></code>
<code code="rJlRYJhAeQ">
<editdetail action="confirmed" attribution="Reuters BIP Coding Group" date="1997-05-13"></editdetail></code>
<code code="HPHWiiUroB">
<editdetail action="confirmed" attribution="Reuters BIP Coding Group" date="1997-05-13"></editdetail></code></codes>
<dc element="dc.publisher" value="Reuters Holdings Plc"></dc>
<dc element="dc.datepublished" value="1997-05-13"></dc>
<dc element="dc.source" value="Reuters - Notícias em Português"></dc>
<dc element="dc.creator.location" value=""></dc>
<dc element="dc.creator.location.country.name" value=""></dc></metadata></newsitem>