<?xml version="1.0" encoding="UTF-8"?>

<newsitem date="1996-12-09" id="root" itemid="51062" xml:lang="pt">
<title></title>
<headline> FUTURO LISBOR MAR/97 ABRE A SUBIR 0,06 PARA 94,14. </headline>
<byline></byline>
<dateline></dateline>
<text>
<p> LISBOA, 9 Dez (Reuter) - O futuro sobre a Lisbor a três meses com vencimento em Março de 1997 abriu a subir 0,06 para 94,14, com 20 contratos efectuados. </p>
<p> (c) Reuters Limited 1996. </p></text>
<copyright>(c) Reuters Limited 1996</copyright>
<metadata>
<codes class="bip:countries:1.0">
<code code="jRPEGOWbnb">
<editdetail action="confirmed" attribution="Reuters BIP Coding Group" date="1996-12-09"></editdetail></code>
<code code="iEZcBjGmfZ">
<editdetail action="confirmed" attribution="Reuters BIP Coding Group" date="1996-12-09"></editdetail></code>
<code code="UPvYZJHOty">
<editdetail action="confirmed" attribution="Reuters BIP Coding Group" date="1996-12-09"></editdetail></code></codes>
<codes class="bip:topics:1.0">
<code code="muNhXuVaLd">
<editdetail action="confirmed" attribution="Reuters BIP Coding Group" date="1996-12-09"></editdetail></code>
<code code="sogREpuHBL">
<editdetail action="confirmed" attribution="Reuters BIP Coding Group" date="1996-12-09"></editdetail></code>
<code code="AtRDeapeVo">
<editdetail action="confirmed" attribution="Reuters BIP Coding Group" date="1996-12-09"></editdetail></code></codes>
<dc element="dc.publisher" value="Reuters Holdings Plc"></dc>
<dc element="dc.datepublished" value="1996-12-09"></dc>
<dc element="dc.source" value="Reuters - Notícias em Português"></dc>
<dc element="dc.creator.location" value=""></dc>
<dc element="dc.creator.location.country.name" value=""></dc></metadata></newsitem>