<?xml version="1.0" encoding="UTF-8"?>

<newsitem date="1997-07-09" id="root" itemid="56061" xml:lang="pt">
<title></title>
<headline> Negociação BVL prolongada hoje até às 1600 TMG. </headline>
<byline></byline>
<dateline></dateline>
<text>
<p> LISBOA, 9 Jul (Reuter) - A negociação na Bolsa de Valores de Lisboa (BVL) foi hoje prolongada até às 1600 TMG, disse fonte oficial da Bolsa. </p>
<p> &quot;A BVL vai prolongar a negociação hoje até às 1700 horas locais (1600 TMG)&quot;, disse aquela fonte. </p>
<p> Este prolongamento deve-se ao facto da sessão de Bolsa de hoje só se ter iniciado cerca das 1400 horas locais, depois de problemas técnicos terem obrigado ao adiamento da abertura. </p>
<p> - Lisboa Editorial, 351.1.3113121. </p>
<p> (c) Reuters Limited 1997. </p></text>
<copyright>(c) Reuters Limited 1997</copyright>
<metadata>
<codes class="bip:countries:1.0">
<code code="eqrNLhkWau">
<editdetail action="confirmed" attribution="Reuters BIP Coding Group" date="1997-07-09"></editdetail></code>
<code code="cWCAfFnjkZ">
<editdetail action="confirmed" attribution="Reuters BIP Coding Group" date="1997-07-09"></editdetail></code>
<code code="fxHKKIqaof">
<editdetail action="confirmed" attribution="Reuters BIP Coding Group" date="1997-07-09"></editdetail></code></codes>
<codes class="bip:topics:1.0">
<code code="aaSLAQNsDX">
<editdetail action="confirmed" attribution="Reuters BIP Coding Group" date="1997-07-09"></editdetail></code></codes>
<dc element="dc.publisher" value="Reuters Holdings Plc"></dc>
<dc element="dc.datepublished" value="1997-07-09"></dc>
<dc element="dc.source" value="Reuters - Notícias em Português"></dc>
<dc element="dc.creator.location" value=""></dc>
<dc element="dc.creator.location.country.name" value=""></dc></metadata></newsitem>