<?xml version="1.0" encoding="UTF-8"?>

<newsitem date="1996-12-27" id="root" itemid="51471" xml:lang="pt">
<title></title>
<headline> MONETÁRIO FECHA CALMO, CENTRADO CURTO PRAZO. </headline>
<byline></byline>
<dateline></dateline>
<text>
<p> O mercado monetário do escudo fechou calmo, com as taxas estáveis e as operações centradass no curto prazo, numa sessão sem interesses nos prazos nem movimento nos derivados, segundo dealers por ser final de ano e a maioria das posições estarem já fechadas. (c) Reuters Limited 1996. </p></text>
<copyright>(c) Reuters Limited 1996</copyright>
<metadata>
<codes class="bip:countries:1.0">
<code code="vgxPTlRBcC">
<editdetail action="confirmed" attribution="Reuters BIP Coding Group" date="1996-12-27"></editdetail></code>
<code code="FApODPhzgE">
<editdetail action="confirmed" attribution="Reuters BIP Coding Group" date="1996-12-27"></editdetail></code>
<code code="aFvVRvvEya">
<editdetail action="confirmed" attribution="Reuters BIP Coding Group" date="1996-12-27"></editdetail></code></codes>
<codes class="bip:topics:1.0">
<code code="pEaAHaUacB">
<editdetail action="confirmed" attribution="Reuters BIP Coding Group" date="1996-12-27"></editdetail></code>
<code code="TkHlIqcfyT">
<editdetail action="confirmed" attribution="Reuters BIP Coding Group" date="1996-12-27"></editdetail></code></codes>
<dc element="dc.publisher" value="Reuters Holdings Plc"></dc>
<dc element="dc.datepublished" value="1996-12-27"></dc>
<dc element="dc.source" value="Reuters - Notícias em Português"></dc>
<dc element="dc.creator.location" value=""></dc>
<dc element="dc.creator.location.country.name" value=""></dc></metadata></newsitem>