<?xml version="1.0" encoding="UTF-8"?>

<newsitem date="1997-01-07" id="root" itemid="51618" xml:lang="pt">
<title></title>
<headline> ACÇÕES ABREM EM ALTA, ÍNDICE SOBE CINCO PCT EM 97. </headline>
<byline></byline>
<dateline></dateline>
<text>
<p> As acções do Contínuo e os Futuros sobre o PSI20 abriram em alta, com o optimismo dos investidores sobre a evolução do mercado para 1997 a manter-se. Acções da Portugal Telecom (PT), Cimpor, Mundial Confiança e Sonae atingem máximos. </p>
<p> - Paula Cordeiro, Lisboa Editorial, 351-1-3113125. </p>
<p>  (c) Reuters Limited 1997. </p></text>
<copyright>(c) Reuters Limited 1997</copyright>
<metadata>
<codes class="bip:countries:1.0">
<code code="zFLQRFoICK">
<editdetail action="confirmed" attribution="Reuters BIP Coding Group" date="1997-01-07"></editdetail></code>
<code code="hzUsGeAHnl">
<editdetail action="confirmed" attribution="Reuters BIP Coding Group" date="1997-01-07"></editdetail></code>
<code code="igAzmGhrxg">
<editdetail action="confirmed" attribution="Reuters BIP Coding Group" date="1997-01-07"></editdetail></code></codes>
<codes class="bip:topics:1.0">
<code code="dyoDUaQiAO">
<editdetail action="confirmed" attribution="Reuters BIP Coding Group" date="1997-01-07"></editdetail></code>
<code code="MbyyWFRvfn">
<editdetail action="confirmed" attribution="Reuters BIP Coding Group" date="1997-01-07"></editdetail></code></codes>
<dc element="dc.publisher" value="Reuters Holdings Plc"></dc>
<dc element="dc.datepublished" value="1997-01-07"></dc>
<dc element="dc.source" value="Reuters - Notícias em Português"></dc>
<dc element="dc.creator.location" value=""></dc>
<dc element="dc.creator.location.country.name" value=""></dc></metadata></newsitem>