<?xml version="1.0" encoding="UTF-8"?>

<newsitem date="1996-12-13" id="root" itemid="51249" xml:lang="pt">
<title></title>
<headline> ACÇÕES FECHAM RECUPERAR, PRÓXIMA SEMANA PODE SUBIR. </headline>
<byline></byline>
<dateline></dateline>
<text>
<p> As acções do Contínuo e os Futuros sobre o PSI20 fecharam a recuperar dos mínimos do dia, mas ainda em queda, como os mercados europeus, sendo de destacar os negócios com Portugal Telecom (PT) e Portucel Industrial (PI). </p>
<p> - Paula Cordeiro, Lisboa Editorial, 351-1-3150035. (c) Reuters Limited 1996. </p></text>
<copyright>(c) Reuters Limited 1996</copyright>
<metadata>
<codes class="bip:countries:1.0">
<code code="mrekXwcSjb">
<editdetail action="confirmed" attribution="Reuters BIP Coding Group" date="1996-12-13"></editdetail></code>
<code code="AIfqWkLUIN">
<editdetail action="confirmed" attribution="Reuters BIP Coding Group" date="1996-12-13"></editdetail></code>
<code code="VXBQFntxqN">
<editdetail action="confirmed" attribution="Reuters BIP Coding Group" date="1996-12-13"></editdetail></code></codes>
<codes class="bip:topics:1.0">
<code code="avVEqjwAak">
<editdetail action="confirmed" attribution="Reuters BIP Coding Group" date="1996-12-13"></editdetail></code>
<code code="YtZRkWVPWS">
<editdetail action="confirmed" attribution="Reuters BIP Coding Group" date="1996-12-13"></editdetail></code></codes>
<dc element="dc.publisher" value="Reuters Holdings Plc"></dc>
<dc element="dc.datepublished" value="1996-12-13"></dc>
<dc element="dc.source" value="Reuters - Notícias em Português"></dc>
<dc element="dc.creator.location" value=""></dc>
<dc element="dc.creator.location.country.name" value=""></dc></metadata></newsitem>