<?xml version="1.0" encoding="UTF-8"?>

<newsitem date="1996-10-01" id="root" itemid="49381" xml:lang="pt">
<title></title>
<headline> ÍNDICE PSI-20 CAI 0,15 PCT PARA 4.736,66 PONTOS. </headline>
<byline></byline>
<dateline></dateline>
<text>
<p> *Índice PSI-20 cai 0,15 pct para 4.736,66 pontos *PT sobe 10 escudos para 4.000. Negociadas 221.520 *Lisnave sobe 5 escudos para 405. Negociadas 11.400 *Sumolis sobe 57 escudos para 1.289, com 5.000 *BCP estável nos 1.875 escudos. Negociadas 3.100 *BPSM cai 1 escudos para 1.038. Negociadas 2.200 *BESCL sobe 2 escudos para 2.600. Negociadas 2.000. </p>
<p> - Paula Cordeiro, Lisboa Editorial, 351-1-3150035. (c) Reuters Limited 1996. </p></text>
<copyright>(c) Reuters Limited 1996</copyright>
<metadata>
<codes class="bip:countries:1.0">
<code code="VNpogcUWcH">
<editdetail action="confirmed" attribution="Reuters BIP Coding Group" date="1996-10-01"></editdetail></code>
<code code="CPRSJSbuAo">
<editdetail action="confirmed" attribution="Reuters BIP Coding Group" date="1996-10-01"></editdetail></code>
<code code="XTTjKAILuO">
<editdetail action="confirmed" attribution="Reuters BIP Coding Group" date="1996-10-01"></editdetail></code></codes>
<codes class="bip:topics:1.0">
<code code="ebdTeGZvdC">
<editdetail action="confirmed" attribution="Reuters BIP Coding Group" date="1996-10-01"></editdetail></code>
<code code="zvzghDdxwn">
<editdetail action="confirmed" attribution="Reuters BIP Coding Group" date="1996-10-01"></editdetail></code></codes>
<dc element="dc.publisher" value="Reuters Holdings Plc"></dc>
<dc element="dc.datepublished" value="1996-10-01"></dc>
<dc element="dc.source" value="Reuters - Notícias em Português"></dc>
<dc element="dc.creator.location" value=""></dc>
<dc element="dc.creator.location.country.name" value=""></dc></metadata></newsitem>