<?xml version="1.0" encoding="UTF-8"?>

<newsitem date="1997-05-20" id="root" itemid="54778" xml:lang="pt">
<title></title>
<headline> Futuro Lisbor Dez/97 abre a cair 0,03 para 94,85. </headline>
<byline></byline>
<dateline></dateline>
<text>
<p> LISBOA, 20 Mai (Reuter) - O vencimento de Dezembro de 1997 do futuro sobre a Lisbor a três meses abriu a cair 0,03 para 94,85, com 20 contratos. </p>
<p> (c) Reuters Limited 1997. </p></text>
<copyright>(c) Reuters Limited 1997</copyright>
<metadata>
<codes class="bip:countries:1.0">
<code code="CQlDAdBHgg">
<editdetail action="confirmed" attribution="Reuters BIP Coding Group" date="1997-05-20"></editdetail></code>
<code code="LGymVplXdh">
<editdetail action="confirmed" attribution="Reuters BIP Coding Group" date="1997-05-20"></editdetail></code>
<code code="xuzspyKkPK">
<editdetail action="confirmed" attribution="Reuters BIP Coding Group" date="1997-05-20"></editdetail></code></codes>
<codes class="bip:topics:1.0">
<code code="WNqMQZVvVA">
<editdetail action="confirmed" attribution="Reuters BIP Coding Group" date="1997-05-20"></editdetail></code>
<code code="bDDdwbTvka">
<editdetail action="confirmed" attribution="Reuters BIP Coding Group" date="1997-05-20"></editdetail></code>
<code code="SZuoCcnhAv">
<editdetail action="confirmed" attribution="Reuters BIP Coding Group" date="1997-05-20"></editdetail></code></codes>
<dc element="dc.publisher" value="Reuters Holdings Plc"></dc>
<dc element="dc.datepublished" value="1997-05-20"></dc>
<dc element="dc.source" value="Reuters - Notícias em Português"></dc>
<dc element="dc.creator.location" value=""></dc>
<dc element="dc.creator.location.country.name" value=""></dc></metadata></newsitem>