<?xml version="1.0" encoding="UTF-8"?>

<newsitem date="1996-10-30" id="root" itemid="50188" xml:lang="pt">
<title></title>
<headline> ÍNDICE PSI20 SOBE 11,14 PONTOS PARA 4.759,81. </headline>
<byline></byline>
<dateline></dateline>
<text>
<p> LISBOA, 30 Out (Reuter) - O índice PSI20 subiu 11,14 pontos para 4.759,81. </p>
<p> (c) Reuters Limited 1996. </p></text>
<copyright>(c) Reuters Limited 1996</copyright>
<metadata>
<codes class="bip:countries:1.0">
<code code="YHNHSxQpzN">
<editdetail action="confirmed" attribution="Reuters BIP Coding Group" date="1996-10-30"></editdetail></code>
<code code="DsGOeRredn">
<editdetail action="confirmed" attribution="Reuters BIP Coding Group" date="1996-10-30"></editdetail></code>
<code code="dghEKApiOX">
<editdetail action="confirmed" attribution="Reuters BIP Coding Group" date="1996-10-30"></editdetail></code></codes>
<codes class="bip:topics:1.0">
<code code="ZaVEOGfRbi">
<editdetail action="confirmed" attribution="Reuters BIP Coding Group" date="1996-10-30"></editdetail></code>
<code code="ycYgwikSXp">
<editdetail action="confirmed" attribution="Reuters BIP Coding Group" date="1996-10-30"></editdetail></code></codes>
<dc element="dc.publisher" value="Reuters Holdings Plc"></dc>
<dc element="dc.datepublished" value="1996-10-30"></dc>
<dc element="dc.source" value="Reuters - Notícias em Português"></dc>
<dc element="dc.creator.location" value=""></dc>
<dc element="dc.creator.location.country.name" value=""></dc></metadata></newsitem>