<?xml version="1.0" encoding="UTF-8"?>

<newsitem date="1997-04-07" id="root" itemid="53767" xml:lang="pt">
<title></title>
<headline> INE diz prevê divulgar 8 Abr à tarde IPC Março. </headline>
<byline></byline>
<dateline></dateline>
<text>
<p> LISBOA, 7 Abr (Reuter) - O Instituto Nacional de Estatística (INE) prevê divulgar amanhã, 8 de Abril, da parte da tarde, o Índice de Preços no Consumidor (IPC) referente a Março, disse fonte oficial da instituição. </p>
<p> - Lisboa Editorial, 351.1.3113121. </p>
<p> (c) Reuters Limited 1997. </p></text>
<copyright>(c) Reuters Limited 1997</copyright>
<metadata>
<codes class="bip:countries:1.0">
<code code="bFgeULAvhI">
<editdetail action="confirmed" attribution="Reuters BIP Coding Group" date="1997-04-07"></editdetail></code>
<code code="tyUJcALGDu">
<editdetail action="confirmed" attribution="Reuters BIP Coding Group" date="1997-04-07"></editdetail></code>
<code code="DIIAvHPypK">
<editdetail action="confirmed" attribution="Reuters BIP Coding Group" date="1997-04-07"></editdetail></code></codes>
<codes class="bip:topics:1.0">
<code code="nEgopfPfKb">
<editdetail action="confirmed" attribution="Reuters BIP Coding Group" date="1997-04-07"></editdetail></code>
<code code="MHykWjnVxY">
<editdetail action="confirmed" attribution="Reuters BIP Coding Group" date="1997-04-07"></editdetail></code>
<code code="KtkKxrcSFV">
<editdetail action="confirmed" attribution="Reuters BIP Coding Group" date="1997-04-07"></editdetail></code></codes>
<dc element="dc.publisher" value="Reuters Holdings Plc"></dc>
<dc element="dc.datepublished" value="1997-04-07"></dc>
<dc element="dc.source" value="Reuters - Notícias em Português"></dc>
<dc element="dc.creator.location" value=""></dc>
<dc element="dc.creator.location.country.name" value=""></dc></metadata></newsitem>