<?xml version="1.0" encoding="UTF-8"?>

<newsitem date="1997-07-25" id="root" itemid="56540" xml:lang="pt">
<title></title>
<headline> Índice PSI20 sobe 0,83 pct para 7.950,40 pontos. </headline>
<byline></byline>
<dateline></dateline>
<text>
<p> LISBOA, 25 Jul (Reuter) - O índice PSI20 subiu 0,83 pct ou 65,44 pontos para 7.950,40. </p>
<p> - Lisboa Editorial, 351.1.3113121. </p>
<p> (c) Reuters Limited 1997. </p></text>
<copyright>(c) Reuters Limited 1997</copyright>
<metadata>
<codes class="bip:countries:1.0">
<code code="PWeFTdSmaq">
<editdetail action="confirmed" attribution="Reuters BIP Coding Group" date="1997-07-25"></editdetail></code>
<code code="RArglwJeEk">
<editdetail action="confirmed" attribution="Reuters BIP Coding Group" date="1997-07-25"></editdetail></code>
<code code="EcYWlMsmKz">
<editdetail action="confirmed" attribution="Reuters BIP Coding Group" date="1997-07-25"></editdetail></code></codes>
<codes class="bip:topics:1.0">
<code code="uISvEleoCZ">
<editdetail action="confirmed" attribution="Reuters BIP Coding Group" date="1997-07-25"></editdetail></code>
<code code="xQrkcUxvbC">
<editdetail action="confirmed" attribution="Reuters BIP Coding Group" date="1997-07-25"></editdetail></code></codes>
<dc element="dc.publisher" value="Reuters Holdings Plc"></dc>
<dc element="dc.datepublished" value="1997-07-25"></dc>
<dc element="dc.source" value="Reuters - Notícias em Português"></dc>
<dc element="dc.creator.location" value=""></dc>
<dc element="dc.creator.location.country.name" value=""></dc></metadata></newsitem>