<?xml version="1.0" encoding="UTF-8"?>

<newsitem date="1996-10-28" id="root" itemid="50114" xml:lang="pt">
<title></title>
<headline> ÍNDICE PSI20 SOBE 6,01 PONTOS PARA 4.770,09. </headline>
<byline></byline>
<dateline></dateline>
<text>
<p> LISBOA, 28 Out (Reuter) - O índice PSI20 subiu 6,01 pontos para 4.770,09. </p>
<p> (c) Reuters Limited 1996. </p></text>
<copyright>(c) Reuters Limited 1996</copyright>
<metadata>
<codes class="bip:countries:1.0">
<code code="jTydwdFQgo">
<editdetail action="confirmed" attribution="Reuters BIP Coding Group" date="1996-10-28"></editdetail></code>
<code code="JQpJSBsUPL">
<editdetail action="confirmed" attribution="Reuters BIP Coding Group" date="1996-10-28"></editdetail></code>
<code code="rIGblPLYwc">
<editdetail action="confirmed" attribution="Reuters BIP Coding Group" date="1996-10-28"></editdetail></code></codes>
<codes class="bip:topics:1.0">
<code code="XnhGuxCAfx">
<editdetail action="confirmed" attribution="Reuters BIP Coding Group" date="1996-10-28"></editdetail></code>
<code code="SrHZcEseDP">
<editdetail action="confirmed" attribution="Reuters BIP Coding Group" date="1996-10-28"></editdetail></code></codes>
<dc element="dc.publisher" value="Reuters Holdings Plc"></dc>
<dc element="dc.datepublished" value="1996-10-28"></dc>
<dc element="dc.source" value="Reuters - Notícias em Português"></dc>
<dc element="dc.creator.location" value=""></dc>
<dc element="dc.creator.location.country.name" value=""></dc></metadata></newsitem>