<?xml version="1.0" encoding="UTF-8"?>

<newsitem date="1997-04-04" id="root" itemid="53722" xml:lang="pt">
<title></title>
<headline> Escudo apático vs marco à espera desemprego EUA. </headline>
<byline></byline>
<dateline></dateline>
<text>
<p> O escudo manteve-se estabilizado ao longo da manhã contra o marco, centrado nos 100,50. Dealers dizem que o mercado, à semelhança do que está a acontecer no exterior, está parado, apástico e com falta de interesses a aguardar pelos números do desemprego nos Estados Unidos. </p>
<p>     ----Lisboa Editorial, 351.1.3113121. </p>
<p> (c) Reuters Limited 1997. </p></text>
<copyright>(c) Reuters Limited 1997</copyright>
<metadata>
<codes class="bip:countries:1.0">
<code code="qohndmYBsm">
<editdetail action="confirmed" attribution="Reuters BIP Coding Group" date="1997-04-04"></editdetail></code>
<code code="JnNtzOdDSt">
<editdetail action="confirmed" attribution="Reuters BIP Coding Group" date="1997-04-04"></editdetail></code>
<code code="iUQNtcpKmM">
<editdetail action="confirmed" attribution="Reuters BIP Coding Group" date="1997-04-04"></editdetail></code></codes>
<codes class="bip:topics:1.0">
<code code="qhLOeJMegz">
<editdetail action="confirmed" attribution="Reuters BIP Coding Group" date="1997-04-04"></editdetail></code>
<code code="dvYdfhbMju">
<editdetail action="confirmed" attribution="Reuters BIP Coding Group" date="1997-04-04"></editdetail></code>
<code code="JNVXtKuTvI">
<editdetail action="confirmed" attribution="Reuters BIP Coding Group" date="1997-04-04"></editdetail></code></codes>
<dc element="dc.publisher" value="Reuters Holdings Plc"></dc>
<dc element="dc.datepublished" value="1997-04-04"></dc>
<dc element="dc.source" value="Reuters - Notícias em Português"></dc>
<dc element="dc.creator.location" value=""></dc>
<dc element="dc.creator.location.country.name" value=""></dc></metadata></newsitem>