<?xml version="1.0" encoding="UTF-8"?>

<newsitem date="1996-09-18" id="root" itemid="49019" xml:lang="pt">
<title></title>
<headline> FUTURO OT10 DEZ96 ABRE 98,24 VERSUS 98,29 ANTERIOR[PT] </headline>
<byline></byline>
<dateline></dateline>
<text>
<p> *Futuro OT10 Dez96 cai 0,05 pontos para 98,24 *Futuro Bono Dez/96 103,70 vs 103,84 fecho anterior *Bonos/Fev/05 com yield de 8,34 pct vs 8,33 pct fecho ontem *Tesouro coloca 18,5 MC BT A 364 dias, TMP 6,9762 pct vs 7,0539 </p>
<p> - Sérgio Gonçalves, Lisboa Editorial, 351-1-3150035 (c) Reuters Limited 1996. </p></text>
<copyright>(c) Reuters Limited 1996</copyright>
<metadata>
<codes class="bip:countries:1.0">
<code code="QCyuLTJlsL">
<editdetail action="confirmed" attribution="Reuters BIP Coding Group" date="1996-09-18"></editdetail></code>
<code code="DkSzhLIntx">
<editdetail action="confirmed" attribution="Reuters BIP Coding Group" date="1996-09-18"></editdetail></code>
<code code="VnfyXGwthZ">
<editdetail action="confirmed" attribution="Reuters BIP Coding Group" date="1996-09-18"></editdetail></code></codes>
<codes class="bip:topics:1.0">
<code code="xfjVRzZmrF">
<editdetail action="confirmed" attribution="Reuters BIP Coding Group" date="1996-09-18"></editdetail></code>
<code code="WXbHRZDpwb">
<editdetail action="confirmed" attribution="Reuters BIP Coding Group" date="1996-09-18"></editdetail></code></codes>
<dc element="dc.publisher" value="Reuters Holdings Plc"></dc>
<dc element="dc.datepublished" value="1996-09-18"></dc>
<dc element="dc.source" value="Reuters - Notícias em Português"></dc>
<dc element="dc.creator.location" value=""></dc>
<dc element="dc.creator.location.country.name" value=""></dc></metadata></newsitem>