<?xml version="1.0" encoding="UTF-8"?>

<newsitem date="1997-04-21" id="root" itemid="54090" xml:lang="pt">
<title></title>
<headline> Acções seguem cair e devem continuar negativas. </headline>
<byline></byline>
<dateline></dateline>
<text>
<p> As acções do Contínuo seguiam em queda e deverá manter este sentimento negativo até final da sessão. A Inapa, o título mais transaccionado, e a Portucel estão estáveis e o Totta a cair e a descontar a totalidade do dividendo líquido que vai pagar a 24 de Abril. A subida da Colep e a queda do BCP está a ser associada à apresentação dos resultados do primeiro trimestre, respectivamente, hoje a amanhã. </p>
<p> - Lisboa Editorial, 351-1-3113125. </p>
<p> (c) Reuters Limited 1997. </p></text>
<copyright>(c) Reuters Limited 1997</copyright>
<metadata>
<codes class="bip:countries:1.0">
<code code="poIoSVNRji">
<editdetail action="confirmed" attribution="Reuters BIP Coding Group" date="1997-04-21"></editdetail></code>
<code code="gefmXXeLie">
<editdetail action="confirmed" attribution="Reuters BIP Coding Group" date="1997-04-21"></editdetail></code>
<code code="hUkHsHHJWA">
<editdetail action="confirmed" attribution="Reuters BIP Coding Group" date="1997-04-21"></editdetail></code></codes>
<codes class="bip:topics:1.0">
<code code="RPfOqAhPMb">
<editdetail action="confirmed" attribution="Reuters BIP Coding Group" date="1997-04-21"></editdetail></code>
<code code="lnsQXuBeMW">
<editdetail action="confirmed" attribution="Reuters BIP Coding Group" date="1997-04-21"></editdetail></code></codes>
<dc element="dc.publisher" value="Reuters Holdings Plc"></dc>
<dc element="dc.datepublished" value="1997-04-21"></dc>
<dc element="dc.source" value="Reuters - Notícias em Português"></dc>
<dc element="dc.creator.location" value=""></dc>
<dc element="dc.creator.location.country.name" value=""></dc></metadata></newsitem>