<?xml version="1.0" encoding="UTF-8"?>

<newsitem date="1997-06-23" id="root" itemid="55604" xml:lang="pt">
<title></title>
<headline> Acções prevêem-se em queda com ambiente externo. </headline>
<byline></byline>
<dateline></dateline>
<text>
<p> As acções do Contínuo, os Futuros sobre o PSI20 e a PT deverão abrir em queda, acompanhando o momento menos positivo dos mercados europeus, excluindo Espanha, sendo possível que a PT e a EDP ajustem aos valores de fecho de Nova Iorque na sexta-feira. As acções da EDP deverão voltar a destacar-se em termos de liquidez, mas podem quebrar os 3.300 escudos no sentido da baixa. </p>
<p> - Paula Cordeiro, Lisboa Editorial, 351-1-3113125. </p>
<p> (c) Reuters Limited 1997. </p></text>
<copyright>(c) Reuters Limited 1997</copyright>
<metadata>
<codes class="bip:countries:1.0">
<code code="fWmxsdPxMa">
<editdetail action="confirmed" attribution="Reuters BIP Coding Group" date="1997-06-23"></editdetail></code>
<code code="pKEaKWuuaX">
<editdetail action="confirmed" attribution="Reuters BIP Coding Group" date="1997-06-23"></editdetail></code>
<code code="ddqdLXpWQv">
<editdetail action="confirmed" attribution="Reuters BIP Coding Group" date="1997-06-23"></editdetail></code></codes>
<codes class="bip:topics:1.0">
<code code="LYPpExNCIP">
<editdetail action="confirmed" attribution="Reuters BIP Coding Group" date="1997-06-23"></editdetail></code>
<code code="SEYlNWcvGb">
<editdetail action="confirmed" attribution="Reuters BIP Coding Group" date="1997-06-23"></editdetail></code></codes>
<dc element="dc.publisher" value="Reuters Holdings Plc"></dc>
<dc element="dc.datepublished" value="1997-06-23"></dc>
<dc element="dc.source" value="Reuters - Notícias em Português"></dc>
<dc element="dc.creator.location" value=""></dc>
<dc element="dc.creator.location.country.name" value=""></dc></metadata></newsitem>