<?xml version="1.0" encoding="UTF-8"?>

<newsitem date="1996-12-31" id="root" itemid="51508" xml:lang="pt">
<title></title>
<headline> ÚLTIMA SESSÃO 96 PREVÊ-SE COM PUXADA PREÇOS ACÇÕES. </headline>
<byline></byline>
<dateline></dateline>
<text>
<p> As acções do Contínuo deverão voltar a registar nesta última sessão de 1996 alguns registos e possivelmente mais umas puxadas de cotações. Fecho do ano para os fundos de pensões e bancos. Portugal Telecom (PT) pode subir para um novo máximo nos 4.500 escudos e Sonae Investimentos nos 5.000 escudos, afirmaram dealers. *BVL levanta suspensão negociação pref. S.Costa </p>
<p> - Paula Cordeiro, Lisboa Editorial, 351-1-3150035. (c) Reuters Limited 1996. </p></text>
<copyright>(c) Reuters Limited 1996</copyright>
<metadata>
<codes class="bip:countries:1.0">
<code code="AaVKFVURFe">
<editdetail action="confirmed" attribution="Reuters BIP Coding Group" date="1996-12-31"></editdetail></code>
<code code="wpPHWDFoRL">
<editdetail action="confirmed" attribution="Reuters BIP Coding Group" date="1996-12-31"></editdetail></code>
<code code="MkRtzwdoMn">
<editdetail action="confirmed" attribution="Reuters BIP Coding Group" date="1996-12-31"></editdetail></code></codes>
<codes class="bip:topics:1.0">
<code code="xuznZoWEtj">
<editdetail action="confirmed" attribution="Reuters BIP Coding Group" date="1996-12-31"></editdetail></code>
<code code="PXXBXyOUIU">
<editdetail action="confirmed" attribution="Reuters BIP Coding Group" date="1996-12-31"></editdetail></code></codes>
<dc element="dc.publisher" value="Reuters Holdings Plc"></dc>
<dc element="dc.datepublished" value="1996-12-31"></dc>
<dc element="dc.source" value="Reuters - Notícias em Português"></dc>
<dc element="dc.creator.location" value=""></dc>
<dc element="dc.creator.location.country.name" value=""></dc></metadata></newsitem>