<?xml version="1.0" encoding="UTF-8"?>

<newsitem date="1997-05-21" id="root" itemid="54818" xml:lang="pt">
<title></title>
<headline> BP diz cedência 5 dias sem procura - (BPDF). </headline>
<byline></byline>
<dateline></dateline>
<text>
<p> LISBOA, 21 Mai (Reuter) - O Banco de Portugal (BP) disse que não houve procura para a cedência de fundos contra a recompra de bilhetes do Tesouro, Títulos de Depósito e obrigações do Tesouro taxa fixa (BT/TD/OT) a cinco dias em regime de leilão de taxa. </p>
<p> - Lisboa Editorial, 351.1.315-00-35. </p>
<p> (c) Reuters Limited 1997. </p></text>
<copyright>(c) Reuters Limited 1997</copyright>
<metadata>
<codes class="bip:countries:1.0">
<code code="lfMKahdExC">
<editdetail action="confirmed" attribution="Reuters BIP Coding Group" date="1997-05-21"></editdetail></code>
<code code="OHYbmkeaFp">
<editdetail action="confirmed" attribution="Reuters BIP Coding Group" date="1997-05-21"></editdetail></code>
<code code="KCCHhnxmfi">
<editdetail action="confirmed" attribution="Reuters BIP Coding Group" date="1997-05-21"></editdetail></code></codes>
<codes class="bip:topics:1.0">
<code code="TMrxjoJrTj">
<editdetail action="confirmed" attribution="Reuters BIP Coding Group" date="1997-05-21"></editdetail></code>
<code code="lDvUkJLHdv">
<editdetail action="confirmed" attribution="Reuters BIP Coding Group" date="1997-05-21"></editdetail></code>
<code code="GnepSUciIY">
<editdetail action="confirmed" attribution="Reuters BIP Coding Group" date="1997-05-21"></editdetail></code></codes>
<dc element="dc.publisher" value="Reuters Holdings Plc"></dc>
<dc element="dc.datepublished" value="1997-05-21"></dc>
<dc element="dc.source" value="Reuters - Notícias em Português"></dc>
<dc element="dc.creator.location" value=""></dc>
<dc element="dc.creator.location.country.name" value=""></dc></metadata></newsitem>