<?xml version="1.0" encoding="UTF-8"?>

<newsitem date="1997-01-07" id="root" itemid="51631" xml:lang="pt">
<title></title>
<headline> ESCUDO FECHA FORTALECER-SE VS MARCO, BOLSA AJUDA. </headline>
<byline></byline>
<dateline></dateline>
<text>
<p> O escudo fechou a fortalecer-se contra o marco, numa sessão marcada por alguma hesitação no início, mas que depois voltou a ser marcada por interesse comprador de escudos, que deverá manter-se amanhã, até porque a forte movimentação em Bolsa continua a suportar a subida da moeda portuguesa. </p>
<p> (c) Reuters Limited 1997. </p></text>
<copyright>(c) Reuters Limited 1997</copyright>
<metadata>
<codes class="bip:countries:1.0">
<code code="VogTVDgYEM">
<editdetail action="confirmed" attribution="Reuters BIP Coding Group" date="1997-01-07"></editdetail></code>
<code code="XJqkXNhjPn">
<editdetail action="confirmed" attribution="Reuters BIP Coding Group" date="1997-01-07"></editdetail></code>
<code code="GqftTVDfRB">
<editdetail action="confirmed" attribution="Reuters BIP Coding Group" date="1997-01-07"></editdetail></code></codes>
<codes class="bip:topics:1.0">
<code code="PZyjlXIxmW">
<editdetail action="confirmed" attribution="Reuters BIP Coding Group" date="1997-01-07"></editdetail></code>
<code code="dfTwtBhZPG">
<editdetail action="confirmed" attribution="Reuters BIP Coding Group" date="1997-01-07"></editdetail></code>
<code code="yilklsjVFX">
<editdetail action="confirmed" attribution="Reuters BIP Coding Group" date="1997-01-07"></editdetail></code></codes>
<dc element="dc.publisher" value="Reuters Holdings Plc"></dc>
<dc element="dc.datepublished" value="1997-01-07"></dc>
<dc element="dc.source" value="Reuters - Notícias em Português"></dc>
<dc element="dc.creator.location" value=""></dc>
<dc element="dc.creator.location.country.name" value=""></dc></metadata></newsitem>