<?xml version="1.0" encoding="UTF-8"?>

<newsitem date="1997-01-07" id="root" itemid="51620" xml:lang="pt">
<title></title>
<headline> ESCUDO ESTÁVEL MANHÃ VS MARCO, APÓS DESLIZE INICIAL. </headline>
<byline></byline>
<dateline></dateline>
<text>
<p> O escudo manteve-se estabilizado à volta dos 100,35 por marco, depois de uma abertura em queda ligeira, a reflectir a subida do marco nos crosses. Dealers dizem que o escudo deverá oscilar ao longo da sessão entre 100,30 e 100,40 por marco. </p>
<p>     ----Lisboa Editorial, 351.1.3113121. </p>
<p> (c) Reuters Limited 1997. </p></text>
<copyright>(c) Reuters Limited 1997</copyright>
<metadata>
<codes class="bip:countries:1.0">
<code code="yBjJeOdaLr">
<editdetail action="confirmed" attribution="Reuters BIP Coding Group" date="1997-01-07"></editdetail></code>
<code code="pCjUOkiWVM">
<editdetail action="confirmed" attribution="Reuters BIP Coding Group" date="1997-01-07"></editdetail></code>
<code code="dFJFprAcrH">
<editdetail action="confirmed" attribution="Reuters BIP Coding Group" date="1997-01-07"></editdetail></code></codes>
<codes class="bip:topics:1.0">
<code code="NghAFFXCCn">
<editdetail action="confirmed" attribution="Reuters BIP Coding Group" date="1997-01-07"></editdetail></code>
<code code="zdqCnVIRvW">
<editdetail action="confirmed" attribution="Reuters BIP Coding Group" date="1997-01-07"></editdetail></code>
<code code="bEHdrYjtUr">
<editdetail action="confirmed" attribution="Reuters BIP Coding Group" date="1997-01-07"></editdetail></code></codes>
<dc element="dc.publisher" value="Reuters Holdings Plc"></dc>
<dc element="dc.datepublished" value="1997-01-07"></dc>
<dc element="dc.source" value="Reuters - Notícias em Português"></dc>
<dc element="dc.creator.location" value=""></dc>
<dc element="dc.creator.location.country.name" value=""></dc></metadata></newsitem>