<?xml version="1.0" encoding="UTF-8"?>

<newsitem date="1997-03-13" id="root" itemid="53277" xml:lang="pt">
<title></title>
<headline> INE deve publicar amanhã IPC Fevereiro. </headline>
<byline></byline>
<dateline></dateline>
<text>
<p> LISBOA, 13 Mar (Reuter) - O Instituto Nacional de Estatística (INE) deverá publicar amanhã o Índice de Preços no Consumidor (IPC) relativo a Fevereiro de 1997, disse uma fonte oficial do INE. </p>
<p> - Lisboa Editorial, 351.1.311.31.26. </p>
<p> (c) Reuters Limited 1997. </p></text>
<copyright>(c) Reuters Limited 1997</copyright>
<metadata>
<codes class="bip:countries:1.0">
<code code="dSXUoLvozK">
<editdetail action="confirmed" attribution="Reuters BIP Coding Group" date="1997-03-13"></editdetail></code>
<code code="TaWGbgtDnC">
<editdetail action="confirmed" attribution="Reuters BIP Coding Group" date="1997-03-13"></editdetail></code>
<code code="tsaeUxxvsO">
<editdetail action="confirmed" attribution="Reuters BIP Coding Group" date="1997-03-13"></editdetail></code></codes>
<codes class="bip:topics:1.0">
<code code="lFOHfEeiuM">
<editdetail action="confirmed" attribution="Reuters BIP Coding Group" date="1997-03-13"></editdetail></code>
<code code="NnnEKQRyTu">
<editdetail action="confirmed" attribution="Reuters BIP Coding Group" date="1997-03-13"></editdetail></code>
<code code="YJspwkJToA">
<editdetail action="confirmed" attribution="Reuters BIP Coding Group" date="1997-03-13"></editdetail></code></codes>
<dc element="dc.publisher" value="Reuters Holdings Plc"></dc>
<dc element="dc.datepublished" value="1997-03-13"></dc>
<dc element="dc.source" value="Reuters - Notícias em Português"></dc>
<dc element="dc.creator.location" value=""></dc>
<dc element="dc.creator.location.country.name" value=""></dc></metadata></newsitem>