<?xml version="1.0" encoding="UTF-8"?>

<newsitem date="1996-09-05" id="root" itemid="48691" xml:lang="pt">
<title></title>
<headline> ÍNDICE PSI20 SOBE 27,81 PONTOS PARA 4.783,02. </headline>
<byline></byline>
<dateline></dateline>
<text>
<p> LISBOA, 5 Set (Reuter) - O índice PSI20 subiu 27,81 pontos para 4.783,02. </p>
<p> (c) Reuters Limited 1996. </p></text>
<copyright>(c) Reuters Limited 1996</copyright>
<metadata>
<codes class="bip:countries:1.0">
<code code="KEZUVdUDZJ">
<editdetail action="confirmed" attribution="Reuters BIP Coding Group" date="1996-09-05"></editdetail></code>
<code code="qcPXagzxrj">
<editdetail action="confirmed" attribution="Reuters BIP Coding Group" date="1996-09-05"></editdetail></code>
<code code="dxzrFurIdd">
<editdetail action="confirmed" attribution="Reuters BIP Coding Group" date="1996-09-05"></editdetail></code></codes>
<codes class="bip:topics:1.0">
<code code="nirjqaTQhI">
<editdetail action="confirmed" attribution="Reuters BIP Coding Group" date="1996-09-05"></editdetail></code>
<code code="yBrwqsyPXf">
<editdetail action="confirmed" attribution="Reuters BIP Coding Group" date="1996-09-05"></editdetail></code></codes>
<dc element="dc.publisher" value="Reuters Holdings Plc"></dc>
<dc element="dc.datepublished" value="1996-09-05"></dc>
<dc element="dc.source" value="Reuters - Notícias em Português"></dc>
<dc element="dc.creator.location" value=""></dc>
<dc element="dc.creator.location.country.name" value=""></dc></metadata></newsitem>