<?xml version="1.0" encoding="UTF-8"?>

<newsitem date="1996-10-24" id="root" itemid="50028" xml:lang="pt">
<title></title>
<headline> SÉRGIO FIGUEIREDO É NOVO DIRECTOR DIÁRIO ECONÓMICO. </headline>
<byline></byline>
<dateline></dateline>
<text>
<p> LISBOA, 24 Out (Reuter) - Sérgio Figueiredo irá assumir, a partir da próxima segunda-feira, o cargo de director do Diário Económico (DE), disse uma fonte da redacção deste jornal. </p>
<p> Sérgio Figueiredo substitui Nicolau Santos, nomeado director do jornal Público. </p>
<p> Sérgio Figueiredo desempenha actualmente as funcões de director-adjunto do DE. </p>
<p> - Lisboa Editorial, 351-1-3150035. </p>
<p> (c) Reuters Limited 1996. </p></text>
<copyright>(c) Reuters Limited 1996</copyright>
<metadata>
<codes class="bip:countries:1.0">
<code code="EobuLTSruz">
<editdetail action="confirmed" attribution="Reuters BIP Coding Group" date="1996-10-24"></editdetail></code>
<code code="GUmXosIYdT">
<editdetail action="confirmed" attribution="Reuters BIP Coding Group" date="1996-10-24"></editdetail></code>
<code code="ikbrMydNxi">
<editdetail action="confirmed" attribution="Reuters BIP Coding Group" date="1996-10-24"></editdetail></code></codes>
<codes class="bip:topics:1.0">
<code code="gipTeKZOWy">
<editdetail action="confirmed" attribution="Reuters BIP Coding Group" date="1996-10-24"></editdetail></code>
<code code="VeMmNSZuCP">
<editdetail action="confirmed" attribution="Reuters BIP Coding Group" date="1996-10-24"></editdetail></code></codes>
<dc element="dc.publisher" value="Reuters Holdings Plc"></dc>
<dc element="dc.datepublished" value="1996-10-24"></dc>
<dc element="dc.source" value="Reuters - Notícias em Português"></dc>
<dc element="dc.creator.location" value=""></dc>
<dc element="dc.creator.location.country.name" value=""></dc></metadata></newsitem>