<?xml version="1.0" encoding="UTF-8"?>

<newsitem date="1997-05-02" id="root" itemid="54385" xml:lang="pt">
<title></title>
<headline> Escudo calmo e estável vs marco meia sessão. </headline>
<byline></byline>
<dateline></dateline>
<text>
<p> O escudo manteve-se calmo, estável e apático ao longo da manhã contra o marco, numa sessão que está a ser marcada pela falta de interesses, perante a ausência de Espanha e a estabilidade demonstrada pelas outras moedas. </p>
<p>     ----Lisboa Editorial, 351.1.3113121. </p>
<p> (c) Reuters Limited 1997. </p></text>
<copyright>(c) Reuters Limited 1997</copyright>
<metadata>
<codes class="bip:countries:1.0">
<code code="wfbUDcCLYp">
<editdetail action="confirmed" attribution="Reuters BIP Coding Group" date="1997-05-02"></editdetail></code>
<code code="MvzqgoEHBY">
<editdetail action="confirmed" attribution="Reuters BIP Coding Group" date="1997-05-02"></editdetail></code>
<code code="TKTduZheuD">
<editdetail action="confirmed" attribution="Reuters BIP Coding Group" date="1997-05-02"></editdetail></code></codes>
<codes class="bip:topics:1.0">
<code code="zjMphoVlpz">
<editdetail action="confirmed" attribution="Reuters BIP Coding Group" date="1997-05-02"></editdetail></code>
<code code="QgoygspsDy">
<editdetail action="confirmed" attribution="Reuters BIP Coding Group" date="1997-05-02"></editdetail></code>
<code code="KEoWmRAqqU">
<editdetail action="confirmed" attribution="Reuters BIP Coding Group" date="1997-05-02"></editdetail></code></codes>
<dc element="dc.publisher" value="Reuters Holdings Plc"></dc>
<dc element="dc.datepublished" value="1997-05-02"></dc>
<dc element="dc.source" value="Reuters - Notícias em Português"></dc>
<dc element="dc.creator.location" value=""></dc>
<dc element="dc.creator.location.country.name" value=""></dc></metadata></newsitem>