<?xml version="1.0" encoding="UTF-8"?>

<newsitem date="1997-05-15" id="root" itemid="54696" xml:lang="pt">
<title></title>
<headline> Índice PSI20 sobe 0,23 pct para 6.754,32 pontos. </headline>
<byline></byline>
<dateline></dateline>
<text>
<p> LISBOA, 15 Mai (Reuter) - O índice PSI20 subiu 15,27 pontos ou 0,23 pct para 6.754,32 pontos. </p>
<p> (c) Reuters Limited 1997. </p></text>
<copyright>(c) Reuters Limited 1997</copyright>
<metadata>
<codes class="bip:countries:1.0">
<code code="YUoNyJOqcL">
<editdetail action="confirmed" attribution="Reuters BIP Coding Group" date="1997-05-15"></editdetail></code>
<code code="pgRbYavRqr">
<editdetail action="confirmed" attribution="Reuters BIP Coding Group" date="1997-05-15"></editdetail></code>
<code code="RFUMYpzOsQ">
<editdetail action="confirmed" attribution="Reuters BIP Coding Group" date="1997-05-15"></editdetail></code></codes>
<codes class="bip:topics:1.0">
<code code="SkyHBJnMGs">
<editdetail action="confirmed" attribution="Reuters BIP Coding Group" date="1997-05-15"></editdetail></code>
<code code="UpealjsgxW">
<editdetail action="confirmed" attribution="Reuters BIP Coding Group" date="1997-05-15"></editdetail></code></codes>
<dc element="dc.publisher" value="Reuters Holdings Plc"></dc>
<dc element="dc.datepublished" value="1997-05-15"></dc>
<dc element="dc.source" value="Reuters - Notícias em Português"></dc>
<dc element="dc.creator.location" value=""></dc>
<dc element="dc.creator.location.country.name" value=""></dc></metadata></newsitem>