<?xml version="1.0" encoding="UTF-8"?>

<newsitem date="1997-04-11" id="root" itemid="53886" xml:lang="pt">
<title></title>
<headline> Acções paradas apesar corte txs BP, aguardam EUA. </headline>
<byline></byline>
<dateline></dateline>
<text>
<p> As acções do Contínuo e os Futuros sobre o PSI20 estão completamente paradas, apesar do corte de taxas do Banco de Portugal, porque as preocupações viraram-se para a abertura de Nova Iorque e o que irá acontecer com a divulgação de alguns indicadores económicos nos EUA menos favoráveis. Os principais mercados europeus estão em queda. - Paula Cordeiro, Lisboa Editorial, 351-1-3113125. </p>
<p> (c) Reuters Limited 1997. </p></text>
<copyright>(c) Reuters Limited 1997</copyright>
<metadata>
<codes class="bip:countries:1.0">
<code code="yhyeHWQMJZ">
<editdetail action="confirmed" attribution="Reuters BIP Coding Group" date="1997-04-11"></editdetail></code>
<code code="OGCioUTDLJ">
<editdetail action="confirmed" attribution="Reuters BIP Coding Group" date="1997-04-11"></editdetail></code>
<code code="YqrKovsjiO">
<editdetail action="confirmed" attribution="Reuters BIP Coding Group" date="1997-04-11"></editdetail></code></codes>
<codes class="bip:topics:1.0">
<code code="xBJblzAUZZ">
<editdetail action="confirmed" attribution="Reuters BIP Coding Group" date="1997-04-11"></editdetail></code>
<code code="yfmcRxjUJC">
<editdetail action="confirmed" attribution="Reuters BIP Coding Group" date="1997-04-11"></editdetail></code></codes>
<dc element="dc.publisher" value="Reuters Holdings Plc"></dc>
<dc element="dc.datepublished" value="1997-04-11"></dc>
<dc element="dc.source" value="Reuters - Notícias em Português"></dc>
<dc element="dc.creator.location" value=""></dc>
<dc element="dc.creator.location.country.name" value=""></dc></metadata></newsitem>