<?xml version="1.0" encoding="UTF-8"?>

<newsitem date="1997-07-04" id="root" itemid="55956" xml:lang="pt">
<title></title>
<headline> Índice PSI20 sobe 0,51 pct para 7.766,68 pontos. </headline>
<byline></byline>
<dateline></dateline>
<text>
<p> LISBOA, 4 Jul (Reuter) - O índice PSI20 subiu 39,24 pontos ou 0,51 pct para 7.766,68 pontos. </p>
<p> (c) Reuters Limited 1997. </p></text>
<copyright>(c) Reuters Limited 1997</copyright>
<metadata>
<codes class="bip:countries:1.0">
<code code="mjcPVKTPaR">
<editdetail action="confirmed" attribution="Reuters BIP Coding Group" date="1997-07-04"></editdetail></code>
<code code="DiGXVqiHyb">
<editdetail action="confirmed" attribution="Reuters BIP Coding Group" date="1997-07-04"></editdetail></code>
<code code="WkNwAjxCKh">
<editdetail action="confirmed" attribution="Reuters BIP Coding Group" date="1997-07-04"></editdetail></code></codes>
<codes class="bip:topics:1.0">
<code code="MWRhVaVjtZ">
<editdetail action="confirmed" attribution="Reuters BIP Coding Group" date="1997-07-04"></editdetail></code>
<code code="aVzmXTbSwD">
<editdetail action="confirmed" attribution="Reuters BIP Coding Group" date="1997-07-04"></editdetail></code></codes>
<dc element="dc.publisher" value="Reuters Holdings Plc"></dc>
<dc element="dc.datepublished" value="1997-07-04"></dc>
<dc element="dc.source" value="Reuters - Notícias em Português"></dc>
<dc element="dc.creator.location" value=""></dc>
<dc element="dc.creator.location.country.name" value=""></dc></metadata></newsitem>