<?xml version="1.0" encoding="UTF-8"?>

<newsitem date="1997-01-17" id="root" itemid="51862" xml:lang="pt">
<title></title>
<headline> MONETÁRIO ABRE LÍQUIDO, ESPERA CORTE BP. </headline>
<byline></byline>
<dateline></dateline>
<text>
<p> O mercado monetário do escudo abriu calmo, com liquidez em final de período e a descontar um corte de taxas do Banco de Portugal, nomeadamente com o tom/next, com data-valor do próximo período, a fazer-se quase 20 basis points abaixo da taxa de cedência de 6,50 pct do Banco de Portugal. </p>
<p> (c) Reuters Limited 1997. </p></text>
<copyright>(c) Reuters Limited 1997</copyright>
<metadata>
<codes class="bip:countries:1.0">
<code code="OkuIvyRdzK">
<editdetail action="confirmed" attribution="Reuters BIP Coding Group" date="1997-01-17"></editdetail></code>
<code code="JIPKJERpDM">
<editdetail action="confirmed" attribution="Reuters BIP Coding Group" date="1997-01-17"></editdetail></code>
<code code="SftwXcOENh">
<editdetail action="confirmed" attribution="Reuters BIP Coding Group" date="1997-01-17"></editdetail></code></codes>
<codes class="bip:topics:1.0">
<code code="asNdBdIABt">
<editdetail action="confirmed" attribution="Reuters BIP Coding Group" date="1997-01-17"></editdetail></code>
<code code="SbwRNlTyeJ">
<editdetail action="confirmed" attribution="Reuters BIP Coding Group" date="1997-01-17"></editdetail></code></codes>
<dc element="dc.publisher" value="Reuters Holdings Plc"></dc>
<dc element="dc.datepublished" value="1997-01-17"></dc>
<dc element="dc.source" value="Reuters - Notícias em Português"></dc>
<dc element="dc.creator.location" value=""></dc>
<dc element="dc.creator.location.country.name" value=""></dc></metadata></newsitem>