<?xml version="1.0" encoding="UTF-8"?>

<newsitem date="1997-05-09" id="root" itemid="54545" xml:lang="pt">
<title></title>
<headline> Acções seguem em alta ligeira, não reagem corte BP. </headline>
<byline></byline>
<dateline></dateline>
<text>
<p> As acções do Contínuo e os Futuros sobre PSI20 seguiam em alta ligeira, mas sem reagirem ao corte das taxas do Banco de Portugal (BP), aguardando a abertura de Nova Iorque, para se intensificarem ou não as compras. Destaque para as transacções da Cimpor e do BFE, esta relacionada com compras do BPI-SGPS. </p>
<p> - Paula Cordeiro, Lisboa Editorial, 351-1-3113125. </p>
<p> (c) Reuters Limited 1997. </p></text>
<copyright>(c) Reuters Limited 1997</copyright>
<metadata>
<codes class="bip:countries:1.0">
<code code="aEeCQqvjEq">
<editdetail action="confirmed" attribution="Reuters BIP Coding Group" date="1997-05-09"></editdetail></code>
<code code="KOqZeyjQEF">
<editdetail action="confirmed" attribution="Reuters BIP Coding Group" date="1997-05-09"></editdetail></code>
<code code="CWJWnzmjXg">
<editdetail action="confirmed" attribution="Reuters BIP Coding Group" date="1997-05-09"></editdetail></code></codes>
<codes class="bip:topics:1.0">
<code code="dwXRAnasdr">
<editdetail action="confirmed" attribution="Reuters BIP Coding Group" date="1997-05-09"></editdetail></code>
<code code="oamwscsSqj">
<editdetail action="confirmed" attribution="Reuters BIP Coding Group" date="1997-05-09"></editdetail></code></codes>
<dc element="dc.publisher" value="Reuters Holdings Plc"></dc>
<dc element="dc.datepublished" value="1997-05-09"></dc>
<dc element="dc.source" value="Reuters - Notícias em Português"></dc>
<dc element="dc.creator.location" value=""></dc>
<dc element="dc.creator.location.country.name" value=""></dc></metadata></newsitem>