<?xml version="1.0" encoding="UTF-8"?>

<newsitem date="1996-12-18" id="root" itemid="51339" xml:lang="pt">
<title></title>
<headline> MONETÁRIO FECHA EM BAIXA LIGEIRA, PODE AJUSTAR MAIS. </headline>
<byline></byline>
<dateline></dateline>
<text>
<p> O mercado monetário do escudo fechou com as taxas em baixa ligeira depois do corte da repo do Banco Portugal, mas apenas com uma reacção pequena por já estar descontado. Dealers admitem que os prazos possam vir a ajustar um pouco mais em baixa, incorporando a baixa da taxa de absorção, não totalmente esperada. Futuro Lisbor sobe ligeiramente e faz 22,5 MC. - Fernanda Pargana, Lisboa Editorial, 351-1-311.31.26 </p>
<p> (c) Reuters Limited 1996. </p></text>
<copyright>(c) Reuters Limited 1996</copyright>
<metadata>
<codes class="bip:countries:1.0">
<code code="mcnwFwzbXd">
<editdetail action="confirmed" attribution="Reuters BIP Coding Group" date="1996-12-18"></editdetail></code>
<code code="AsmRrTIYOS">
<editdetail action="confirmed" attribution="Reuters BIP Coding Group" date="1996-12-18"></editdetail></code>
<code code="QFRaHLtblB">
<editdetail action="confirmed" attribution="Reuters BIP Coding Group" date="1996-12-18"></editdetail></code></codes>
<codes class="bip:topics:1.0">
<code code="LulegVFSOO">
<editdetail action="confirmed" attribution="Reuters BIP Coding Group" date="1996-12-18"></editdetail></code>
<code code="GqKHeJUqYp">
<editdetail action="confirmed" attribution="Reuters BIP Coding Group" date="1996-12-18"></editdetail></code></codes>
<dc element="dc.publisher" value="Reuters Holdings Plc"></dc>
<dc element="dc.datepublished" value="1996-12-18"></dc>
<dc element="dc.source" value="Reuters - Notícias em Português"></dc>
<dc element="dc.creator.location" value=""></dc>
<dc element="dc.creator.location.country.name" value=""></dc></metadata></newsitem>