<?xml version="1.0" encoding="UTF-8"?>

<newsitem date="1996-08-29" id="root" itemid="48527" xml:lang="pt">
<title></title>
<headline> ÍNDICE PSI20 CAI 8,51 PONTOS PARA 4.715,40. </headline>
<byline></byline>
<dateline></dateline>
<text>
<p> LISBOA, 29 Ago (Reuter) - O índice PSI20 desceu 8,51 pontos para 4.715,40. </p>
<p> (c) Reuters Limited 1996. </p></text>
<copyright>(c) Reuters Limited 1996</copyright>
<metadata>
<codes class="bip:countries:1.0">
<code code="NXtKNWsViR">
<editdetail action="confirmed" attribution="Reuters BIP Coding Group" date="1996-08-29"></editdetail></code>
<code code="iHkBBolBIK">
<editdetail action="confirmed" attribution="Reuters BIP Coding Group" date="1996-08-29"></editdetail></code>
<code code="SgBoXRhfMs">
<editdetail action="confirmed" attribution="Reuters BIP Coding Group" date="1996-08-29"></editdetail></code></codes>
<codes class="bip:topics:1.0">
<code code="oeRVXbXBDf">
<editdetail action="confirmed" attribution="Reuters BIP Coding Group" date="1996-08-29"></editdetail></code>
<code code="WOOaLbofMZ">
<editdetail action="confirmed" attribution="Reuters BIP Coding Group" date="1996-08-29"></editdetail></code></codes>
<dc element="dc.publisher" value="Reuters Holdings Plc"></dc>
<dc element="dc.datepublished" value="1996-08-29"></dc>
<dc element="dc.source" value="Reuters - Notícias em Português"></dc>
<dc element="dc.creator.location" value=""></dc>
<dc element="dc.creator.location.country.name" value=""></dc></metadata></newsitem>