<?xml version="1.0" encoding="UTF-8"?>

<newsitem date="1996-12-04" id="root" itemid="50976" xml:lang="pt">
<title></title>
<headline> ESCUDO FECHA ESTÁVEL, ALTA LIGEIRA CROSSES EUROPEUS. </headline>
<byline></byline>
<dateline></dateline>
<text>
<p> O escudo fechou estável em relação à abertura, sem acompanhar a subida ligeira registada na peseta, franco francês e lira, assim como no dólar amente a esta manhã. A altura do ano, de pouco movimento, é a justificação dos dealers para a estabilidade da moeda nacional. </p>
<p> (c) Reuters Limited 1996. </p></text>
<copyright>(c) Reuters Limited 1996</copyright>
<metadata>
<codes class="bip:countries:1.0">
<code code="witQVyMMZd">
<editdetail action="confirmed" attribution="Reuters BIP Coding Group" date="1996-12-04"></editdetail></code>
<code code="eCKMIDoFfO">
<editdetail action="confirmed" attribution="Reuters BIP Coding Group" date="1996-12-04"></editdetail></code>
<code code="GBwvQHKmzG">
<editdetail action="confirmed" attribution="Reuters BIP Coding Group" date="1996-12-04"></editdetail></code></codes>
<codes class="bip:topics:1.0">
<code code="JhaWSxKJLC">
<editdetail action="confirmed" attribution="Reuters BIP Coding Group" date="1996-12-04"></editdetail></code>
<code code="IdWjFqViow">
<editdetail action="confirmed" attribution="Reuters BIP Coding Group" date="1996-12-04"></editdetail></code>
<code code="GzuIqLKWSE">
<editdetail action="confirmed" attribution="Reuters BIP Coding Group" date="1996-12-04"></editdetail></code></codes>
<dc element="dc.publisher" value="Reuters Holdings Plc"></dc>
<dc element="dc.datepublished" value="1996-12-04"></dc>
<dc element="dc.source" value="Reuters - Notícias em Português"></dc>
<dc element="dc.creator.location" value=""></dc>
<dc element="dc.creator.location.country.name" value=""></dc></metadata></newsitem>