<?xml version="1.0" encoding="UTF-8"?>

<newsitem date="1996-11-25" id="root" itemid="50763" xml:lang="pt">
<title></title>
<headline> ÍNDICE PSI20 SOBE 11,94 PONTOS PARA 4.953,03. </headline>
<byline></byline>
<dateline></dateline>
<text>
<p> LISBOA, 25 Nov (Reuter) - O índice PSI20 subiu 11,94 pontos para 4.953,03. </p>
<p> (c) Reuters Limited 1996. </p></text>
<copyright>(c) Reuters Limited 1996</copyright>
<metadata>
<codes class="bip:countries:1.0">
<code code="rcdcFKHCtN">
<editdetail action="confirmed" attribution="Reuters BIP Coding Group" date="1996-11-25"></editdetail></code>
<code code="FVXWrysQNp">
<editdetail action="confirmed" attribution="Reuters BIP Coding Group" date="1996-11-25"></editdetail></code>
<code code="xxHbwlvUrj">
<editdetail action="confirmed" attribution="Reuters BIP Coding Group" date="1996-11-25"></editdetail></code></codes>
<codes class="bip:topics:1.0">
<code code="cHVaEXjGam">
<editdetail action="confirmed" attribution="Reuters BIP Coding Group" date="1996-11-25"></editdetail></code>
<code code="xvSTypUnMG">
<editdetail action="confirmed" attribution="Reuters BIP Coding Group" date="1996-11-25"></editdetail></code></codes>
<dc element="dc.publisher" value="Reuters Holdings Plc"></dc>
<dc element="dc.datepublished" value="1996-11-25"></dc>
<dc element="dc.source" value="Reuters - Notícias em Português"></dc>
<dc element="dc.creator.location" value=""></dc>
<dc element="dc.creator.location.country.name" value=""></dc></metadata></newsitem>