<?xml version="1.0" encoding="UTF-8"?>

<newsitem date="1997-01-20" id="root" itemid="51920" xml:lang="pt">
<title></title>
<headline> BOLSA DE LISBOA CANCELA LEILÃO ACÇÕES BPSM. </headline>
<byline></byline>
<dateline></dateline>
<text>
<p> LISBOA 20 Jan (Reuter) - A Bolsa de Valores de Lisboa (BVL) decidiu cancelar o leilão que estava a ser efectuado com acções do Banco Pinto &amp; Sotto Mayor (BPSM), anunciou a BVL. </p>
<p> (c) Reuters Limited 1997. </p></text>
<copyright>(c) Reuters Limited 1997</copyright>
<metadata>
<codes class="bip:countries:1.0">
<code code="iIEZBJvQEH">
<editdetail action="confirmed" attribution="Reuters BIP Coding Group" date="1997-01-20"></editdetail></code>
<code code="nDXUtgkRai">
<editdetail action="confirmed" attribution="Reuters BIP Coding Group" date="1997-01-20"></editdetail></code>
<code code="yojKJCfQrf">
<editdetail action="confirmed" attribution="Reuters BIP Coding Group" date="1997-01-20"></editdetail></code></codes>
<codes class="bip:topics:1.0">
<code code="BrnKpRzUrf">
<editdetail action="confirmed" attribution="Reuters BIP Coding Group" date="1997-01-20"></editdetail></code>
<code code="IjPGzSHSjl">
<editdetail action="confirmed" attribution="Reuters BIP Coding Group" date="1997-01-20"></editdetail></code></codes>
<dc element="dc.publisher" value="Reuters Holdings Plc"></dc>
<dc element="dc.datepublished" value="1997-01-20"></dc>
<dc element="dc.source" value="Reuters - Notícias em Português"></dc>
<dc element="dc.creator.location" value=""></dc>
<dc element="dc.creator.location.country.name" value=""></dc></metadata></newsitem>