<?xml version="1.0" encoding="UTF-8"?>

<newsitem date="1996-08-28" id="root" itemid="48465" xml:lang="pt">
<title></title>
<headline> FUTURO SET/96 GANHA 0,08 PONTOS PARA 95,80. </headline>
<byline></byline>
<dateline></dateline>
<text>
<p> *Futuro Set/96 ganha 0,08 pontos para 95,80 </p>
<p> *Futuro Bono Set/96 ganha 0,16 pontos para 101,09 </p>
<p> *BP cede até 20 MC a 7 dias em leilão, antes 7,25 pct </p>
<p> *Taxa máxima BT 182 dias, cai 0,09 para 7,08 pct </p>
<p> *Futuro Bono Set/96 101,11 vs 100,93 fecho anterior. </p>
<p> - Lisboa Editorial, 351-1-3150035 (c) Reuters Limited 1996. </p></text>
<copyright>(c) Reuters Limited 1996</copyright>
<metadata>
<codes class="bip:countries:1.0">
<code code="tyuGjjIfZu">
<editdetail action="confirmed" attribution="Reuters BIP Coding Group" date="1996-08-28"></editdetail></code>
<code code="LzpcRbYxLz">
<editdetail action="confirmed" attribution="Reuters BIP Coding Group" date="1996-08-28"></editdetail></code>
<code code="EYFOjGFGsu">
<editdetail action="confirmed" attribution="Reuters BIP Coding Group" date="1996-08-28"></editdetail></code></codes>
<codes class="bip:topics:1.0">
<code code="PWuJQlzChR">
<editdetail action="confirmed" attribution="Reuters BIP Coding Group" date="1996-08-28"></editdetail></code>
<code code="OGDENOMDVi">
<editdetail action="confirmed" attribution="Reuters BIP Coding Group" date="1996-08-28"></editdetail></code></codes>
<dc element="dc.publisher" value="Reuters Holdings Plc"></dc>
<dc element="dc.datepublished" value="1996-08-28"></dc>
<dc element="dc.source" value="Reuters - Notícias em Português"></dc>
<dc element="dc.creator.location" value=""></dc>
<dc element="dc.creator.location.country.name" value=""></dc></metadata></newsitem>