<?xml version="1.0" encoding="UTF-8"?>

<newsitem date="1997-04-03" id="root" itemid="53694" xml:lang="pt">
<title></title>
<headline> BDP prevê negociação seja retomada às 1000 TMG. </headline>
<byline></byline>
<dateline></dateline>
<text>
<p> LISBOA, 3 Abr (Reuter) - A Bolsa de Derivados do Porto (BDP) prevê que a negociação seja retomada às 1000 TMG, disse uma fonte oficial da BDP. </p>
<p> &quot;Se não surgirem novos problemas de telecomunicações o rearranque da negociação na BDP será às 11horas (1000 TMG), disse aquela fonte. </p>
<p> A negociação da BDP está suspensa desde cerca das 0920 TMG devido a problemas de telecomunicações. </p>
<p> - Lisboa Editorial, 351.1.3113121. </p>
<p> (c) Reuters Limited 1997. </p></text>
<copyright>(c) Reuters Limited 1997</copyright>
<metadata>
<codes class="bip:countries:1.0">
<code code="UYDYmqyIeA">
<editdetail action="confirmed" attribution="Reuters BIP Coding Group" date="1997-04-03"></editdetail></code>
<code code="LGKKksHxvq">
<editdetail action="confirmed" attribution="Reuters BIP Coding Group" date="1997-04-03"></editdetail></code>
<code code="GuezSfEKob">
<editdetail action="confirmed" attribution="Reuters BIP Coding Group" date="1997-04-03"></editdetail></code></codes>
<codes class="bip:topics:1.0">
<code code="VZZmagrcGY">
<editdetail action="confirmed" attribution="Reuters BIP Coding Group" date="1997-04-03"></editdetail></code></codes>
<dc element="dc.publisher" value="Reuters Holdings Plc"></dc>
<dc element="dc.datepublished" value="1997-04-03"></dc>
<dc element="dc.source" value="Reuters - Notícias em Português"></dc>
<dc element="dc.creator.location" value=""></dc>
<dc element="dc.creator.location.country.name" value=""></dc></metadata></newsitem>