<?xml version="1.0" encoding="UTF-8"?>

<newsitem date="1996-12-27" id="root" itemid="51473" xml:lang="pt">
<title></title>
<headline> ACÇÕES SEGUEM EM ALTA E VOLUME ATINGE 5 MC. </headline>
<byline></byline>
<dateline></dateline>
<text>
<p> As acções do Contínuo e os Futuros sobre o PSI20 seguiam em alta na meia sessão e a liquidez no cash a somar cinco milhões de contos (MC), num dia marcado pelos máximos do ano de alguns papéis, devido à aproximação do final de 1996. Operadores afirmaram que o volume de mercado está bastante inflacionado pelos registos de fecho do ano e deve seguir assim nas próximas duas sessões. - Paula Cordeiro, Lisboa Editorial, 351-1-3150035. (c) Reuters Limited 1996. </p></text>
<copyright>(c) Reuters Limited 1996</copyright>
<metadata>
<codes class="bip:countries:1.0">
<code code="hnRUgTKVuJ">
<editdetail action="confirmed" attribution="Reuters BIP Coding Group" date="1996-12-27"></editdetail></code>
<code code="HFQByCaqjH">
<editdetail action="confirmed" attribution="Reuters BIP Coding Group" date="1996-12-27"></editdetail></code>
<code code="kZmQmSWxQE">
<editdetail action="confirmed" attribution="Reuters BIP Coding Group" date="1996-12-27"></editdetail></code></codes>
<codes class="bip:topics:1.0">
<code code="dkUkmICTvC">
<editdetail action="confirmed" attribution="Reuters BIP Coding Group" date="1996-12-27"></editdetail></code>
<code code="InONRJwDSM">
<editdetail action="confirmed" attribution="Reuters BIP Coding Group" date="1996-12-27"></editdetail></code></codes>
<dc element="dc.publisher" value="Reuters Holdings Plc"></dc>
<dc element="dc.datepublished" value="1996-12-27"></dc>
<dc element="dc.source" value="Reuters - Notícias em Português"></dc>
<dc element="dc.creator.location" value=""></dc>
<dc element="dc.creator.location.country.name" value=""></dc></metadata></newsitem>