<?xml version="1.0" encoding="UTF-8"?>

<newsitem date="1996-09-20" id="root" itemid="49109" xml:lang="pt">
<title></title>
<headline> FUTURO PSI20 SET96 CAI P/ 4.776 PONTOS. </headline>
<byline></byline>
<dateline></dateline>
<text>
<p> *Futuro PSI20 Set96 cai p/ 4.776 pontos vs 4.790 *Índice PSI20 cai 0,13 pct para 4.765,19 pontos *Cerexport sobe 33 esc p/1.560. Negociadas 100.500 *Lisnave sobe 18 escudos para 415. Negociadas 19.400 *B.Chemical sobe 7 escudos p/ 1.625. Negociadas 2.600 *BPSM cai 2 escudos para 1.041. Negociadas 2.000 *Cimpor sobe 15 escudos para 3.290. Negociadas 1.700. </p></text>
<copyright>(c) Reuters Limited 1996</copyright>
<metadata>
<codes class="bip:countries:1.0">
<code code="pTkNsrNftD">
<editdetail action="confirmed" attribution="Reuters BIP Coding Group" date="1996-09-20"></editdetail></code>
<code code="LWrvbyUZAp">
<editdetail action="confirmed" attribution="Reuters BIP Coding Group" date="1996-09-20"></editdetail></code>
<code code="xQkJdSJAjX">
<editdetail action="confirmed" attribution="Reuters BIP Coding Group" date="1996-09-20"></editdetail></code></codes>
<codes class="bip:topics:1.0">
<code code="HfaYcIOddU">
<editdetail action="confirmed" attribution="Reuters BIP Coding Group" date="1996-09-20"></editdetail></code>
<code code="SJyDYefrgq">
<editdetail action="confirmed" attribution="Reuters BIP Coding Group" date="1996-09-20"></editdetail></code></codes>
<dc element="dc.publisher" value="Reuters Holdings Plc"></dc>
<dc element="dc.datepublished" value="1996-09-20"></dc>
<dc element="dc.source" value="Reuters - Notícias em Português"></dc>
<dc element="dc.creator.location" value=""></dc>
<dc element="dc.creator.location.country.name" value=""></dc></metadata></newsitem>