<?xml version="1.0" encoding="UTF-8"?>

<newsitem date="1996-08-21" id="root" itemid="48279" xml:lang="pt">
<title></title>
<headline> FUTURO OT10 SET96 ABRE CAIR 0,16 PONTOS PARA 95,27. </headline>
<byline></byline>
<dateline></dateline>
<text>
<p> *Futuro OT10 Set96 cai 0,16 pontos para 95,27 </p>
<p> *Futuro Bono cai 0,22 pontos para 100,13 </p>
<p> *BP cede até 10 MC, 5 dias, em leilão, absorve a 6,8 pct </p>
<p> *Tesouro coloca 18,5 MC BT a 182 dias, TMP 7,17% (7,1794%) </p>
<p> *FED manteve taxa chave em 5,25 pct. </p></text>
<copyright>(c) Reuters Limited 1996</copyright>
<metadata>
<codes class="bip:countries:1.0">
<code code="DVIHzIFMAQ">
<editdetail action="confirmed" attribution="Reuters BIP Coding Group" date="1996-08-21"></editdetail></code>
<code code="WxqpGYsSdI">
<editdetail action="confirmed" attribution="Reuters BIP Coding Group" date="1996-08-21"></editdetail></code>
<code code="CYarpLTkJq">
<editdetail action="confirmed" attribution="Reuters BIP Coding Group" date="1996-08-21"></editdetail></code></codes>
<codes class="bip:topics:1.0">
<code code="JckBZLeoip">
<editdetail action="confirmed" attribution="Reuters BIP Coding Group" date="1996-08-21"></editdetail></code>
<code code="IaATBudNnk">
<editdetail action="confirmed" attribution="Reuters BIP Coding Group" date="1996-08-21"></editdetail></code></codes>
<dc element="dc.publisher" value="Reuters Holdings Plc"></dc>
<dc element="dc.datepublished" value="1996-08-21"></dc>
<dc element="dc.source" value="Reuters - Notícias em Português"></dc>
<dc element="dc.creator.location" value=""></dc>
<dc element="dc.creator.location.country.name" value=""></dc></metadata></newsitem>