<?xml version="1.0" encoding="UTF-8"?>

<newsitem date="1996-12-12" id="root" itemid="51213" xml:lang="pt">
<title></title>
<headline> ESCUDO FECHA ESTÁVEL E À ESPERA SINAIS DUBLIN. </headline>
<byline></byline>
<dateline></dateline>
<text>
<p> O escudo fechou estável contra o marco, mas a aguardar por sinais da Cimeira de Dublin que se inicia amanhã e vai discutir o pacto de estabilidade. Dealers dizem que um acordo dos 15 sobre o Pacto de Estabilidade vai fazer cair o marco contra as moedas europeias. </p>
<p> (c) Reuters Limited 1996. </p></text>
<copyright>(c) Reuters Limited 1996</copyright>
<metadata>
<codes class="bip:countries:1.0">
<code code="msNXtpDxLn">
<editdetail action="confirmed" attribution="Reuters BIP Coding Group" date="1996-12-12"></editdetail></code>
<code code="ohndQLADsY">
<editdetail action="confirmed" attribution="Reuters BIP Coding Group" date="1996-12-12"></editdetail></code>
<code code="PjinZFQEZG">
<editdetail action="confirmed" attribution="Reuters BIP Coding Group" date="1996-12-12"></editdetail></code></codes>
<codes class="bip:topics:1.0">
<code code="ksvBOXgXuh">
<editdetail action="confirmed" attribution="Reuters BIP Coding Group" date="1996-12-12"></editdetail></code>
<code code="vIlYiYPWiz">
<editdetail action="confirmed" attribution="Reuters BIP Coding Group" date="1996-12-12"></editdetail></code>
<code code="kvWqRFrexg">
<editdetail action="confirmed" attribution="Reuters BIP Coding Group" date="1996-12-12"></editdetail></code></codes>
<dc element="dc.publisher" value="Reuters Holdings Plc"></dc>
<dc element="dc.datepublished" value="1996-12-12"></dc>
<dc element="dc.source" value="Reuters - Notícias em Português"></dc>
<dc element="dc.creator.location" value=""></dc>
<dc element="dc.creator.location.country.name" value=""></dc></metadata></newsitem>