<?xml version="1.0" encoding="UTF-8"?>

<newsitem date="1997-06-19" id="root" itemid="55550" xml:lang="pt">
<title></title>
<headline> Índice PSI20 cai 0,22 pct para 7.321,21 pontos. </headline>
<byline></byline>
<dateline></dateline>
<text>
<p> LISBOA, 19 Jun (Reuter) - O índice PSI20 caiu 16,26 pontos ou 0,22 pct para 7.321,21 pontos. </p>
<p> (c) Reuters Limited 1997. </p></text>
<copyright>(c) Reuters Limited 1997</copyright>
<metadata>
<codes class="bip:countries:1.0">
<code code="ASgFoJyqMi">
<editdetail action="confirmed" attribution="Reuters BIP Coding Group" date="1997-06-19"></editdetail></code>
<code code="hxhEWViepJ">
<editdetail action="confirmed" attribution="Reuters BIP Coding Group" date="1997-06-19"></editdetail></code>
<code code="FtTcnywAzG">
<editdetail action="confirmed" attribution="Reuters BIP Coding Group" date="1997-06-19"></editdetail></code></codes>
<codes class="bip:topics:1.0">
<code code="lUauzGfBzM">
<editdetail action="confirmed" attribution="Reuters BIP Coding Group" date="1997-06-19"></editdetail></code>
<code code="MrdNQQtcWS">
<editdetail action="confirmed" attribution="Reuters BIP Coding Group" date="1997-06-19"></editdetail></code></codes>
<dc element="dc.publisher" value="Reuters Holdings Plc"></dc>
<dc element="dc.datepublished" value="1997-06-19"></dc>
<dc element="dc.source" value="Reuters - Notícias em Português"></dc>
<dc element="dc.creator.location" value=""></dc>
<dc element="dc.creator.location.country.name" value=""></dc></metadata></newsitem>