<?xml version="1.0" encoding="UTF-8"?>

<newsitem date="1997-02-27" id="root" itemid="52908" xml:lang="pt">
<title></title>
<headline> Escudo estável manhã vs marco, após abertura alta. </headline>
<byline></byline>
<dateline></dateline>
<text>
<p> O escudo manteve-se estabilizado contra o marco ao longo da manhã, depois de uma abertura a prometer algum fortalecimento que poderá ainda acontecer se o dólar atacar níveis acima dos 1,69 marcos. </p>
<p>     ----Lisboa Editorial, 351.1.3113121. </p>
<p> (c) Reuters Limited 1997. </p></text>
<copyright>(c) Reuters Limited 1997</copyright>
<metadata>
<codes class="bip:countries:1.0">
<code code="UUgkLLbbaG">
<editdetail action="confirmed" attribution="Reuters BIP Coding Group" date="1997-02-27"></editdetail></code>
<code code="LMgQyGFmuK">
<editdetail action="confirmed" attribution="Reuters BIP Coding Group" date="1997-02-27"></editdetail></code>
<code code="eizpZQYDFb">
<editdetail action="confirmed" attribution="Reuters BIP Coding Group" date="1997-02-27"></editdetail></code></codes>
<codes class="bip:topics:1.0">
<code code="vpmwdgQCJV">
<editdetail action="confirmed" attribution="Reuters BIP Coding Group" date="1997-02-27"></editdetail></code>
<code code="BeOvlXzdTA">
<editdetail action="confirmed" attribution="Reuters BIP Coding Group" date="1997-02-27"></editdetail></code>
<code code="KFbCiJViDv">
<editdetail action="confirmed" attribution="Reuters BIP Coding Group" date="1997-02-27"></editdetail></code></codes>
<dc element="dc.publisher" value="Reuters Holdings Plc"></dc>
<dc element="dc.datepublished" value="1997-02-27"></dc>
<dc element="dc.source" value="Reuters - Notícias em Português"></dc>
<dc element="dc.creator.location" value=""></dc>
<dc element="dc.creator.location.country.name" value=""></dc></metadata></newsitem>