<?xml version="1.0" encoding="UTF-8"?>

<newsitem date="1996-09-11" id="root" itemid="48827" xml:lang="pt">
<title></title>
<headline> ÍNDICE PSI20 CAI 0,14 PCT PARA 4.795,63 PONTOS. </headline>
<byline></byline>
<dateline></dateline>
<text>
<p> *Índice PSI20 cai 0,14 pct para 4.795,63 pontos *PI estável nos 1.040 escudos. Negociadas 12.220 *M.Confiança estável 1.275 escudos com 5.500 *Sonae cai 9 escudos para 4.550. Negociadas 5.000 *BPSM cai 2 escudos para 1.038. Negociadas 3.388 *PT cai 15 escudos para 4.140. Negociadas 2.587. </p>
<p> - Paula Cordeiro, Lisboa Editorial, 351-1-3150035. (c) Reuters Limited 1996. </p></text>
<copyright>(c) Reuters Limited 1996</copyright>
<metadata>
<codes class="bip:countries:1.0">
<code code="mzPyglyHDC">
<editdetail action="confirmed" attribution="Reuters BIP Coding Group" date="1996-09-11"></editdetail></code>
<code code="IzIcpoFZVd">
<editdetail action="confirmed" attribution="Reuters BIP Coding Group" date="1996-09-11"></editdetail></code>
<code code="RWnuMMvwEG">
<editdetail action="confirmed" attribution="Reuters BIP Coding Group" date="1996-09-11"></editdetail></code></codes>
<codes class="bip:topics:1.0">
<code code="XqZGxEEUgc">
<editdetail action="confirmed" attribution="Reuters BIP Coding Group" date="1996-09-11"></editdetail></code>
<code code="ymSAsZEsGe">
<editdetail action="confirmed" attribution="Reuters BIP Coding Group" date="1996-09-11"></editdetail></code></codes>
<dc element="dc.publisher" value="Reuters Holdings Plc"></dc>
<dc element="dc.datepublished" value="1996-09-11"></dc>
<dc element="dc.source" value="Reuters - Notícias em Português"></dc>
<dc element="dc.creator.location" value=""></dc>
<dc element="dc.creator.location.country.name" value=""></dc></metadata></newsitem>