<?xml version="1.0" encoding="UTF-8"?>

<newsitem date="1997-03-18" id="root" itemid="53386" xml:lang="pt">
<title></title>
<headline> Guterres, Franco na AR interpelação PC moeda única. </headline>
<byline></byline>
<dateline></dateline>
<text>
<p> LISBOA, 18 Mar (Reuter) - O primeiro ministro António Guterres estará, amanhã, na Assembleia da República, durante a interpelação do Partido Comunista (PC) ao Governo sobre a moeda única, disse fonte do gabinete do primeiro ministro. </p>
<p> Contudo, competirá ao ministro das Finanças, António de Sousa Franco, as intervenções no debate por parte do Governo. </p>
<p> - Lisboa Editorial, 351.1.3113121. </p>
<p> (c) Reuters Limited 1997. </p></text>
<copyright>(c) Reuters Limited 1997</copyright>
<metadata>
<codes class="bip:countries:1.0">
<code code="ogXqkrbbhf">
<editdetail action="confirmed" attribution="Reuters BIP Coding Group" date="1997-03-18"></editdetail></code>
<code code="LGnRxotJfR">
<editdetail action="confirmed" attribution="Reuters BIP Coding Group" date="1997-03-18"></editdetail></code>
<code code="sGLpoUidEg">
<editdetail action="confirmed" attribution="Reuters BIP Coding Group" date="1997-03-18"></editdetail></code></codes>
<codes class="bip:topics:1.0">
<code code="yjUytSWVNN">
<editdetail action="confirmed" attribution="Reuters BIP Coding Group" date="1997-03-18"></editdetail></code>
<code code="hormMegUrQ">
<editdetail action="confirmed" attribution="Reuters BIP Coding Group" date="1997-03-18"></editdetail></code></codes>
<dc element="dc.publisher" value="Reuters Holdings Plc"></dc>
<dc element="dc.datepublished" value="1997-03-18"></dc>
<dc element="dc.source" value="Reuters - Notícias em Português"></dc>
<dc element="dc.creator.location" value=""></dc>
<dc element="dc.creator.location.country.name" value=""></dc></metadata></newsitem>