<?xml version="1.0" encoding="UTF-8"?>

<newsitem date="1996-09-18" id="root" itemid="49018" xml:lang="pt">
<title></title>
<headline> FUTUROS E CASH PREVÊM-SE EM LEVE BAIXA. </headline>
<byline></byline>
<dateline></dateline>
<text>
<p> As OT deverão hoje negociar com os Futuros e o cash em ligeira baixa com os periféricos, num mercado que se prevê comece a tomar alguns lucros, mas que continue condicionado por Espanha e a mostrar um franco suporte imediatamente abaixo, disseram dealers. </p>
<p> *Futuro Bono Set/96 103,65 vs 103,84 fecho anterior </p>
<p> *Bonos/Fev/05 com yield de 8,34 pct vs 8,33 pct fecho ontem </p>
<p> - Sérgio Gonçalves, Lisboa Editorial, 351-1-3150035 (c) Reuters Limited 1996. </p></text>
<copyright>(c) Reuters Limited 1996</copyright>
<metadata>
<codes class="bip:countries:1.0">
<code code="djGmvefixN">
<editdetail action="confirmed" attribution="Reuters BIP Coding Group" date="1996-09-18"></editdetail></code>
<code code="kORfxgTtmu">
<editdetail action="confirmed" attribution="Reuters BIP Coding Group" date="1996-09-18"></editdetail></code>
<code code="mwSoJaboOL">
<editdetail action="confirmed" attribution="Reuters BIP Coding Group" date="1996-09-18"></editdetail></code></codes>
<codes class="bip:topics:1.0">
<code code="lCyCHGtRyv">
<editdetail action="confirmed" attribution="Reuters BIP Coding Group" date="1996-09-18"></editdetail></code>
<code code="wHBbsoglne">
<editdetail action="confirmed" attribution="Reuters BIP Coding Group" date="1996-09-18"></editdetail></code></codes>
<dc element="dc.publisher" value="Reuters Holdings Plc"></dc>
<dc element="dc.datepublished" value="1996-09-18"></dc>
<dc element="dc.source" value="Reuters - Notícias em Português"></dc>
<dc element="dc.creator.location" value=""></dc>
<dc element="dc.creator.location.country.name" value=""></dc></metadata></newsitem>