<?xml version="1.0" encoding="UTF-8"?>

<newsitem date="1997-08-05" id="root" itemid="56757" xml:lang="pt">
<title></title>
<headline> Futuro Lisbor Jun/98 abre a subir 0,01 para 95,00. </headline>
<byline></byline>
<dateline></dateline>
<text>
<p> LISBOA, 5 Ago (Reuter) - O vencimento de Junho de 1998 do </p>
<p> 10,o sobre a Lisbor abriu a subir 0,01 para 95,00, com 20 6 os negociados. </p>
<p> 19,7 - Lisboa Editorial, 351.1.311.31.26. </p>
<p> (c) Reuters Limited 1997. </p></text>
<copyright>(c) Reuters Limited 1997</copyright>
<metadata>
<codes class="bip:countries:1.0">
<code code="mZdvqhdSfV">
<editdetail action="confirmed" attribution="Reuters BIP Coding Group" date="1997-08-05"></editdetail></code>
<code code="ANsweeTVFP">
<editdetail action="confirmed" attribution="Reuters BIP Coding Group" date="1997-08-05"></editdetail></code>
<code code="VRPaOXVmsS">
<editdetail action="confirmed" attribution="Reuters BIP Coding Group" date="1997-08-05"></editdetail></code></codes>
<codes class="bip:topics:1.0">
<code code="KgDkOhPxef">
<editdetail action="confirmed" attribution="Reuters BIP Coding Group" date="1997-08-05"></editdetail></code>
<code code="NsRpEXwWgB">
<editdetail action="confirmed" attribution="Reuters BIP Coding Group" date="1997-08-05"></editdetail></code>
<code code="sPbSeUFvHt">
<editdetail action="confirmed" attribution="Reuters BIP Coding Group" date="1997-08-05"></editdetail></code></codes>
<dc element="dc.publisher" value="Reuters Holdings Plc"></dc>
<dc element="dc.datepublished" value="1997-08-05"></dc>
<dc element="dc.source" value="Reuters - Notícias em Português"></dc>
<dc element="dc.creator.location" value=""></dc>
<dc element="dc.creator.location.country.name" value=""></dc></metadata></newsitem>