<?xml version="1.0" encoding="UTF-8"?>

<newsitem date="1997-06-20" id="root" itemid="55584" xml:lang="pt">
<title></title>
<headline> BDP retoma negociação normal após problemas. </headline>
<byline></byline>
<dateline></dateline>
<text>
<p> LISBOA, 20 Jun (Reuter) - A Bolsa de Derivados do Porto (DRV) já retomou a negociação normal após problemas de comunicação terem afectado a negociação de futuros na abertura da sessão, disse fonte da BDP. </p>
<p> - Lisboa Editorial, 351.1.3113121. </p>
<p> (c) Reuters Limited 1997. </p></text>
<copyright>(c) Reuters Limited 1997</copyright>
<metadata>
<codes class="bip:countries:1.0">
<code code="qrJPQbEPde">
<editdetail action="confirmed" attribution="Reuters BIP Coding Group" date="1997-06-20"></editdetail></code>
<code code="pMHAApnqfS">
<editdetail action="confirmed" attribution="Reuters BIP Coding Group" date="1997-06-20"></editdetail></code>
<code code="aHWuPlzfJu">
<editdetail action="confirmed" attribution="Reuters BIP Coding Group" date="1997-06-20"></editdetail></code></codes>
<codes class="bip:topics:1.0">
<code code="kEVrvaOJmb">
<editdetail action="confirmed" attribution="Reuters BIP Coding Group" date="1997-06-20"></editdetail></code>
<code code="XQDVDFKwGp">
<editdetail action="confirmed" attribution="Reuters BIP Coding Group" date="1997-06-20"></editdetail></code></codes>
<dc element="dc.publisher" value="Reuters Holdings Plc"></dc>
<dc element="dc.datepublished" value="1997-06-20"></dc>
<dc element="dc.source" value="Reuters - Notícias em Português"></dc>
<dc element="dc.creator.location" value=""></dc>
<dc element="dc.creator.location.country.name" value=""></dc></metadata></newsitem>