<?xml version="1.0" encoding="UTF-8"?>

<newsitem date="1997-07-09" id="root" itemid="56064" xml:lang="pt">
<title></title>
<headline> BDP diz prolonga sessão até às 1600 TMG. </headline>
<byline></byline>
<dateline></dateline>
<text>
<p> LISBOA, 9 Jul (Reuter) - A Bolsa de Derivados do Porto (BDP) também vai prolongar a negociação até às 1600 TMG, na sequência de uma decisão idêntica da Bolsa de Valores de Lisboa, disse uma fonte oficial da BDP. </p>
<p> A Bolsa de Valores de Lisboa (BVL) teve que prolongar a negociação até às 1600 TMG, dado que a sessão de hoje apenas teve início às 1420 horas locais, depois de problemas técnicos terem obrigado ao adiamento da abertura. </p>
<p> - Paula Cordeiro, Lisboa Editorial, 351-1-3150035. </p>
<p> (c) Reuters Limited 1997. </p></text>
<copyright>(c) Reuters Limited 1997</copyright>
<metadata>
<codes class="bip:countries:1.0">
<code code="ueEivpEtCl">
<editdetail action="confirmed" attribution="Reuters BIP Coding Group" date="1997-07-09"></editdetail></code>
<code code="GlqyHYBpGo">
<editdetail action="confirmed" attribution="Reuters BIP Coding Group" date="1997-07-09"></editdetail></code>
<code code="xJBONxrAAA">
<editdetail action="confirmed" attribution="Reuters BIP Coding Group" date="1997-07-09"></editdetail></code></codes>
<codes class="bip:topics:1.0">
<code code="iozJncMBel">
<editdetail action="confirmed" attribution="Reuters BIP Coding Group" date="1997-07-09"></editdetail></code></codes>
<dc element="dc.publisher" value="Reuters Holdings Plc"></dc>
<dc element="dc.datepublished" value="1997-07-09"></dc>
<dc element="dc.source" value="Reuters - Notícias em Português"></dc>
<dc element="dc.creator.location" value=""></dc>
<dc element="dc.creator.location.country.name" value=""></dc></metadata></newsitem>