<?xml version="1.0" encoding="UTF-8"?>

<newsitem date="1997-02-10" id="root" itemid="52474" xml:lang="pt">
<title></title>
<headline> MONETÁRIO FECHA ESTÁVEL, BP MANTÉM TXS INTERVENÇÃO. </headline>
<byline></byline>
<dateline></dateline>
<text>
<p> O mercado monetário do escudo fechou calmo, com as taxas estabilizadas nos níveis de abertura, numa sessão sem grandes interesses e em que o Banco de Portugal (BP) manteve as suas taxas directoras, tal como era previsto. </p>
<p> - Lisboa Editorial, 351-1-311.31.26 </p>
<p> (c) Reuters Limited 1997. </p></text>
<copyright>(c) Reuters Limited 1997</copyright>
<metadata>
<codes class="bip:countries:1.0">
<code code="iCAELFMPAf">
<editdetail action="confirmed" attribution="Reuters BIP Coding Group" date="1997-02-10"></editdetail></code>
<code code="TeeaLWFAIB">
<editdetail action="confirmed" attribution="Reuters BIP Coding Group" date="1997-02-10"></editdetail></code>
<code code="BxcslwdwxE">
<editdetail action="confirmed" attribution="Reuters BIP Coding Group" date="1997-02-10"></editdetail></code></codes>
<codes class="bip:topics:1.0">
<code code="rlSeetaxxa">
<editdetail action="confirmed" attribution="Reuters BIP Coding Group" date="1997-02-10"></editdetail></code>
<code code="UlahPETPSa">
<editdetail action="confirmed" attribution="Reuters BIP Coding Group" date="1997-02-10"></editdetail></code></codes>
<dc element="dc.publisher" value="Reuters Holdings Plc"></dc>
<dc element="dc.datepublished" value="1997-02-10"></dc>
<dc element="dc.source" value="Reuters - Notícias em Português"></dc>
<dc element="dc.creator.location" value=""></dc>
<dc element="dc.creator.location.country.name" value=""></dc></metadata></newsitem>