<?xml version="1.0" encoding="UTF-8"?>

<newsitem date="1996-10-25" id="root" itemid="50056" xml:lang="pt">
<title></title>
<headline> ÍNDICE PSI-20 SOBE 0,04 PCT PARA 4.766,97 PONTOS. </headline>
<byline></byline>
<dateline></dateline>
<text>
<p> *Índice PSI-20 (.PSI20)sobe 0,04 pct para 4.766,97 pontos *Mundial Confiança sobe 10 esc p/ 1.285, c/ 9.700.200 *Crisal sobe 40 escudos para 2.690, com 45.000 *Lisnave aprecia oito escudos p/ 393, c/ 10.800 *BTA interropido negociação por notícias imprensa. </p>
<p> (c) Reuters Limited 1996. </p></text>
<copyright>(c) Reuters Limited 1996</copyright>
<metadata>
<codes class="bip:countries:1.0">
<code code="simTlvIBOe">
<editdetail action="confirmed" attribution="Reuters BIP Coding Group" date="1996-10-25"></editdetail></code>
<code code="eyZmaDQWNi">
<editdetail action="confirmed" attribution="Reuters BIP Coding Group" date="1996-10-25"></editdetail></code>
<code code="GKWmnCjNAR">
<editdetail action="confirmed" attribution="Reuters BIP Coding Group" date="1996-10-25"></editdetail></code></codes>
<codes class="bip:topics:1.0">
<code code="tetuvJQNnK">
<editdetail action="confirmed" attribution="Reuters BIP Coding Group" date="1996-10-25"></editdetail></code>
<code code="RGzSwbCsQX">
<editdetail action="confirmed" attribution="Reuters BIP Coding Group" date="1996-10-25"></editdetail></code></codes>
<dc element="dc.publisher" value="Reuters Holdings Plc"></dc>
<dc element="dc.datepublished" value="1996-10-25"></dc>
<dc element="dc.source" value="Reuters - Notícias em Português"></dc>
<dc element="dc.creator.location" value=""></dc>
<dc element="dc.creator.location.country.name" value=""></dc></metadata></newsitem>