<?xml version="1.0" encoding="UTF-8"?>

<newsitem date="1997-06-12" id="root" itemid="55381" xml:lang="pt">
<title></title>
<headline> Índice PSI20 sobe 1,02 pct para 7.130,75 pontos. </headline>
<byline></byline>
<dateline></dateline>
<text>
<p> LISBOA, 12 Jun (Reuter) - O índice PSI20 subiu 72,05 pontos ou 1,02 pct para 7.130,75 pontos, tendo atingido o máximo do ano nos 7.136,13. </p>
<p> (c) Reuters Limited 1997. </p></text>
<copyright>(c) Reuters Limited 1997</copyright>
<metadata>
<codes class="bip:countries:1.0">
<code code="iGonGShagL">
<editdetail action="confirmed" attribution="Reuters BIP Coding Group" date="1997-06-12"></editdetail></code>
<code code="vSAHAvKSEI">
<editdetail action="confirmed" attribution="Reuters BIP Coding Group" date="1997-06-12"></editdetail></code>
<code code="WnxsXnJrcP">
<editdetail action="confirmed" attribution="Reuters BIP Coding Group" date="1997-06-12"></editdetail></code></codes>
<codes class="bip:topics:1.0">
<code code="kEIQGxveLh">
<editdetail action="confirmed" attribution="Reuters BIP Coding Group" date="1997-06-12"></editdetail></code>
<code code="yynrygnnSL">
<editdetail action="confirmed" attribution="Reuters BIP Coding Group" date="1997-06-12"></editdetail></code></codes>
<dc element="dc.publisher" value="Reuters Holdings Plc"></dc>
<dc element="dc.datepublished" value="1997-06-12"></dc>
<dc element="dc.source" value="Reuters - Notícias em Português"></dc>
<dc element="dc.creator.location" value=""></dc>
<dc element="dc.creator.location.country.name" value=""></dc></metadata></newsitem>