<?xml version="1.0" encoding="UTF-8"?>

<newsitem date="1996-12-10" id="root" itemid="51120" xml:lang="pt">
<title></title>
<headline> FOREX CLUB ORGANIZA TORNEIO FUTEBOL TRIANGULAR. </headline>
<byline></byline>
<dateline></dateline>
<text>
<p> LISBOA, 10 Dez (Reuter) - O Forex Club de Portugal organiza, no dia 14 de Dezembro, a partir das 0900 horas, na Base Naval do Alfeite, um torneio de futebol triangular. </p>
<p> Participam nesta iniciativa do Fores Club a Caixa Geral de Depósitos, o Universo BCP/Atlântico e o Fores Club de Portugal. </p>
<p> Os responsáveis do Forex Club contam alargar a participação de equipas noutros torneios que vierem a organizar. </p>
<p> - Lisboa Editorial, 351.1.3113121. </p>
<p> (c) Reuters Limited 1996. </p></text>
<copyright>(c) Reuters Limited 1996</copyright>
<metadata>
<codes class="bip:countries:1.0">
<code code="ZNymUXnKsI">
<editdetail action="confirmed" attribution="Reuters BIP Coding Group" date="1996-12-10"></editdetail></code>
<code code="otuJRBXtqh">
<editdetail action="confirmed" attribution="Reuters BIP Coding Group" date="1996-12-10"></editdetail></code>
<code code="lGeUlWdWey">
<editdetail action="confirmed" attribution="Reuters BIP Coding Group" date="1996-12-10"></editdetail></code></codes>
<codes class="bip:topics:1.0">
<code code="esTpDMeFjl">
<editdetail action="confirmed" attribution="Reuters BIP Coding Group" date="1996-12-10"></editdetail></code></codes>
<dc element="dc.publisher" value="Reuters Holdings Plc"></dc>
<dc element="dc.datepublished" value="1996-12-10"></dc>
<dc element="dc.source" value="Reuters - Notícias em Português"></dc>
<dc element="dc.creator.location" value=""></dc>
<dc element="dc.creator.location.country.name" value=""></dc></metadata></newsitem>