<?xml version="1.0" encoding="UTF-8"?>

<newsitem date="1997-01-14" id="root" itemid="51793" xml:lang="pt">
<title></title>
<headline> INE DIZ DIVULGA IPC DEZEMBRO AMANHÃ ÀS 1500 TMG. </headline>
<byline></byline>
<dateline></dateline>
<text>
<p> LISBOA, 14 Jan (Reuter) - O índice de Preços no Consumidor (IPC) de Dezembro será divulgado amanhã pelas 1500 horas locais (1500 TMG), disse fonte oficial do Instituto Nacional de Estatística (INE). </p>
<p> - Lisboa Editorial, 351.1.311.31.26. </p>
<p> (c) Reuters Limited 1997. </p></text>
<copyright>(c) Reuters Limited 1997</copyright>
<metadata>
<codes class="bip:countries:1.0">
<code code="FngezbhRMw">
<editdetail action="confirmed" attribution="Reuters BIP Coding Group" date="1997-01-14"></editdetail></code>
<code code="jrwZrATMcx">
<editdetail action="confirmed" attribution="Reuters BIP Coding Group" date="1997-01-14"></editdetail></code>
<code code="DRhsSGdbab">
<editdetail action="confirmed" attribution="Reuters BIP Coding Group" date="1997-01-14"></editdetail></code></codes>
<codes class="bip:topics:1.0">
<code code="IorVVkAJIm">
<editdetail action="confirmed" attribution="Reuters BIP Coding Group" date="1997-01-14"></editdetail></code>
<code code="WKDzgTMoQi">
<editdetail action="confirmed" attribution="Reuters BIP Coding Group" date="1997-01-14"></editdetail></code>
<code code="FUjEjNShnE">
<editdetail action="confirmed" attribution="Reuters BIP Coding Group" date="1997-01-14"></editdetail></code></codes>
<dc element="dc.publisher" value="Reuters Holdings Plc"></dc>
<dc element="dc.datepublished" value="1997-01-14"></dc>
<dc element="dc.source" value="Reuters - Notícias em Português"></dc>
<dc element="dc.creator.location" value=""></dc>
<dc element="dc.creator.location.country.name" value=""></dc></metadata></newsitem>