<?xml version="1.0" encoding="UTF-8"?>

<newsitem date="1997-06-05" id="root" itemid="55213" xml:lang="pt">
<title></title>
<headline> Futuro PSI20 Jun97 sobe 15 pontos para 6.785. </headline>
<byline></byline>
<dateline></dateline>
<text>
<p> *Futuro PSI20 Jun97 (PSI20M7)sobe 15 pontos para 6.785 *Índice PSI-20 (.PSI20)cai 0,12 pct para 6.791,06 pontos *Inapa desce 5 esc para 5.735. Negociadas 345.000 *BCP sobe 6 escudos para 3.135. Negociadas 11.600 *Cimpor cai 14 escudos para 3.825. Negociadas 7.100 </p>
<p> - Paula Cordeiro, Lisboa Editorial, 351-1-3113125. </p>
<p> (c) Reuters Limited 1997. </p></text>
<copyright>(c) Reuters Limited 1997</copyright>
<metadata>
<codes class="bip:countries:1.0">
<code code="kXWRqvEgxG">
<editdetail action="confirmed" attribution="Reuters BIP Coding Group" date="1997-06-05"></editdetail></code>
<code code="aAnFkobisT">
<editdetail action="confirmed" attribution="Reuters BIP Coding Group" date="1997-06-05"></editdetail></code>
<code code="AirutOfCCv">
<editdetail action="confirmed" attribution="Reuters BIP Coding Group" date="1997-06-05"></editdetail></code></codes>
<codes class="bip:topics:1.0">
<code code="TuxApUmXvR">
<editdetail action="confirmed" attribution="Reuters BIP Coding Group" date="1997-06-05"></editdetail></code>
<code code="iWmOvGbkPU">
<editdetail action="confirmed" attribution="Reuters BIP Coding Group" date="1997-06-05"></editdetail></code></codes>
<dc element="dc.publisher" value="Reuters Holdings Plc"></dc>
<dc element="dc.datepublished" value="1997-06-05"></dc>
<dc element="dc.source" value="Reuters - Notícias em Português"></dc>
<dc element="dc.creator.location" value=""></dc>
<dc element="dc.creator.location.country.name" value=""></dc></metadata></newsitem>