<?xml version="1.0" encoding="UTF-8"?>

<newsitem date="1997-03-31" id="root" itemid="53616" xml:lang="pt">
<title></title>
<headline> Escudo estável numa sessão calma e sem interesses. </headline>
<byline></byline>
<dateline></dateline>
<text>
<p> O escudo abriu aos níveis do fecho de quinta-feira, numa sessão que se prevê calma e sem grandes interesses, até porque grande parte dos mercados europeus ainda se encontram encerrados devido ao período da Páscoa. </p>
<p>     ----Lisboa Editorial, 351.1.3113121. </p>
<p> (c) Reuters Limited 1997. </p></text>
<copyright>(c) Reuters Limited 1997</copyright>
<metadata>
<codes class="bip:countries:1.0">
<code code="HbZHvGPxxH">
<editdetail action="confirmed" attribution="Reuters BIP Coding Group" date="1997-03-31"></editdetail></code>
<code code="eyLyBmNSQT">
<editdetail action="confirmed" attribution="Reuters BIP Coding Group" date="1997-03-31"></editdetail></code>
<code code="JsXVrntRvm">
<editdetail action="confirmed" attribution="Reuters BIP Coding Group" date="1997-03-31"></editdetail></code></codes>
<codes class="bip:topics:1.0">
<code code="mnXjBbAolA">
<editdetail action="confirmed" attribution="Reuters BIP Coding Group" date="1997-03-31"></editdetail></code>
<code code="PxJYOkHKOY">
<editdetail action="confirmed" attribution="Reuters BIP Coding Group" date="1997-03-31"></editdetail></code>
<code code="teIXHwvJQk">
<editdetail action="confirmed" attribution="Reuters BIP Coding Group" date="1997-03-31"></editdetail></code></codes>
<dc element="dc.publisher" value="Reuters Holdings Plc"></dc>
<dc element="dc.datepublished" value="1997-03-31"></dc>
<dc element="dc.source" value="Reuters - Notícias em Português"></dc>
<dc element="dc.creator.location" value=""></dc>
<dc element="dc.creator.location.country.name" value=""></dc></metadata></newsitem>