<?xml version="1.0" encoding="UTF-8"?>

<newsitem date="1997-02-13" id="root" itemid="52523" xml:lang="pt">
<title></title>
<headline> MONETÁRIO ABRE CURTO PRAZO DESLIZAR ATÉ ABSORÇÃO BP. </headline>
<byline></byline>
<dateline></dateline>
<text>
<p> O mercado monetário do escudo abriu calmo, com o curto prazo a aproximar-se dos níveis de absorção do Banco de Portugal (BP) pela muita liquidez que existe no mercado e com os prazos mais longos estabilizados e sem registarem praticamente qualquer movimento. </p>
<p> - José Barata, Lisboa Editorial, 351-1-311.31.26 </p>
<p> (c) Reuters Limited 1997. </p></text>
<copyright>(c) Reuters Limited 1997</copyright>
<metadata>
<codes class="bip:countries:1.0">
<code code="eoKUkRHHNy">
<editdetail action="confirmed" attribution="Reuters BIP Coding Group" date="1997-02-13"></editdetail></code>
<code code="fvJQjixSjE">
<editdetail action="confirmed" attribution="Reuters BIP Coding Group" date="1997-02-13"></editdetail></code>
<code code="OLqsvBWmHw">
<editdetail action="confirmed" attribution="Reuters BIP Coding Group" date="1997-02-13"></editdetail></code></codes>
<codes class="bip:topics:1.0">
<code code="saSyiSRfwH">
<editdetail action="confirmed" attribution="Reuters BIP Coding Group" date="1997-02-13"></editdetail></code>
<code code="IWMySBFenF">
<editdetail action="confirmed" attribution="Reuters BIP Coding Group" date="1997-02-13"></editdetail></code></codes>
<dc element="dc.publisher" value="Reuters Holdings Plc"></dc>
<dc element="dc.datepublished" value="1997-02-13"></dc>
<dc element="dc.source" value="Reuters - Notícias em Português"></dc>
<dc element="dc.creator.location" value=""></dc>
<dc element="dc.creator.location.country.name" value=""></dc></metadata></newsitem>