<?xml version="1.0" encoding="UTF-8"?>

<newsitem date="1997-02-14" id="root" itemid="52549" xml:lang="pt">
<title></title>
<headline> INE DIZ DIVULGAÇÃO IPC JANEIRO A 17 FEV. </headline>
<byline></byline>
<dateline></dateline>
<text>
<p> LISBOA, 14 Fev (Reuter) - A divulgação do Índice de Preços no Consumidor (IPC) de Janeiro será feita na segunda-feira, dia 17 de Fevereiro, disse fonte oficial do Instituto Nacional de Estatística (INE). </p>
<p> Inicialmente estava prevista para hoje a divulgação dos números da inflação. </p>
<p> - Lisboa Editorial, 351.1.3113121. </p>
<p> (c) Reuters Limited 1997. </p></text>
<copyright>(c) Reuters Limited 1997</copyright>
<metadata>
<codes class="bip:countries:1.0">
<code code="ClBvfYvomr">
<editdetail action="confirmed" attribution="Reuters BIP Coding Group" date="1997-02-14"></editdetail></code>
<code code="dLATIIQJNd">
<editdetail action="confirmed" attribution="Reuters BIP Coding Group" date="1997-02-14"></editdetail></code>
<code code="HVCxCfmUCU">
<editdetail action="confirmed" attribution="Reuters BIP Coding Group" date="1997-02-14"></editdetail></code></codes>
<codes class="bip:topics:1.0">
<code code="uiemEivQJv">
<editdetail action="confirmed" attribution="Reuters BIP Coding Group" date="1997-02-14"></editdetail></code>
<code code="XrvaDBGxoB">
<editdetail action="confirmed" attribution="Reuters BIP Coding Group" date="1997-02-14"></editdetail></code>
<code code="CHRVKTWTCb">
<editdetail action="confirmed" attribution="Reuters BIP Coding Group" date="1997-02-14"></editdetail></code></codes>
<dc element="dc.publisher" value="Reuters Holdings Plc"></dc>
<dc element="dc.datepublished" value="1997-02-14"></dc>
<dc element="dc.source" value="Reuters - Notícias em Português"></dc>
<dc element="dc.creator.location" value=""></dc>
<dc element="dc.creator.location.country.name" value=""></dc></metadata></newsitem>