<?xml version="1.0" encoding="UTF-8"?>

<newsitem date="1997-07-04" id="root" itemid="55937" xml:lang="pt">
<title></title>
<headline> Futuro Lisbor Mar/98 abre estável em 94,99. </headline>
<byline></byline>
<dateline></dateline>
<text>
<p> LISBOA, 4 Jul (Reuter) - O vencimento de Março de 1998 do futuro sobre a Lisbor a três meses abriu estável em 94,99, com 20 contratos transaccionados. </p>
<p> - Lisboa Editorial, 351.1.311.31.26. </p>
<p> (c) Reuters Limited 1997. </p></text>
<copyright>(c) Reuters Limited 1997</copyright>
<metadata>
<codes class="bip:countries:1.0">
<code code="ZtNkyTrGQI">
<editdetail action="confirmed" attribution="Reuters BIP Coding Group" date="1997-07-04"></editdetail></code>
<code code="QLeXlEtGBC">
<editdetail action="confirmed" attribution="Reuters BIP Coding Group" date="1997-07-04"></editdetail></code>
<code code="PtYHZCvjQj">
<editdetail action="confirmed" attribution="Reuters BIP Coding Group" date="1997-07-04"></editdetail></code></codes>
<codes class="bip:topics:1.0">
<code code="vszrLtKRUX">
<editdetail action="confirmed" attribution="Reuters BIP Coding Group" date="1997-07-04"></editdetail></code>
<code code="HfHsAUGLBJ">
<editdetail action="confirmed" attribution="Reuters BIP Coding Group" date="1997-07-04"></editdetail></code></codes>
<dc element="dc.publisher" value="Reuters Holdings Plc"></dc>
<dc element="dc.datepublished" value="1997-07-04"></dc>
<dc element="dc.source" value="Reuters - Notícias em Português"></dc>
<dc element="dc.creator.location" value=""></dc>
<dc element="dc.creator.location.country.name" value=""></dc></metadata></newsitem>