<?xml version="1.0" encoding="UTF-8"?>

<newsitem date="1997-05-16" id="root" itemid="54710" xml:lang="pt">
<title></title>
<headline> Futuro OT Jun97 abre a subir 0,14 pontos para 109,37. </headline>
<byline></byline>
<dateline></dateline>
<text>
<p> LISBOA, 16 Mai (Reuter) - O futuro sobre as OT a 10 anos com vencimento em Junho de 1997 (BDPOTM7)abriu a subir 0,14 pontos para 109,37, com 25 contratos efectuados. </p>
<p> (c) Reuters Limited 1997. </p></text>
<copyright>(c) Reuters Limited 1997</copyright>
<metadata>
<codes class="bip:countries:1.0">
<code code="iQHgirfiLY">
<editdetail action="confirmed" attribution="Reuters BIP Coding Group" date="1997-05-16"></editdetail></code>
<code code="giifZJiYBd">
<editdetail action="confirmed" attribution="Reuters BIP Coding Group" date="1997-05-16"></editdetail></code>
<code code="pXeusnZnpE">
<editdetail action="confirmed" attribution="Reuters BIP Coding Group" date="1997-05-16"></editdetail></code></codes>
<codes class="bip:topics:1.0">
<code code="xUvIUgSvfi">
<editdetail action="confirmed" attribution="Reuters BIP Coding Group" date="1997-05-16"></editdetail></code>
<code code="swVQjgMzhs">
<editdetail action="confirmed" attribution="Reuters BIP Coding Group" date="1997-05-16"></editdetail></code>
<code code="teiPZIOVCV">
<editdetail action="confirmed" attribution="Reuters BIP Coding Group" date="1997-05-16"></editdetail></code></codes>
<dc element="dc.publisher" value="Reuters Holdings Plc"></dc>
<dc element="dc.datepublished" value="1997-05-16"></dc>
<dc element="dc.source" value="Reuters - Notícias em Português"></dc>
<dc element="dc.creator.location" value=""></dc>
<dc element="dc.creator.location.country.name" value=""></dc></metadata></newsitem>