<?xml version="1.0" encoding="UTF-8"?>

<newsitem date="1997-04-22" id="root" itemid="54117" xml:lang="pt">
<title></title>
<headline> Escudo mantém-se pressionado vs marco manhã. </headline>
<byline></byline>
<dateline></dateline>
<text>
<p> O escudo tem-se mantido pressionado contra o marco ao longo da manhã, perdendo já a totalidade dos ganhos registados na abertura. Dealers dizem que a partir dos 100,80 por marco o Banco de Portugal (BP) poderá entrar no mercado a dar liquidez e a evitar a queda do escudo. </p>
<p>     ----José Barata, Lisboa Editorial, 351.1.3113121. </p>
<p> (c) Reuters Limited 1997. </p></text>
<copyright>(c) Reuters Limited 1997</copyright>
<metadata>
<codes class="bip:countries:1.0">
<code code="UtVNQucGnE">
<editdetail action="confirmed" attribution="Reuters BIP Coding Group" date="1997-04-22"></editdetail></code>
<code code="xQkPTslkHK">
<editdetail action="confirmed" attribution="Reuters BIP Coding Group" date="1997-04-22"></editdetail></code>
<code code="ZVBNtoWfRK">
<editdetail action="confirmed" attribution="Reuters BIP Coding Group" date="1997-04-22"></editdetail></code></codes>
<codes class="bip:topics:1.0">
<code code="bwGaguCCxe">
<editdetail action="confirmed" attribution="Reuters BIP Coding Group" date="1997-04-22"></editdetail></code>
<code code="pplReDMCkZ">
<editdetail action="confirmed" attribution="Reuters BIP Coding Group" date="1997-04-22"></editdetail></code>
<code code="eAMzgjOqKE">
<editdetail action="confirmed" attribution="Reuters BIP Coding Group" date="1997-04-22"></editdetail></code></codes>
<dc element="dc.publisher" value="Reuters Holdings Plc"></dc>
<dc element="dc.datepublished" value="1997-04-22"></dc>
<dc element="dc.source" value="Reuters - Notícias em Português"></dc>
<dc element="dc.creator.location" value=""></dc>
<dc element="dc.creator.location.country.name" value=""></dc></metadata></newsitem>