<?xml version="1.0" encoding="UTF-8"?>

<newsitem date="1997-07-02" id="root" itemid="55867" xml:lang="pt">
<title></title>
<headline> SaeR organiza congresso &apos;Economia e sociedade&apos;. </headline>
<byline></byline>
<dateline></dateline>
<text>
<p> LISBOA, 2 Jul (Reuter) - A SaeR-Sociedade de Avaliação de Empresas e Risco organiza, no dia 4 de Julho, no Centro de Congressos da FIL, o Segundo Congresso SaeR &apos;Economia e Sociedade, anunciou a SaeR. </p>
<p> Este congresso visa debater temas de relevo para a sociedade portuguesa, quer no plano económico, quer no plano social, refere uma nota da SaeR. </p>
<p> Participam, entre outros, Ernâni Lopes, sócio-gerente da SaeR, e António Correia de Campos, presidente do Instituto Nacional de Administração (INA). </p>
<p> - Lisboa Editorial, 351.1.3113121. </p>
<p> (c) Reuters Limited 1997. </p></text>
<copyright>(c) Reuters Limited 1997</copyright>
<metadata>
<codes class="bip:countries:1.0">
<code code="yWKVczMYHH">
<editdetail action="confirmed" attribution="Reuters BIP Coding Group" date="1997-07-02"></editdetail></code>
<code code="VMEXkASNfH">
<editdetail action="confirmed" attribution="Reuters BIP Coding Group" date="1997-07-02"></editdetail></code>
<code code="ZuJVvfgdMY">
<editdetail action="confirmed" attribution="Reuters BIP Coding Group" date="1997-07-02"></editdetail></code></codes>
<codes class="bip:topics:1.0">
<code code="hNJVirHGVF">
<editdetail action="confirmed" attribution="Reuters BIP Coding Group" date="1997-07-02"></editdetail></code></codes>
<dc element="dc.publisher" value="Reuters Holdings Plc"></dc>
<dc element="dc.datepublished" value="1997-07-02"></dc>
<dc element="dc.source" value="Reuters - Notícias em Português"></dc>
<dc element="dc.creator.location" value=""></dc>
<dc element="dc.creator.location.country.name" value=""></dc></metadata></newsitem>