<?xml version="1.0" encoding="UTF-8"?>

<newsitem date="1996-12-19" id="root" itemid="51348" xml:lang="pt">
<title></title>
<headline> ESCUDO ABRE CALMO, EXPECTATIVA BUNDESBANK. </headline>
<byline></byline>
<dateline></dateline>
<text>
<p> O escudo abriu calmo e sem muito movimento, próximo dos níveis do fecho de ontem e não se esperando grandes oscilações, devendo o escudo manter-se dentro do range 100,80 a 101,00 por marco. Expectativa sobre a reunião de hoje do Bundesbank, sobre um possível corte na repo depois da desaceleração do M3 em Novembro. </p>
<p> (c) Reuters Limited 1996. </p></text>
<copyright>(c) Reuters Limited 1996</copyright>
<metadata>
<codes class="bip:countries:1.0">
<code code="IZnwDVpeYx">
<editdetail action="confirmed" attribution="Reuters BIP Coding Group" date="1996-12-19"></editdetail></code>
<code code="tBPNvyHVPT">
<editdetail action="confirmed" attribution="Reuters BIP Coding Group" date="1996-12-19"></editdetail></code>
<code code="CwTtAeHxId">
<editdetail action="confirmed" attribution="Reuters BIP Coding Group" date="1996-12-19"></editdetail></code></codes>
<codes class="bip:topics:1.0">
<code code="PfsYwVKNpA">
<editdetail action="confirmed" attribution="Reuters BIP Coding Group" date="1996-12-19"></editdetail></code>
<code code="SrYikpMHLb">
<editdetail action="confirmed" attribution="Reuters BIP Coding Group" date="1996-12-19"></editdetail></code>
<code code="xaVbzAJuDl">
<editdetail action="confirmed" attribution="Reuters BIP Coding Group" date="1996-12-19"></editdetail></code></codes>
<dc element="dc.publisher" value="Reuters Holdings Plc"></dc>
<dc element="dc.datepublished" value="1996-12-19"></dc>
<dc element="dc.source" value="Reuters - Notícias em Português"></dc>
<dc element="dc.creator.location" value=""></dc>
<dc element="dc.creator.location.country.name" value=""></dc></metadata></newsitem>