<?xml version="1.0" encoding="UTF-8"?>

<newsitem date="1997-01-30" id="root" itemid="52219" xml:lang="pt">
<title></title>
<headline> ACÇÕES ABREM BASTANTE CALMAS, SOMAGUE CAI 10 PCT. </headline>
<byline></byline>
<dateline></dateline>
<text>
<p> As acções do Contínuo abriram bastante calmas e praticamente sem história, destacando-se a descida da Somague quase em 10 pct até aos 1.900 escudos, depois das notícias sobre a compra do sector da construção da A.Silva &amp; Silva e os valores que envolvem esta aquisição. Dealers não esperam grandes alterações da tendência para hoje a não ser que o mercado se decida por seguir a abertura da Wall Street, situação que não se tem verificado. </p>
<p> (c) Reuters Limited 1997. </p></text>
<copyright>(c) Reuters Limited 1997</copyright>
<metadata>
<codes class="bip:countries:1.0">
<code code="nzZbsAJIkf">
<editdetail action="confirmed" attribution="Reuters BIP Coding Group" date="1997-01-30"></editdetail></code>
<code code="TBzqwSADzm">
<editdetail action="confirmed" attribution="Reuters BIP Coding Group" date="1997-01-30"></editdetail></code>
<code code="UinFklsQqg">
<editdetail action="confirmed" attribution="Reuters BIP Coding Group" date="1997-01-30"></editdetail></code></codes>
<codes class="bip:topics:1.0">
<code code="DiSQgteaCI">
<editdetail action="confirmed" attribution="Reuters BIP Coding Group" date="1997-01-30"></editdetail></code>
<code code="pPRMmKSkMB">
<editdetail action="confirmed" attribution="Reuters BIP Coding Group" date="1997-01-30"></editdetail></code></codes>
<dc element="dc.publisher" value="Reuters Holdings Plc"></dc>
<dc element="dc.datepublished" value="1997-01-30"></dc>
<dc element="dc.source" value="Reuters - Notícias em Português"></dc>
<dc element="dc.creator.location" value=""></dc>
<dc element="dc.creator.location.country.name" value=""></dc></metadata></newsitem>