<?xml version="1.0" encoding="UTF-8"?>

<newsitem date="1996-11-27" id="root" itemid="50829" xml:lang="pt">
<title></title>
<headline> ESCUDO SEGUE CALMO MEIA SESSÃO NOS 101 POR MARCO. </headline>
<byline></byline>
<dateline></dateline>
<text>
<p> O escudo seguia próximo dos 101,00 por marco na meia sessão mas a mostrar tendência para a descida face à moeda alemã, com a maioria das moedas europeias estáveis, excepto uma ligeira subida da lira. &quot;O escudo está calmo, embora com uma ligeira tendência para a descida&quot;, disse um operador. </p>
<p> (c) Reuters Limited 1996. </p></text>
<copyright>(c) Reuters Limited 1996</copyright>
<metadata>
<codes class="bip:countries:1.0">
<code code="uGbNYkaBOW">
<editdetail action="confirmed" attribution="Reuters BIP Coding Group" date="1996-11-27"></editdetail></code>
<code code="DPvreHioOQ">
<editdetail action="confirmed" attribution="Reuters BIP Coding Group" date="1996-11-27"></editdetail></code>
<code code="xjFHBuShQW">
<editdetail action="confirmed" attribution="Reuters BIP Coding Group" date="1996-11-27"></editdetail></code></codes>
<codes class="bip:topics:1.0">
<code code="zODBrlnvHg">
<editdetail action="confirmed" attribution="Reuters BIP Coding Group" date="1996-11-27"></editdetail></code>
<code code="hFaAnSdhCA">
<editdetail action="confirmed" attribution="Reuters BIP Coding Group" date="1996-11-27"></editdetail></code>
<code code="YPGjgnKcGC">
<editdetail action="confirmed" attribution="Reuters BIP Coding Group" date="1996-11-27"></editdetail></code></codes>
<dc element="dc.publisher" value="Reuters Holdings Plc"></dc>
<dc element="dc.datepublished" value="1996-11-27"></dc>
<dc element="dc.source" value="Reuters - Notícias em Português"></dc>
<dc element="dc.creator.location" value=""></dc>
<dc element="dc.creator.location.country.name" value=""></dc></metadata></newsitem>