<?xml version="1.0" encoding="UTF-8"?>

<newsitem date="1997-01-14" id="root" itemid="51769" xml:lang="pt">
<title></title>
<headline> ACÇÕES PREVÊEM-SE CALMAS, EXPECTATIVA INFLAÇÃO EUA. </headline>
<byline></byline>
<dateline></dateline>
<text>
<p> As acções do Contínuo e os futuros sobre o PSI20 deverão abrir sem fortes movimentos, seguindo os mercados externos, sendo possivel que surjam algumas vendas pontuais, depois das fortes subidas. Dealers disseram que os olhos dos investidores vão estar na repercussão que a inflação nos EUA possa ter nos mercados de capitais. </p>
<p> (c) Reuters Limited 1997. </p></text>
<copyright>(c) Reuters Limited 1997</copyright>
<metadata>
<codes class="bip:countries:1.0">
<code code="MiQXlyBQes">
<editdetail action="confirmed" attribution="Reuters BIP Coding Group" date="1997-01-14"></editdetail></code>
<code code="qxzZBzDDwq">
<editdetail action="confirmed" attribution="Reuters BIP Coding Group" date="1997-01-14"></editdetail></code>
<code code="akfQLkkGPc">
<editdetail action="confirmed" attribution="Reuters BIP Coding Group" date="1997-01-14"></editdetail></code></codes>
<codes class="bip:topics:1.0">
<code code="HRkyNJtKSq">
<editdetail action="confirmed" attribution="Reuters BIP Coding Group" date="1997-01-14"></editdetail></code>
<code code="gWqCdOYhGa">
<editdetail action="confirmed" attribution="Reuters BIP Coding Group" date="1997-01-14"></editdetail></code></codes>
<dc element="dc.publisher" value="Reuters Holdings Plc"></dc>
<dc element="dc.datepublished" value="1997-01-14"></dc>
<dc element="dc.source" value="Reuters - Notícias em Português"></dc>
<dc element="dc.creator.location" value=""></dc>
<dc element="dc.creator.location.country.name" value=""></dc></metadata></newsitem>