<?xml version="1.0" encoding="UTF-8"?>

<newsitem date="1997-02-13" id="root" itemid="52527" xml:lang="pt">
<title></title>
<headline> ACÇÕES ABREM MISTAS, MAS SOTTO BRILHA NA SUBIDA. </headline>
<byline></byline>
<dateline></dateline>
<text>
<p> As acções do Contínuo abriram mistas, com o Sotto a mostrar forte procura e a testar os 1.400 escudos, suportado por aquilo que o mercado pensa ser o seu novo estatuto dentro do grupo Champalimaud, e com as telecomunicações com comportamentos diferentes, com a PT a cair e a Telecel a subir. Dealers admitem que um sentimento positivo ao longo do dia, suportado por um dólar firme e alta das Bolsas europeias. (c) Reuters Limited 1997. </p></text>
<copyright>(c) Reuters Limited 1997</copyright>
<metadata>
<codes class="bip:countries:1.0">
<code code="YrtWSvtvkP">
<editdetail action="confirmed" attribution="Reuters BIP Coding Group" date="1997-02-13"></editdetail></code>
<code code="UvlxYVFPIG">
<editdetail action="confirmed" attribution="Reuters BIP Coding Group" date="1997-02-13"></editdetail></code>
<code code="qzbqsnfxaF">
<editdetail action="confirmed" attribution="Reuters BIP Coding Group" date="1997-02-13"></editdetail></code></codes>
<codes class="bip:topics:1.0">
<code code="uvbrzFJWvm">
<editdetail action="confirmed" attribution="Reuters BIP Coding Group" date="1997-02-13"></editdetail></code>
<code code="sjsvrfNydC">
<editdetail action="confirmed" attribution="Reuters BIP Coding Group" date="1997-02-13"></editdetail></code></codes>
<dc element="dc.publisher" value="Reuters Holdings Plc"></dc>
<dc element="dc.datepublished" value="1997-02-13"></dc>
<dc element="dc.source" value="Reuters - Notícias em Português"></dc>
<dc element="dc.creator.location" value=""></dc>
<dc element="dc.creator.location.country.name" value=""></dc></metadata></newsitem>