<?xml version="1.0" encoding="UTF-8"?>

<newsitem date="1996-12-27" id="root" itemid="51468" xml:lang="pt">
<title></title>
<headline> ESCUDO CALMO E ESTÁVEL VS MARCO AO LONGO DA MANHÃ. </headline>
<byline></byline>
<dateline></dateline>
<text>
<p> O escudo manteve-se calmo e estabilizado contra o marco ao longo da manhã, não se perspectivando qualquer alteração desta apatia em que se encontra mergulhado. Dealers dizem que o escudo deverá oscilar entre 100,65 e 100,75 por marco. </p>
<p>     ----Lisboa Editorial, 351.1.3113121. </p>
<p> (c) Reuters Limited 1996. </p></text>
<copyright>(c) Reuters Limited 1996</copyright>
<metadata>
<codes class="bip:countries:1.0">
<code code="eqDRYXsCLJ">
<editdetail action="confirmed" attribution="Reuters BIP Coding Group" date="1996-12-27"></editdetail></code>
<code code="XVTUXQbvfV">
<editdetail action="confirmed" attribution="Reuters BIP Coding Group" date="1996-12-27"></editdetail></code>
<code code="VezBfPwSLK">
<editdetail action="confirmed" attribution="Reuters BIP Coding Group" date="1996-12-27"></editdetail></code></codes>
<codes class="bip:topics:1.0">
<code code="hGDgZBgoPB">
<editdetail action="confirmed" attribution="Reuters BIP Coding Group" date="1996-12-27"></editdetail></code>
<code code="JpvxVeDSxK">
<editdetail action="confirmed" attribution="Reuters BIP Coding Group" date="1996-12-27"></editdetail></code>
<code code="ILWMOXKYwb">
<editdetail action="confirmed" attribution="Reuters BIP Coding Group" date="1996-12-27"></editdetail></code></codes>
<dc element="dc.publisher" value="Reuters Holdings Plc"></dc>
<dc element="dc.datepublished" value="1996-12-27"></dc>
<dc element="dc.source" value="Reuters - Notícias em Português"></dc>
<dc element="dc.creator.location" value=""></dc>
<dc element="dc.creator.location.country.name" value=""></dc></metadata></newsitem>