<?xml version="1.0" encoding="UTF-8"?>

<newsitem date="1997-07-24" id="root" itemid="56502" xml:lang="pt">
<title></title>
<headline> Banco Portugal diz TRM 5,4 pct sem procura - (BPDF). </headline>
<byline></byline>
<dateline></dateline>
<text>
<p> LISBOA, 24 Jul (Reuter) - O Banco de Portugal (BP) disse que não houve procura para a absorção de fundos contra a venda de Títulos de Regularização Monetária (TRM) a quatro dias à taxa fixa de 5,4 pct propostos esta manhã. </p>
<p> No âmbito da cedência, o BP injectou no mercado 10 milhões de contos também a quatro dias à taxa média ponderada de 5,70 pct, contra 5,72 pct na anterior cedência. </p>
<p> - Lisboa Editorial, 351.1.3113126. </p>
<p> (c) Reuters Limited 1997. </p></text>
<copyright>(c) Reuters Limited 1997</copyright>
<metadata>
<codes class="bip:countries:1.0">
<code code="vRYeVdRDRx">
<editdetail action="confirmed" attribution="Reuters BIP Coding Group" date="1997-07-24"></editdetail></code>
<code code="DPSIXVMqtu">
<editdetail action="confirmed" attribution="Reuters BIP Coding Group" date="1997-07-24"></editdetail></code>
<code code="BJRXcCldcG">
<editdetail action="confirmed" attribution="Reuters BIP Coding Group" date="1997-07-24"></editdetail></code></codes>
<codes class="bip:topics:1.0">
<code code="XqjvbYZmnZ">
<editdetail action="confirmed" attribution="Reuters BIP Coding Group" date="1997-07-24"></editdetail></code>
<code code="CEErbTpQhQ">
<editdetail action="confirmed" attribution="Reuters BIP Coding Group" date="1997-07-24"></editdetail></code></codes>
<dc element="dc.publisher" value="Reuters Holdings Plc"></dc>
<dc element="dc.datepublished" value="1997-07-24"></dc>
<dc element="dc.source" value="Reuters - Notícias em Português"></dc>
<dc element="dc.creator.location" value=""></dc>
<dc element="dc.creator.location.country.name" value=""></dc></metadata></newsitem>