<?xml version="1.0" encoding="UTF-8"?>

<newsitem date="1996-10-22" id="root" itemid="49944" xml:lang="pt">
<title></title>
<headline> FUTURO OT DEZ/96 102,20 CONTRA 102,32 FECHO. </headline>
<byline></byline>
<dateline></dateline>
<text>
<p> *Futuro (BDPOTZ6)Dez/96 102,20 vs 102,32 no fecho anterior *Futuro Bono (MFFZ6)Dez/96 106,90 vs 107,03 fecho anterior *Banco Suécia baixa repo 10 bp para 4,85 pct *Tesouro leiloa 20 MC OT/Mar/96/01,sem contar tranche OEVT *Mercado espera TMP leilão OT/Mar/01 saia de 6,76 a 6,86 pct </p>
<p> - Lisboa Editorial, 351-1-3150035 (c) Reuters Limited 1996. </p></text>
<copyright>(c) Reuters Limited 1996</copyright>
<metadata>
<codes class="bip:countries:1.0">
<code code="OiuvQQaqmV">
<editdetail action="confirmed" attribution="Reuters BIP Coding Group" date="1996-10-22"></editdetail></code>
<code code="QDgGTGuoDV">
<editdetail action="confirmed" attribution="Reuters BIP Coding Group" date="1996-10-22"></editdetail></code>
<code code="DKWktoxHrD">
<editdetail action="confirmed" attribution="Reuters BIP Coding Group" date="1996-10-22"></editdetail></code></codes>
<codes class="bip:topics:1.0">
<code code="XgaGhUKEBM">
<editdetail action="confirmed" attribution="Reuters BIP Coding Group" date="1996-10-22"></editdetail></code>
<code code="yhleiEdLkw">
<editdetail action="confirmed" attribution="Reuters BIP Coding Group" date="1996-10-22"></editdetail></code></codes>
<dc element="dc.publisher" value="Reuters Holdings Plc"></dc>
<dc element="dc.datepublished" value="1996-10-22"></dc>
<dc element="dc.source" value="Reuters - Notícias em Português"></dc>
<dc element="dc.creator.location" value=""></dc>
<dc element="dc.creator.location.country.name" value=""></dc></metadata></newsitem>