<?xml version="1.0" encoding="UTF-8"?>

<newsitem date="1997-06-20" id="root" itemid="55569" xml:lang="pt">
<title></title>
<headline> Acções prevêem-se sem fortes oscilações, destaque EDP. </headline>
<byline></byline>
<dateline></dateline>
<text>
<p> As acções do Contínuo deverão abrir sem fortes oscilações e dealers admitiram que possam-se observar-se ligeiros ganhos, apesar de esta semana os mercados terem registado algumas quedas. As acções da EDP deverão continuar a destacar-se, podendo também a Portugal Telecom, Cimpor e o BCP (com a análise da Schroders Securities) destacar-se. </p>
<p> - Fernanda Pargana, Lisboa Editorial, 351-1-3113125. </p>
<p> (c) Reuters Limited 1997. </p></text>
<copyright>(c) Reuters Limited 1997</copyright>
<metadata>
<codes class="bip:countries:1.0">
<code code="orGWlSFqRE">
<editdetail action="confirmed" attribution="Reuters BIP Coding Group" date="1997-06-20"></editdetail></code>
<code code="KifQiRDCdK">
<editdetail action="confirmed" attribution="Reuters BIP Coding Group" date="1997-06-20"></editdetail></code>
<code code="pPOWvznhbi">
<editdetail action="confirmed" attribution="Reuters BIP Coding Group" date="1997-06-20"></editdetail></code></codes>
<codes class="bip:topics:1.0">
<code code="uEHVlZAPQx">
<editdetail action="confirmed" attribution="Reuters BIP Coding Group" date="1997-06-20"></editdetail></code>
<code code="JixvQiDsce">
<editdetail action="confirmed" attribution="Reuters BIP Coding Group" date="1997-06-20"></editdetail></code></codes>
<dc element="dc.publisher" value="Reuters Holdings Plc"></dc>
<dc element="dc.datepublished" value="1997-06-20"></dc>
<dc element="dc.source" value="Reuters - Notícias em Português"></dc>
<dc element="dc.creator.location" value=""></dc>
<dc element="dc.creator.location.country.name" value=""></dc></metadata></newsitem>