<?xml version="1.0" encoding="UTF-8"?>

<newsitem date="1996-10-15" id="root" itemid="49756" xml:lang="pt">
<title></title>
<headline> ESCUDO ABRE CALMO, COM VONTADE MANTER-SE SONOLENTO. </headline>
<byline></byline>
<dateline></dateline>
<text>
<p> O escudo abriu calmo, estabilizado nos 101,10 por marco, a reflectir a grande apatia das restantes moedas europeias e também do dólar, que continuar sem definir um rumo. Dealers dizem que a sessão de hoje deverá ser muito idêntica à de ontem, com um range estreito e poucos interesses. </p>
<p> (c) Reuters Limited 1996. </p></text>
<copyright>(c) Reuters Limited 1996</copyright>
<metadata>
<codes class="bip:countries:1.0">
<code code="uphHSTkhCz">
<editdetail action="confirmed" attribution="Reuters BIP Coding Group" date="1996-10-15"></editdetail></code>
<code code="OzHDNhMrLc">
<editdetail action="confirmed" attribution="Reuters BIP Coding Group" date="1996-10-15"></editdetail></code>
<code code="ARrDpVRazK">
<editdetail action="confirmed" attribution="Reuters BIP Coding Group" date="1996-10-15"></editdetail></code></codes>
<codes class="bip:topics:1.0">
<code code="zmEPuBjZOL">
<editdetail action="confirmed" attribution="Reuters BIP Coding Group" date="1996-10-15"></editdetail></code>
<code code="LLKLLUjcyu">
<editdetail action="confirmed" attribution="Reuters BIP Coding Group" date="1996-10-15"></editdetail></code>
<code code="kBUjsXgOcs">
<editdetail action="confirmed" attribution="Reuters BIP Coding Group" date="1996-10-15"></editdetail></code></codes>
<dc element="dc.publisher" value="Reuters Holdings Plc"></dc>
<dc element="dc.datepublished" value="1996-10-15"></dc>
<dc element="dc.source" value="Reuters - Notícias em Português"></dc>
<dc element="dc.creator.location" value=""></dc>
<dc element="dc.creator.location.country.name" value=""></dc></metadata></newsitem>