<?xml version="1.0" encoding="UTF-8"?>

<newsitem date="1996-10-17" id="root" itemid="49853" xml:lang="pt">
<title></title>
<headline> BP COM NOVAS NOTAS 1.000 E 10.000 ESCUDOS. </headline>
<byline></byline>
<dateline></dateline>
<text>
<p> LISBOA, 17 Out (Reuter) - O Banco de Portugal (BP) vai pôr em circulação novas notas de mil e de 10 mil escudos, integradas numa nova série dedicada aos Descobrimentos, anunciou a instituição. </p>
<p> As informações relativas às suas características físicas e artísticas serão prestadas, na próxima segunda-feira, durante uma conferência de Imprensa, presidida pelo governador do BP, António de Sousa. </p>
<p> - Lisboa Editorial, 351.1.3113121. </p>
<p> (c) Reuters Limited 1996. </p></text>
<copyright>(c) Reuters Limited 1996</copyright>
<metadata>
<codes class="bip:countries:1.0">
<code code="XOkCHNJSRC">
<editdetail action="confirmed" attribution="Reuters BIP Coding Group" date="1996-10-17"></editdetail></code>
<code code="OWPimhgbwT">
<editdetail action="confirmed" attribution="Reuters BIP Coding Group" date="1996-10-17"></editdetail></code>
<code code="eHfJNejiNe">
<editdetail action="confirmed" attribution="Reuters BIP Coding Group" date="1996-10-17"></editdetail></code></codes>
<codes class="bip:topics:1.0">
<code code="vUYsrLSBXB">
<editdetail action="confirmed" attribution="Reuters BIP Coding Group" date="1996-10-17"></editdetail></code>
<code code="bqOiVLpuPQ">
<editdetail action="confirmed" attribution="Reuters BIP Coding Group" date="1996-10-17"></editdetail></code></codes>
<dc element="dc.publisher" value="Reuters Holdings Plc"></dc>
<dc element="dc.datepublished" value="1996-10-17"></dc>
<dc element="dc.source" value="Reuters - Notícias em Português"></dc>
<dc element="dc.creator.location" value=""></dc>
<dc element="dc.creator.location.country.name" value=""></dc></metadata></newsitem>