<?xml version="1.0" encoding="UTF-8"?>

<newsitem date="1996-12-31" id="root" itemid="51506" xml:lang="pt">
<title></title>
<headline> ESCUDO ABRE CALMO E ESTÁVEL CONTRA O MARCO. </headline>
<byline></byline>
<dateline></dateline>
<text>
<p> O escudo abriu calmo e estabilizado contra o marco, numa sessão que vai ser marcada pela ausência de interesses, com o mercado a limitar-se a quadrar posições e a realizar operações de clientela que possam aparecer. Dealers dizem que o escudo deverá oscilar entre 100,65 e 100,75 por marco. </p>
<p> (c) Reuters Limited 1996. </p></text>
<copyright>(c) Reuters Limited 1996</copyright>
<metadata>
<codes class="bip:countries:1.0">
<code code="zlkYRZCbhx">
<editdetail action="confirmed" attribution="Reuters BIP Coding Group" date="1996-12-31"></editdetail></code>
<code code="iJOHVKdAHA">
<editdetail action="confirmed" attribution="Reuters BIP Coding Group" date="1996-12-31"></editdetail></code>
<code code="qscBjPfZQj">
<editdetail action="confirmed" attribution="Reuters BIP Coding Group" date="1996-12-31"></editdetail></code></codes>
<codes class="bip:topics:1.0">
<code code="KNvdgwEGHE">
<editdetail action="confirmed" attribution="Reuters BIP Coding Group" date="1996-12-31"></editdetail></code>
<code code="IoXuQFpojJ">
<editdetail action="confirmed" attribution="Reuters BIP Coding Group" date="1996-12-31"></editdetail></code>
<code code="SMNnTPHegI">
<editdetail action="confirmed" attribution="Reuters BIP Coding Group" date="1996-12-31"></editdetail></code></codes>
<dc element="dc.publisher" value="Reuters Holdings Plc"></dc>
<dc element="dc.datepublished" value="1996-12-31"></dc>
<dc element="dc.source" value="Reuters - Notícias em Português"></dc>
<dc element="dc.creator.location" value=""></dc>
<dc element="dc.creator.location.country.name" value=""></dc></metadata></newsitem>