<?xml version="1.0" encoding="UTF-8"?>

<newsitem date="1997-06-11" id="root" itemid="55323" xml:lang="pt">
<title></title>
<headline> Futuro OT Jun97 abre subir 0,15 pontos para 109,20. </headline>
<byline></byline>
<dateline></dateline>
<text>
<p> LISBOA, 11 Jun (Reuter) - O futuro sobre as OT a 10 anos com vencimento em Junho de 1997 (BDPOTM7)abriu a subir 0,15 pontos para 109,20, subindo depois para 109,50, com 40 contratos negociados. </p>
<p> - Lisboa Editorial, 351.1.3113121. </p>
<p> (c) Reuters Limited 1997. </p></text>
<copyright>(c) Reuters Limited 1997</copyright>
<metadata>
<codes class="bip:countries:1.0">
<code code="MSJbNpaNiJ">
<editdetail action="confirmed" attribution="Reuters BIP Coding Group" date="1997-06-11"></editdetail></code>
<code code="MywMnyIvTS">
<editdetail action="confirmed" attribution="Reuters BIP Coding Group" date="1997-06-11"></editdetail></code>
<code code="ThoRCQywEz">
<editdetail action="confirmed" attribution="Reuters BIP Coding Group" date="1997-06-11"></editdetail></code></codes>
<codes class="bip:topics:1.0">
<code code="ffcwNvyqHx">
<editdetail action="confirmed" attribution="Reuters BIP Coding Group" date="1997-06-11"></editdetail></code>
<code code="tGgmXhtuqY">
<editdetail action="confirmed" attribution="Reuters BIP Coding Group" date="1997-06-11"></editdetail></code></codes>
<dc element="dc.publisher" value="Reuters Holdings Plc"></dc>
<dc element="dc.datepublished" value="1997-06-11"></dc>
<dc element="dc.source" value="Reuters - Notícias em Português"></dc>
<dc element="dc.creator.location" value=""></dc>
<dc element="dc.creator.location.country.name" value=""></dc></metadata></newsitem>