<?xml version="1.0" encoding="UTF-8"?>

<newsitem date="1997-05-07" id="root" itemid="54496" xml:lang="pt">
<title></title>
<headline> PSI20 cai 0,39 pct para 6.703,17 pontos. </headline>
<byline></byline>
<dateline></dateline>
<text>
<p> LISBOA, 7 Mai (Reuter) - O índice PSI20 caiu 25,99 pontos ou 0,39 pct para 6.703,17 pontos. </p>
<p> (c) Reuters Limited 1997. </p></text>
<copyright>(c) Reuters Limited 1997</copyright>
<metadata>
<codes class="bip:countries:1.0">
<code code="RVXOYISIii">
<editdetail action="confirmed" attribution="Reuters BIP Coding Group" date="1997-05-07"></editdetail></code>
<code code="NSbXiaShmx">
<editdetail action="confirmed" attribution="Reuters BIP Coding Group" date="1997-05-07"></editdetail></code>
<code code="WlDlKrbkah">
<editdetail action="confirmed" attribution="Reuters BIP Coding Group" date="1997-05-07"></editdetail></code></codes>
<codes class="bip:topics:1.0">
<code code="tWylPDFBnK">
<editdetail action="confirmed" attribution="Reuters BIP Coding Group" date="1997-05-07"></editdetail></code>
<code code="mJzQnwcmPS">
<editdetail action="confirmed" attribution="Reuters BIP Coding Group" date="1997-05-07"></editdetail></code></codes>
<dc element="dc.publisher" value="Reuters Holdings Plc"></dc>
<dc element="dc.datepublished" value="1997-05-07"></dc>
<dc element="dc.source" value="Reuters - Notícias em Português"></dc>
<dc element="dc.creator.location" value=""></dc>
<dc element="dc.creator.location.country.name" value=""></dc></metadata></newsitem>