<?xml version="1.0" encoding="UTF-8"?>

<newsitem date="1997-07-02" id="root" itemid="55878" xml:lang="pt">
<title></title>
<headline> Índice PSI20 sobe 1,56 pct para 7.539,93 pontos. </headline>
<byline></byline>
<dateline></dateline>
<text>
<p> LISBOA, 2 Jul (Reuter) - O índice PSI20 subiu 116,17 pontos ou 1,56 pct para 7.539,93 pontos. </p>
<p> (c) Reuters Limited 1997. </p></text>
<copyright>(c) Reuters Limited 1997</copyright>
<metadata>
<codes class="bip:countries:1.0">
<code code="mZsRFBWmwo">
<editdetail action="confirmed" attribution="Reuters BIP Coding Group" date="1997-07-02"></editdetail></code>
<code code="JFcRwOjeHr">
<editdetail action="confirmed" attribution="Reuters BIP Coding Group" date="1997-07-02"></editdetail></code>
<code code="tQzYkaBRvr">
<editdetail action="confirmed" attribution="Reuters BIP Coding Group" date="1997-07-02"></editdetail></code></codes>
<codes class="bip:topics:1.0">
<code code="DIFrjrMlTL">
<editdetail action="confirmed" attribution="Reuters BIP Coding Group" date="1997-07-02"></editdetail></code>
<code code="EBorXfqwTD">
<editdetail action="confirmed" attribution="Reuters BIP Coding Group" date="1997-07-02"></editdetail></code></codes>
<dc element="dc.publisher" value="Reuters Holdings Plc"></dc>
<dc element="dc.datepublished" value="1997-07-02"></dc>
<dc element="dc.source" value="Reuters - Notícias em Português"></dc>
<dc element="dc.creator.location" value=""></dc>
<dc element="dc.creator.location.country.name" value=""></dc></metadata></newsitem>