<?xml version="1.0" encoding="UTF-8"?>

<newsitem date="1997-06-26" id="root" itemid="55735" xml:lang="pt">
<title></title>
<headline> Futuro PSI20 Jul97 sobe 28 pontos para 7.429. </headline>
<byline></byline>
<dateline></dateline>
<text>
<p> *Futuro PSI20 Jul97 (PSI20N7)sobe 28 pontos para 7.429 *Índice PSI-20 (.PSI20)sobe 0,04 pct para 7.388,53 pontos *P.Fernandes sobe 20 escudos p/560, com 240.000 *EDP cai 12 escudos para 3.206. Negociadas 98.775 *BPSM sobe 20 escudos para 1.500. Negociadas 86.500 *BCP estável nos 3.340 escudos. Negociadas 1.600 *BPI-SGPS sobe 7 escudos para 3.435. Negociadas 1.400. </p>
<p>    ---Paula Cordeiro, Lisboa Editorial, 351-1-3113125. </p>
<p> (c) Reuters Limited 1997. </p></text>
<copyright>(c) Reuters Limited 1997</copyright>
<metadata>
<codes class="bip:countries:1.0">
<code code="BHiZhCmtah">
<editdetail action="confirmed" attribution="Reuters BIP Coding Group" date="1997-06-26"></editdetail></code>
<code code="dshcjWiWpv">
<editdetail action="confirmed" attribution="Reuters BIP Coding Group" date="1997-06-26"></editdetail></code>
<code code="omEJlteYXF">
<editdetail action="confirmed" attribution="Reuters BIP Coding Group" date="1997-06-26"></editdetail></code></codes>
<codes class="bip:topics:1.0">
<code code="aTHKbaxhvH">
<editdetail action="confirmed" attribution="Reuters BIP Coding Group" date="1997-06-26"></editdetail></code>
<code code="cYeaQyTsJu">
<editdetail action="confirmed" attribution="Reuters BIP Coding Group" date="1997-06-26"></editdetail></code></codes>
<dc element="dc.publisher" value="Reuters Holdings Plc"></dc>
<dc element="dc.datepublished" value="1997-06-26"></dc>
<dc element="dc.source" value="Reuters - Notícias em Português"></dc>
<dc element="dc.creator.location" value=""></dc>
<dc element="dc.creator.location.country.name" value=""></dc></metadata></newsitem>