<?xml version="1.0" encoding="UTF-8"?>

<newsitem date="1997-02-24" id="root" itemid="52768" xml:lang="pt">
<title></title>
<headline> ACÇÕES PREVÊEM-SE FRACAS COM MERCADOS EUROPEUS. </headline>
<byline></byline>
<dateline></dateline>
<text>
<p> As acções do Contínuo deverão abrir fracas, seguindo o momento negativo dos mercados europeus, depois do fecho flat da Nova Iorque. Operadores afirmaram que a fraqueza do dólar também deverá afectar o sentimento do mercado. As acções da Portugal Telecom (PT) poderão ajustar ao fecho de Nova Iorque nos 35 dólares. </p>
<p> (c) Reuters Limited 1997. </p></text>
<copyright>(c) Reuters Limited 1997</copyright>
<metadata>
<codes class="bip:countries:1.0">
<code code="CmBdnTYNAW">
<editdetail action="confirmed" attribution="Reuters BIP Coding Group" date="1997-02-24"></editdetail></code>
<code code="rUeZVkGgjk">
<editdetail action="confirmed" attribution="Reuters BIP Coding Group" date="1997-02-24"></editdetail></code>
<code code="rPxkWRVVPr">
<editdetail action="confirmed" attribution="Reuters BIP Coding Group" date="1997-02-24"></editdetail></code></codes>
<codes class="bip:topics:1.0">
<code code="qOQfquwMSu">
<editdetail action="confirmed" attribution="Reuters BIP Coding Group" date="1997-02-24"></editdetail></code>
<code code="duoITBzhua">
<editdetail action="confirmed" attribution="Reuters BIP Coding Group" date="1997-02-24"></editdetail></code></codes>
<dc element="dc.publisher" value="Reuters Holdings Plc"></dc>
<dc element="dc.datepublished" value="1997-02-24"></dc>
<dc element="dc.source" value="Reuters - Notícias em Português"></dc>
<dc element="dc.creator.location" value=""></dc>
<dc element="dc.creator.location.country.name" value=""></dc></metadata></newsitem>