<?xml version="1.0" encoding="UTF-8"?>

<newsitem date="1997-06-02" id="root" itemid="55128" xml:lang="pt">
<title></title>
<headline> Índice PSI20 sobe 0,54 pct para 6.685,07 pontos. </headline>
<byline></byline>
<dateline></dateline>
<text>
<p> LISBOA, 2 Jun (Reuter) - O índice PSI20 subiu 35,99 pontos ou 0,54 pct para 6.685,07 pontos. </p>
<p> (c) Reuters Limited 1997. </p></text>
<copyright>(c) Reuters Limited 1997</copyright>
<metadata>
<codes class="bip:countries:1.0">
<code code="miJuIysTbo">
<editdetail action="confirmed" attribution="Reuters BIP Coding Group" date="1997-06-02"></editdetail></code>
<code code="tEWQZNAdeP">
<editdetail action="confirmed" attribution="Reuters BIP Coding Group" date="1997-06-02"></editdetail></code>
<code code="AOSJRMZAVm">
<editdetail action="confirmed" attribution="Reuters BIP Coding Group" date="1997-06-02"></editdetail></code></codes>
<codes class="bip:topics:1.0">
<code code="MzTZVxodwY">
<editdetail action="confirmed" attribution="Reuters BIP Coding Group" date="1997-06-02"></editdetail></code>
<code code="lUjMKjBDkx">
<editdetail action="confirmed" attribution="Reuters BIP Coding Group" date="1997-06-02"></editdetail></code></codes>
<dc element="dc.publisher" value="Reuters Holdings Plc"></dc>
<dc element="dc.datepublished" value="1997-06-02"></dc>
<dc element="dc.source" value="Reuters - Notícias em Português"></dc>
<dc element="dc.creator.location" value=""></dc>
<dc element="dc.creator.location.country.name" value=""></dc></metadata></newsitem>