<?xml version="1.0" encoding="UTF-8"?>

<newsitem date="1997-08-18" id="root" itemid="57046" xml:lang="pt">
<title></title>
<headline> Índice PSI20 cai 1,23 pct para 8.153,94 pontos. </headline>
<byline></byline>
<dateline></dateline>
<text>
<p> LISBOA, 18 Ago (Reuter) - O índice PSI20 caiu 1,23 pct ou 101,92 pontos para 8.153,94. </p>
<p> - Lisboa Editorial, 351.1.3113121. </p>
<p> (c) Reuters Limited 1997. </p></text>
<copyright>(c) Reuters Limited 1997</copyright>
<metadata>
<codes class="bip:countries:1.0">
<code code="NMsXErdKok">
<editdetail action="confirmed" attribution="Reuters BIP Coding Group" date="1997-08-18"></editdetail></code>
<code code="XouaTpcGdd">
<editdetail action="confirmed" attribution="Reuters BIP Coding Group" date="1997-08-18"></editdetail></code>
<code code="ElDyTWXkBI">
<editdetail action="confirmed" attribution="Reuters BIP Coding Group" date="1997-08-18"></editdetail></code></codes>
<codes class="bip:topics:1.0">
<code code="EdRlRVxUcp">
<editdetail action="confirmed" attribution="Reuters BIP Coding Group" date="1997-08-18"></editdetail></code>
<code code="jNwJcbWcsG">
<editdetail action="confirmed" attribution="Reuters BIP Coding Group" date="1997-08-18"></editdetail></code></codes>
<dc element="dc.publisher" value="Reuters Holdings Plc"></dc>
<dc element="dc.datepublished" value="1997-08-18"></dc>
<dc element="dc.source" value="Reuters - Notícias em Português"></dc>
<dc element="dc.creator.location" value=""></dc>
<dc element="dc.creator.location.country.name" value=""></dc></metadata></newsitem>