<?xml version="1.0" encoding="UTF-8"?>

<newsitem date="1997-06-20" id="root" itemid="55570" xml:lang="pt">
<title></title>
<headline> Problemas comunicação afectam abertura BDP. </headline>
<byline></byline>
<dateline></dateline>
<text>
<p> LISBOA, 20 Jun (Reuter) - Problemas de comunicação estão a afectar a abertura da Bolsa de Derivados do Porto (BDP), disse uma fonte da BDP. </p>
<p> Não está determinado quando a situação poderá ficar normalizada. </p>
<p> - Lisboa Editorial, 351.1.3113121. </p>
<p> (c) Reuters Limited 1997. </p></text>
<copyright>(c) Reuters Limited 1997</copyright>
<metadata>
<codes class="bip:countries:1.0">
<code code="AHEevfFSkb">
<editdetail action="confirmed" attribution="Reuters BIP Coding Group" date="1997-06-20"></editdetail></code>
<code code="SCDkZweNGz">
<editdetail action="confirmed" attribution="Reuters BIP Coding Group" date="1997-06-20"></editdetail></code>
<code code="gQOQEeYOSj">
<editdetail action="confirmed" attribution="Reuters BIP Coding Group" date="1997-06-20"></editdetail></code></codes>
<codes class="bip:topics:1.0">
<code code="JsKkkABoic">
<editdetail action="confirmed" attribution="Reuters BIP Coding Group" date="1997-06-20"></editdetail></code>
<code code="dHJaZCZLsn">
<editdetail action="confirmed" attribution="Reuters BIP Coding Group" date="1997-06-20"></editdetail></code></codes>
<dc element="dc.publisher" value="Reuters Holdings Plc"></dc>
<dc element="dc.datepublished" value="1997-06-20"></dc>
<dc element="dc.source" value="Reuters - Notícias em Português"></dc>
<dc element="dc.creator.location" value=""></dc>
<dc element="dc.creator.location.country.name" value=""></dc></metadata></newsitem>