<?xml version="1.0" encoding="UTF-8"?>

<newsitem date="1997-05-20" id="root" itemid="54780" xml:lang="pt">
<title></title>
<headline> Acções prevêem-se ilíquidas à espera FOMC da FED. </headline>
<byline></byline>
<dateline></dateline>
<text>
<p> As acções do Contínuo deverão abrir sem muito volume mas poderão descer alguma coisa, em sintonia com o mesmo sentimento de outras praças europeias como Paris e Londres, ainda que Nova Iorque tenha fechado a subir quase meio ponto. O principal factor de incerteza é a decisão do comité monetário da Reserva Federal americana, que reúne esta tarde. </p>
<p> - Fernanda Pargana, Lisboa Editorial, 351-1-3113125. </p>
<p> (c) Reuters Limited 1997. </p></text>
<copyright>(c) Reuters Limited 1997</copyright>
<metadata>
<codes class="bip:countries:1.0">
<code code="PusldgfKds">
<editdetail action="confirmed" attribution="Reuters BIP Coding Group" date="1997-05-20"></editdetail></code>
<code code="NnMGPdvRHy">
<editdetail action="confirmed" attribution="Reuters BIP Coding Group" date="1997-05-20"></editdetail></code>
<code code="efJnQtslvl">
<editdetail action="confirmed" attribution="Reuters BIP Coding Group" date="1997-05-20"></editdetail></code></codes>
<codes class="bip:topics:1.0">
<code code="QvlpWzzFeY">
<editdetail action="confirmed" attribution="Reuters BIP Coding Group" date="1997-05-20"></editdetail></code>
<code code="TdYQwbuqjd">
<editdetail action="confirmed" attribution="Reuters BIP Coding Group" date="1997-05-20"></editdetail></code></codes>
<dc element="dc.publisher" value="Reuters Holdings Plc"></dc>
<dc element="dc.datepublished" value="1997-05-20"></dc>
<dc element="dc.source" value="Reuters - Notícias em Português"></dc>
<dc element="dc.creator.location" value=""></dc>
<dc element="dc.creator.location.country.name" value=""></dc></metadata></newsitem>