<?xml version="1.0" encoding="UTF-8"?>

<newsitem date="1996-10-04" id="root" itemid="49512" xml:lang="pt">
<title></title>
<headline> ÍNDICE PSI20 SOBE 5,84 PONTOS PARA 4.777,34. </headline>
<byline></byline>
<dateline></dateline>
<text>
<p> LISBOA, 4 Out (Reuter) - O índice PSI20 subiu 5,84 pontos para 4.777,34. </p>
<p> (c) Reuters Limited 1996. </p></text>
<copyright>(c) Reuters Limited 1996</copyright>
<metadata>
<codes class="bip:countries:1.0">
<code code="HYLnDIklOR">
<editdetail action="confirmed" attribution="Reuters BIP Coding Group" date="1996-10-04"></editdetail></code>
<code code="tBWPvYoYfN">
<editdetail action="confirmed" attribution="Reuters BIP Coding Group" date="1996-10-04"></editdetail></code>
<code code="BlgdLZRbul">
<editdetail action="confirmed" attribution="Reuters BIP Coding Group" date="1996-10-04"></editdetail></code></codes>
<codes class="bip:topics:1.0">
<code code="qnocvoynXd">
<editdetail action="confirmed" attribution="Reuters BIP Coding Group" date="1996-10-04"></editdetail></code>
<code code="WHeJSbfHBb">
<editdetail action="confirmed" attribution="Reuters BIP Coding Group" date="1996-10-04"></editdetail></code></codes>
<dc element="dc.publisher" value="Reuters Holdings Plc"></dc>
<dc element="dc.datepublished" value="1996-10-04"></dc>
<dc element="dc.source" value="Reuters - Notícias em Português"></dc>
<dc element="dc.creator.location" value=""></dc>
<dc element="dc.creator.location.country.name" value=""></dc></metadata></newsitem>