<?xml version="1.0" encoding="UTF-8"?>

<newsitem date="1996-09-10" id="root" itemid="48790" xml:lang="pt">
<title></title>
<headline> ÍNDICE PSI20 ATINGE MÁXIMO 96 NOS 4.803,08 PONTOS. </headline>
<byline></byline>
<dateline></dateline>
<text>
<p> LISBOA, 10 Set (Reuter) - O índice PSI20 quebrou a barreira dos 4.800 pontos, subindo até ao máximo do ano nos 4.803,08 pontos. </p>
<p> (c) Reuters Limited 1996. </p></text>
<copyright>(c) Reuters Limited 1996</copyright>
<metadata>
<codes class="bip:countries:1.0">
<code code="CYtTlibaCT">
<editdetail action="confirmed" attribution="Reuters BIP Coding Group" date="1996-09-10"></editdetail></code>
<code code="WfkpChJxwL">
<editdetail action="confirmed" attribution="Reuters BIP Coding Group" date="1996-09-10"></editdetail></code>
<code code="QRpjWaBWUi">
<editdetail action="confirmed" attribution="Reuters BIP Coding Group" date="1996-09-10"></editdetail></code></codes>
<codes class="bip:topics:1.0">
<code code="RDUSKruVFG">
<editdetail action="confirmed" attribution="Reuters BIP Coding Group" date="1996-09-10"></editdetail></code>
<code code="HEZshOEnbN">
<editdetail action="confirmed" attribution="Reuters BIP Coding Group" date="1996-09-10"></editdetail></code></codes>
<dc element="dc.publisher" value="Reuters Holdings Plc"></dc>
<dc element="dc.datepublished" value="1996-09-10"></dc>
<dc element="dc.source" value="Reuters - Notícias em Português"></dc>
<dc element="dc.creator.location" value=""></dc>
<dc element="dc.creator.location.country.name" value=""></dc></metadata></newsitem>