<?xml version="1.0" encoding="UTF-8"?>

<newsitem date="1996-11-15" id="root" itemid="50581" xml:lang="pt">
<title></title>
<headline> ORÇAMENTO ESTADO 1997 APROVADO NA GENERALIDADE. </headline>
<byline></byline>
<dateline></dateline>
<text>
<p> LISBOA, 15 Nov (Reuter) - A proposta do Orçamento de Estado (OE) para 1997 foi hoje aprovada na generalidade com os votos a favor do Partido Socialista (PS), a abstenção do Partido Social Democrata (PSD), e os votos contra do Partido Popular (PP), Partido Comunista (PCP) e Partido os Verdes (PEV). </p>
<p> (c) Reuters Limited 1996. </p></text>
<copyright>(c) Reuters Limited 1996</copyright>
<metadata>
<codes class="bip:countries:1.0">
<code code="werxltfQXp">
<editdetail action="confirmed" attribution="Reuters BIP Coding Group" date="1996-11-15"></editdetail></code>
<code code="pWMfftbULC">
<editdetail action="confirmed" attribution="Reuters BIP Coding Group" date="1996-11-15"></editdetail></code>
<code code="arhRxPHUXC">
<editdetail action="confirmed" attribution="Reuters BIP Coding Group" date="1996-11-15"></editdetail></code></codes>
<codes class="bip:topics:1.0">
<code code="DcmgzScGJz">
<editdetail action="confirmed" attribution="Reuters BIP Coding Group" date="1996-11-15"></editdetail></code>
<code code="nyVSAyzAZe">
<editdetail action="confirmed" attribution="Reuters BIP Coding Group" date="1996-11-15"></editdetail></code>
<code code="cCOEfbViLl">
<editdetail action="confirmed" attribution="Reuters BIP Coding Group" date="1996-11-15"></editdetail></code></codes>
<dc element="dc.publisher" value="Reuters Holdings Plc"></dc>
<dc element="dc.datepublished" value="1996-11-15"></dc>
<dc element="dc.source" value="Reuters - Notícias em Português"></dc>
<dc element="dc.creator.location" value=""></dc>
<dc element="dc.creator.location.country.name" value=""></dc></metadata></newsitem>