<?xml version="1.0" encoding="UTF-8"?>

<newsitem date="1996-09-16" id="root" itemid="48931" xml:lang="pt">
<title></title>
<headline> FUTURO PSI20 SET96 SOBE 24 PONTOS PARA 4.832. </headline>
<byline></byline>
<dateline></dateline>
<text>
<p> *Futuro PSI20 Set96 sobe p/4.832 pontos vs 4.808 *Índice PSI20 cai 0,04 pct para 4.777,29 pontos *Lisnave sobe 13 escudos p/ 367. Negociadas 21.900 *BESCL estável nos 2.580 escudos. Negociadas 4.600 *BCP cai 9 escudos para 1.885. Negociadas 3.700 *Sonae Inv. sobe 5 escudos p/4.535. Negociadas 3.000 *PT sobe 10 escudos para 4.110. Negociadas 2.716 *Cimpor cai 20 escudos para 3.360. Negociadas 3.400. </p>
<p> - Paula Cordeiro, Lisboa Editorial, 351-1-3150035. (c) Reuters Limited 1996. </p></text>
<copyright>(c) Reuters Limited 1996</copyright>
<metadata>
<codes class="bip:countries:1.0">
<code code="OTSNhrGpxb">
<editdetail action="confirmed" attribution="Reuters BIP Coding Group" date="1996-09-16"></editdetail></code>
<code code="wAmpALGyhK">
<editdetail action="confirmed" attribution="Reuters BIP Coding Group" date="1996-09-16"></editdetail></code>
<code code="tbnmoaPoaY">
<editdetail action="confirmed" attribution="Reuters BIP Coding Group" date="1996-09-16"></editdetail></code></codes>
<codes class="bip:topics:1.0">
<code code="qQpYsktSkq">
<editdetail action="confirmed" attribution="Reuters BIP Coding Group" date="1996-09-16"></editdetail></code>
<code code="NjzpeDTDFE">
<editdetail action="confirmed" attribution="Reuters BIP Coding Group" date="1996-09-16"></editdetail></code></codes>
<dc element="dc.publisher" value="Reuters Holdings Plc"></dc>
<dc element="dc.datepublished" value="1996-09-16"></dc>
<dc element="dc.source" value="Reuters - Notícias em Português"></dc>
<dc element="dc.creator.location" value=""></dc>
<dc element="dc.creator.location.country.name" value=""></dc></metadata></newsitem>