<?xml version="1.0" encoding="UTF-8"?>

<newsitem date="1996-10-10" id="root" itemid="49637" xml:lang="pt">
<title></title>
<headline> ÍNDICE PSI-20 CAI 0,08 PCT PARA 4.796,94 PONTOS. </headline>
<byline></byline>
<dateline></dateline>
<text>
<p> *Índice PSI-20 cai 0,08 pct para 4.796,94 pontos *BMC cai 39 escudos para 1.300. Negociadas 540.300 *BCP sobe 5 escudos para 1.880. Negociadas 16.350 *Lisnave sobe 1 escudo para 421. Negociadas 10.100 *BESCL sobe 8 escudos para 2.649. Negociadas 5.700 *PT sobe 7 escudos para 4.100. Negociadas 3.348. </p>
<p> (c) Reuters Limited 1996. </p></text>
<copyright>(c) Reuters Limited 1996</copyright>
<metadata>
<codes class="bip:countries:1.0">
<code code="DFoKzCZtIN">
<editdetail action="confirmed" attribution="Reuters BIP Coding Group" date="1996-10-10"></editdetail></code>
<code code="qGMlRNXTes">
<editdetail action="confirmed" attribution="Reuters BIP Coding Group" date="1996-10-10"></editdetail></code>
<code code="jshMIAxLnq">
<editdetail action="confirmed" attribution="Reuters BIP Coding Group" date="1996-10-10"></editdetail></code></codes>
<codes class="bip:topics:1.0">
<code code="vjeAOdHmbh">
<editdetail action="confirmed" attribution="Reuters BIP Coding Group" date="1996-10-10"></editdetail></code>
<code code="pTMrkxGlwz">
<editdetail action="confirmed" attribution="Reuters BIP Coding Group" date="1996-10-10"></editdetail></code></codes>
<dc element="dc.publisher" value="Reuters Holdings Plc"></dc>
<dc element="dc.datepublished" value="1996-10-10"></dc>
<dc element="dc.source" value="Reuters - Notícias em Português"></dc>
<dc element="dc.creator.location" value=""></dc>
<dc element="dc.creator.location.country.name" value=""></dc></metadata></newsitem>