<?xml version="1.0" encoding="UTF-8"?>

<newsitem date="1997-04-02" id="root" itemid="53676" xml:lang="pt">
<title></title>
<headline> Monetário fecha líquido, sem perspectiva cortes BP. </headline>
<byline></byline>
<dateline></dateline>
<text>
<p> O mercado monetário do escudo fechou com o curto prazo a líquido, e com o mercado convicto de que amanhã o Banco de Portugal (BP) não vai mexer na sua política monetária, mantendo a absorção em 6,2 pct e a cedência em 6,5 pct. </p>
<p> condições MMI próximo período. </p>
<p> - Lisboa Editorial, 351-1-311.31.26 </p>
<p> (c) Reuters Limited 1997. </p></text>
<copyright>(c) Reuters Limited 1997</copyright>
<metadata>
<codes class="bip:countries:1.0">
<code code="MdVHGWFJEJ">
<editdetail action="confirmed" attribution="Reuters BIP Coding Group" date="1997-04-02"></editdetail></code>
<code code="VHCHQDjCyw">
<editdetail action="confirmed" attribution="Reuters BIP Coding Group" date="1997-04-02"></editdetail></code>
<code code="zfMrlVtkNf">
<editdetail action="confirmed" attribution="Reuters BIP Coding Group" date="1997-04-02"></editdetail></code></codes>
<codes class="bip:topics:1.0">
<code code="TmGnDrzmrD">
<editdetail action="confirmed" attribution="Reuters BIP Coding Group" date="1997-04-02"></editdetail></code>
<code code="DZaLUcsrAF">
<editdetail action="confirmed" attribution="Reuters BIP Coding Group" date="1997-04-02"></editdetail></code></codes>
<dc element="dc.publisher" value="Reuters Holdings Plc"></dc>
<dc element="dc.datepublished" value="1997-04-02"></dc>
<dc element="dc.source" value="Reuters - Notícias em Português"></dc>
<dc element="dc.creator.location" value=""></dc>
<dc element="dc.creator.location.country.name" value=""></dc></metadata></newsitem>