<?xml version="1.0" encoding="UTF-8"?>

<newsitem date="1997-05-19" id="root" itemid="54771" xml:lang="pt">
<title></title>
<headline> Silva Lopes apresenta livro branco reforma Fiscal 28/5. </headline>
<byline></byline>
<dateline></dateline>
<text>
<p> LISBOA, 19 Mai (Reuter) - O presidente da Comissão do desenvolvimento da Reforma Fiscal, José Silva Lopes, participa, no próximo dia 28, numa conferência sobre as principais recomendações propostas por aquela Comissão, no Instituto Superior de Gestão (ISG), disse esta instituição. </p>
<p> A conferência realiza-se pelas 1800 horas nas instalações do ISG no Lumiar. </p>
<p> - Lisboa Editorial, 351.1.311.31.26. </p>
<p> (c) Reuters Limited 1997. </p></text>
<copyright>(c) Reuters Limited 1997</copyright>
<metadata>
<codes class="bip:countries:1.0">
<code code="lGgDDSHmXw">
<editdetail action="confirmed" attribution="Reuters BIP Coding Group" date="1997-05-19"></editdetail></code>
<code code="btwHKMqEbr">
<editdetail action="confirmed" attribution="Reuters BIP Coding Group" date="1997-05-19"></editdetail></code>
<code code="fXhxNqNUMs">
<editdetail action="confirmed" attribution="Reuters BIP Coding Group" date="1997-05-19"></editdetail></code></codes>
<codes class="bip:topics:1.0">
<code code="iHluyMCJqL">
<editdetail action="confirmed" attribution="Reuters BIP Coding Group" date="1997-05-19"></editdetail></code></codes>
<dc element="dc.publisher" value="Reuters Holdings Plc"></dc>
<dc element="dc.datepublished" value="1997-05-19"></dc>
<dc element="dc.source" value="Reuters - Notícias em Português"></dc>
<dc element="dc.creator.location" value=""></dc>
<dc element="dc.creator.location.country.name" value=""></dc></metadata></newsitem>