<?xml version="1.0" encoding="UTF-8"?>

<newsitem date="1996-12-19" id="root" itemid="51380" xml:lang="pt">
<title></title>
<headline> ESCUDO FECHA CALMO VS MARCO, ESTABILIDADE CONTINUA. </headline>
<byline></byline>
<dateline></dateline>
<text>
<p> O escudo fechou calmo e estável contra o marco, sentimento que se deverá prolongar pela sessão de amanhã, num range entre 100,85 e 100,95. Dealers dizem que à medida que se vai aproximando o final do ano a apatia do mercado ir-se-á acentuando. </p>
<p> (c) Reuters Limited 1996. </p></text>
<copyright>(c) Reuters Limited 1996</copyright>
<metadata>
<codes class="bip:countries:1.0">
<code code="rxnRICHToY">
<editdetail action="confirmed" attribution="Reuters BIP Coding Group" date="1996-12-19"></editdetail></code>
<code code="pEegsFcsST">
<editdetail action="confirmed" attribution="Reuters BIP Coding Group" date="1996-12-19"></editdetail></code>
<code code="XBpjRrHHiC">
<editdetail action="confirmed" attribution="Reuters BIP Coding Group" date="1996-12-19"></editdetail></code></codes>
<codes class="bip:topics:1.0">
<code code="qOcoiwJmrr">
<editdetail action="confirmed" attribution="Reuters BIP Coding Group" date="1996-12-19"></editdetail></code>
<code code="CafXPHDuii">
<editdetail action="confirmed" attribution="Reuters BIP Coding Group" date="1996-12-19"></editdetail></code>
<code code="gmjlTxZpPc">
<editdetail action="confirmed" attribution="Reuters BIP Coding Group" date="1996-12-19"></editdetail></code></codes>
<dc element="dc.publisher" value="Reuters Holdings Plc"></dc>
<dc element="dc.datepublished" value="1996-12-19"></dc>
<dc element="dc.source" value="Reuters - Notícias em Português"></dc>
<dc element="dc.creator.location" value=""></dc>
<dc element="dc.creator.location.country.name" value=""></dc></metadata></newsitem>