<?xml version="1.0" encoding="UTF-8"?>

<newsitem date="1997-07-03" id="root" itemid="55925" xml:lang="pt">
<title></title>
<headline> Índice PSI20 sobe 2,39 pct para 7.720,24 pontos. </headline>
<byline></byline>
<dateline></dateline>
<text>
<p> LISBOA, 3 Jul (Reuter) - O índice PSI20 subiu 180,31 pontos ou 2,39 pct para 7.720,24 pontos. </p>
<p> (c) Reuters Limited 1997. </p></text>
<copyright>(c) Reuters Limited 1997</copyright>
<metadata>
<codes class="bip:countries:1.0">
<code code="seyadrySBt">
<editdetail action="confirmed" attribution="Reuters BIP Coding Group" date="1997-07-03"></editdetail></code>
<code code="WwZNEZVVpf">
<editdetail action="confirmed" attribution="Reuters BIP Coding Group" date="1997-07-03"></editdetail></code>
<code code="VITGJScbvJ">
<editdetail action="confirmed" attribution="Reuters BIP Coding Group" date="1997-07-03"></editdetail></code></codes>
<codes class="bip:topics:1.0">
<code code="dOYNNynKmK">
<editdetail action="confirmed" attribution="Reuters BIP Coding Group" date="1997-07-03"></editdetail></code>
<code code="YFQHOAmZGh">
<editdetail action="confirmed" attribution="Reuters BIP Coding Group" date="1997-07-03"></editdetail></code></codes>
<dc element="dc.publisher" value="Reuters Holdings Plc"></dc>
<dc element="dc.datepublished" value="1997-07-03"></dc>
<dc element="dc.source" value="Reuters - Notícias em Português"></dc>
<dc element="dc.creator.location" value=""></dc>
<dc element="dc.creator.location.country.name" value=""></dc></metadata></newsitem>