<?xml version="1.0" encoding="UTF-8"?>

<newsitem date="1996-10-30" id="root" itemid="50171" xml:lang="pt">
<title></title>
<headline> FUTURO OT DEZ/96 102,65 CONTRA 102,43 FECHO. </headline>
<byline></byline>
<dateline></dateline>
<text>
<p> *Futuro (BDPOTZ6)Dez/96 102,65 vs 102,43 no fecho anterior *Futuro Bono (MFFZ6)Dez/96 107,28 vs 106,93 fecho anterior *Bonos/Fev/05 com yield 7,77 pct vs 7,84 pct no fecho *BP cede até 150 MC, 6 dias, em leilão (antes 7,00 pct) *Tesouro coloca 18 MC BT a 91 dias, TMP 6,7364% vs 6,7455% </p>
<p> - Lisboa Editorial, 351-1-3150035 </p>
<p> (c) Reuters Limited 1996. </p></text>
<copyright>(c) Reuters Limited 1996</copyright>
<metadata>
<codes class="bip:countries:1.0">
<code code="cxQTpVtNEI">
<editdetail action="confirmed" attribution="Reuters BIP Coding Group" date="1996-10-30"></editdetail></code>
<code code="kCqMgFtMCG">
<editdetail action="confirmed" attribution="Reuters BIP Coding Group" date="1996-10-30"></editdetail></code>
<code code="ihTUgVQjlk">
<editdetail action="confirmed" attribution="Reuters BIP Coding Group" date="1996-10-30"></editdetail></code></codes>
<codes class="bip:topics:1.0">
<code code="NtxgiBMWDx">
<editdetail action="confirmed" attribution="Reuters BIP Coding Group" date="1996-10-30"></editdetail></code>
<code code="pffbMTfpwo">
<editdetail action="confirmed" attribution="Reuters BIP Coding Group" date="1996-10-30"></editdetail></code></codes>
<dc element="dc.publisher" value="Reuters Holdings Plc"></dc>
<dc element="dc.datepublished" value="1996-10-30"></dc>
<dc element="dc.source" value="Reuters - Notícias em Português"></dc>
<dc element="dc.creator.location" value=""></dc>
<dc element="dc.creator.location.country.name" value=""></dc></metadata></newsitem>