<?xml version="1.0" encoding="UTF-8"?>

<newsitem date="1996-10-31" id="root" itemid="50201" xml:lang="pt">
<title></title>
<headline> ÍNDICE PSI-20 SOBE 0,12 PCT PARA 4.765,43 PONTOS. </headline>
<byline></byline>
<dateline></dateline>
<text>
<p> *Índice PSI-20 (.PSI20)sobe 0,12 pct para 4.765,43 pontos *Cimpor sobe 24 escudos para 3.238. Negociadas 51.121 *Lisnave sobe 5 escudos para 428. Negociadas 11.900 *BPI-SGPS estável nos 1.830 escudos. Negociadas 1.500 *BESCL sobe 7 escudos para 2.697. Negociadas 1.511 *BPSM estável nos 1.025 escudos. Negociadas 900. </p>
<p> (c) Reuters Limited 1996. </p></text>
<copyright>(c) Reuters Limited 1996</copyright>
<metadata>
<codes class="bip:countries:1.0">
<code code="cxBSddcGIQ">
<editdetail action="confirmed" attribution="Reuters BIP Coding Group" date="1996-10-31"></editdetail></code>
<code code="OwXjdNkzVq">
<editdetail action="confirmed" attribution="Reuters BIP Coding Group" date="1996-10-31"></editdetail></code>
<code code="BesBMMelOC">
<editdetail action="confirmed" attribution="Reuters BIP Coding Group" date="1996-10-31"></editdetail></code></codes>
<codes class="bip:topics:1.0">
<code code="aaNMZLQZlB">
<editdetail action="confirmed" attribution="Reuters BIP Coding Group" date="1996-10-31"></editdetail></code>
<code code="equCXeUlFe">
<editdetail action="confirmed" attribution="Reuters BIP Coding Group" date="1996-10-31"></editdetail></code></codes>
<dc element="dc.publisher" value="Reuters Holdings Plc"></dc>
<dc element="dc.datepublished" value="1996-10-31"></dc>
<dc element="dc.source" value="Reuters - Notícias em Português"></dc>
<dc element="dc.creator.location" value=""></dc>
<dc element="dc.creator.location.country.name" value=""></dc></metadata></newsitem>