<?xml version="1.0" encoding="UTF-8"?>

<newsitem date="1997-04-28" id="root" itemid="54276" xml:lang="pt">
<title></title>
<headline> Escudo segue estável na meia sessão vs marco. </headline>
<byline></byline>
<dateline></dateline>
<text>
<p> O escudo seguia estável contra o marco na meia sessão, com fraca volatilidade e poucos interesses, disseram operadores, prevendo que, até final do dia, não se registem muitas alterações, para uma range de variação que não deve sair dos 100,20 a 100,40 por marco. </p>
<p>     ----Lisboa Editorial, 351.1.3113121. </p>
<p> (c) Reuters Limited 1997. </p></text>
<copyright>(c) Reuters Limited 1997</copyright>
<metadata>
<codes class="bip:countries:1.0">
<code code="empaGMJKCA">
<editdetail action="confirmed" attribution="Reuters BIP Coding Group" date="1997-04-28"></editdetail></code>
<code code="laiMbgzfOu">
<editdetail action="confirmed" attribution="Reuters BIP Coding Group" date="1997-04-28"></editdetail></code>
<code code="AWUfYiNcqL">
<editdetail action="confirmed" attribution="Reuters BIP Coding Group" date="1997-04-28"></editdetail></code></codes>
<codes class="bip:topics:1.0">
<code code="xsLHCtIAQG">
<editdetail action="confirmed" attribution="Reuters BIP Coding Group" date="1997-04-28"></editdetail></code>
<code code="cbHjyftUMO">
<editdetail action="confirmed" attribution="Reuters BIP Coding Group" date="1997-04-28"></editdetail></code>
<code code="fHlMRmIukF">
<editdetail action="confirmed" attribution="Reuters BIP Coding Group" date="1997-04-28"></editdetail></code></codes>
<dc element="dc.publisher" value="Reuters Holdings Plc"></dc>
<dc element="dc.datepublished" value="1997-04-28"></dc>
<dc element="dc.source" value="Reuters - Notícias em Português"></dc>
<dc element="dc.creator.location" value=""></dc>
<dc element="dc.creator.location.country.name" value=""></dc></metadata></newsitem>