<?xml version="1.0" encoding="UTF-8"?>

<newsitem date="1996-12-12" id="root" itemid="51208" xml:lang="pt">
<title></title>
<headline> MONETÁRIO FECHA CALMO, FUTURO SEGUE COM 17 MC. </headline>
<byline></byline>
<dateline></dateline>
<text>
<p> O mercado monetário do escudo fechou calmo, depois de uma sessão sem muitos interesses e com as taxas estáveis. Expectativa sobre se amanhã Espanha corta taxas, o que é considerado como certo por oito de uma poll de 15 economistas. Futuro sobre a Lisbor a três meses em baixa ligeira. (c) Reuters Limited 1996. </p></text>
<copyright>(c) Reuters Limited 1996</copyright>
<metadata>
<codes class="bip:countries:1.0">
<code code="bErJFFarJK">
<editdetail action="confirmed" attribution="Reuters BIP Coding Group" date="1996-12-12"></editdetail></code>
<code code="rGVAEiLMOF">
<editdetail action="confirmed" attribution="Reuters BIP Coding Group" date="1996-12-12"></editdetail></code>
<code code="HZRUdyckpD">
<editdetail action="confirmed" attribution="Reuters BIP Coding Group" date="1996-12-12"></editdetail></code></codes>
<codes class="bip:topics:1.0">
<code code="lrBvTiRypR">
<editdetail action="confirmed" attribution="Reuters BIP Coding Group" date="1996-12-12"></editdetail></code>
<code code="snAdMxPLTC">
<editdetail action="confirmed" attribution="Reuters BIP Coding Group" date="1996-12-12"></editdetail></code></codes>
<dc element="dc.publisher" value="Reuters Holdings Plc"></dc>
<dc element="dc.datepublished" value="1996-12-12"></dc>
<dc element="dc.source" value="Reuters - Notícias em Português"></dc>
<dc element="dc.creator.location" value=""></dc>
<dc element="dc.creator.location.country.name" value=""></dc></metadata></newsitem>