<?xml version="1.0" encoding="UTF-8"?>

<newsitem date="1996-08-30" id="root" itemid="48561" xml:lang="pt">
<title></title>
<headline> ÍNDICE PSI20 DESCE 5,89 PONTOS PARA 4.709,51. </headline>
<byline></byline>
<dateline></dateline>
<text>
<p> LISBOA, 30 Ago (Reuter) - O índice PSI20 desceu 5,89 pontos para 4.709,51. </p>
<p> (c) Reuters Limited 1996. </p></text>
<copyright>(c) Reuters Limited 1996</copyright>
<metadata>
<codes class="bip:countries:1.0">
<code code="lNnfjJtXYc">
<editdetail action="confirmed" attribution="Reuters BIP Coding Group" date="1996-08-30"></editdetail></code>
<code code="ipHlhvvaqv">
<editdetail action="confirmed" attribution="Reuters BIP Coding Group" date="1996-08-30"></editdetail></code>
<code code="sykaHBqCvA">
<editdetail action="confirmed" attribution="Reuters BIP Coding Group" date="1996-08-30"></editdetail></code></codes>
<codes class="bip:topics:1.0">
<code code="cLBcGYbYRv">
<editdetail action="confirmed" attribution="Reuters BIP Coding Group" date="1996-08-30"></editdetail></code>
<code code="ZaxSNCIClg">
<editdetail action="confirmed" attribution="Reuters BIP Coding Group" date="1996-08-30"></editdetail></code></codes>
<dc element="dc.publisher" value="Reuters Holdings Plc"></dc>
<dc element="dc.datepublished" value="1996-08-30"></dc>
<dc element="dc.source" value="Reuters - Notícias em Português"></dc>
<dc element="dc.creator.location" value=""></dc>
<dc element="dc.creator.location.country.name" value=""></dc></metadata></newsitem>