<?xml version="1.0" encoding="UTF-8"?>

<newsitem date="1996-11-21" id="root" itemid="50698" xml:lang="pt">
<title></title>
<headline> ÍNDICE PSI20 SOBE 3,02 PONTOS PARA 4.956,25. </headline>
<byline></byline>
<dateline></dateline>
<text>
<p> LISBOA, 21 Nov (Reuter) - O índice PSI20 subiu 3,02 pontos para 4.956,25. </p>
<p> (c) Reuters Limited 1996. </p></text>
<copyright>(c) Reuters Limited 1996</copyright>
<metadata>
<codes class="bip:countries:1.0">
<code code="RhxvlVyGsd">
<editdetail action="confirmed" attribution="Reuters BIP Coding Group" date="1996-11-21"></editdetail></code>
<code code="WObrYdfyTV">
<editdetail action="confirmed" attribution="Reuters BIP Coding Group" date="1996-11-21"></editdetail></code>
<code code="tsEgqjqmXh">
<editdetail action="confirmed" attribution="Reuters BIP Coding Group" date="1996-11-21"></editdetail></code></codes>
<codes class="bip:topics:1.0">
<code code="wowchSHTyc">
<editdetail action="confirmed" attribution="Reuters BIP Coding Group" date="1996-11-21"></editdetail></code>
<code code="MOVxPtrbGt">
<editdetail action="confirmed" attribution="Reuters BIP Coding Group" date="1996-11-21"></editdetail></code></codes>
<dc element="dc.publisher" value="Reuters Holdings Plc"></dc>
<dc element="dc.datepublished" value="1996-11-21"></dc>
<dc element="dc.source" value="Reuters - Notícias em Português"></dc>
<dc element="dc.creator.location" value=""></dc>
<dc element="dc.creator.location.country.name" value=""></dc></metadata></newsitem>