<?xml version="1.0" encoding="UTF-8"?>

<newsitem date="1997-05-16" id="root" itemid="54714" xml:lang="pt">
<title></title>
<headline> Índice PSI-20 cai 0,13 pct para 6.745,25 pontos. </headline>
<byline></byline>
<dateline></dateline>
<text>
<p> *Índice PSI-20 (.PSI20)cai 0,13 pct para 6.745,25 pontos *Cimpor estável 3.850 escudos com 10.800 *BFE estável nos 2.615 escudos. Negociadas 8.700 *Banco ESSI cai 70 escudos p/ 2.330 c/ 189.900 *Cimpor lucro líq con 1ro trim 97 sobe p/ 3,4 MC vs 2,2 MC *Escudo 100,84/87 por marco contra 100,86/91 ontem *Dólar 1,7002/07 marcos vs 1,6943/48 no fecho Europa *Banco Espanha corta repo 25 basis points para 5,25 pct </p>
<p> - Lisboa Editorial, 351-1-3113125. </p>
<p> (c) Reuters Limited 1997. </p></text>
<copyright>(c) Reuters Limited 1997</copyright>
<metadata>
<codes class="bip:countries:1.0">
<code code="fyuRXZXxCA">
<editdetail action="confirmed" attribution="Reuters BIP Coding Group" date="1997-05-16"></editdetail></code>
<code code="NRKpnERpcx">
<editdetail action="confirmed" attribution="Reuters BIP Coding Group" date="1997-05-16"></editdetail></code>
<code code="dIMUOAbeNx">
<editdetail action="confirmed" attribution="Reuters BIP Coding Group" date="1997-05-16"></editdetail></code></codes>
<codes class="bip:topics:1.0">
<code code="BXOXGIsfMH">
<editdetail action="confirmed" attribution="Reuters BIP Coding Group" date="1997-05-16"></editdetail></code>
<code code="LNXgQltcMk">
<editdetail action="confirmed" attribution="Reuters BIP Coding Group" date="1997-05-16"></editdetail></code></codes>
<dc element="dc.publisher" value="Reuters Holdings Plc"></dc>
<dc element="dc.datepublished" value="1997-05-16"></dc>
<dc element="dc.source" value="Reuters - Notícias em Português"></dc>
<dc element="dc.creator.location" value=""></dc>
<dc element="dc.creator.location.country.name" value=""></dc></metadata></newsitem>