<?xml version="1.0" encoding="UTF-8"?>

<newsitem date="1996-10-01" id="root" itemid="49389" xml:lang="pt">
<title></title>
<headline> ÍNDICE PSI20 SOBE 15,01 PONTOS PARA 4.753,67. </headline>
<byline></byline>
<dateline></dateline>
<text>
<p> LISBOA, 1 Out (Reuter) - O índice PSI20 subia, às 1412 TMG, 15,01 pontos para 4.753,67. </p>
<p> (c) Reuters Limited 1996. </p></text>
<copyright>(c) Reuters Limited 1996</copyright>
<metadata>
<codes class="bip:countries:1.0">
<code code="PfyEZZYnlt">
<editdetail action="confirmed" attribution="Reuters BIP Coding Group" date="1996-10-01"></editdetail></code>
<code code="CxXxqpZDbH">
<editdetail action="confirmed" attribution="Reuters BIP Coding Group" date="1996-10-01"></editdetail></code>
<code code="pUcnDsVERo">
<editdetail action="confirmed" attribution="Reuters BIP Coding Group" date="1996-10-01"></editdetail></code></codes>
<codes class="bip:topics:1.0">
<code code="jpCGcTqNMc">
<editdetail action="confirmed" attribution="Reuters BIP Coding Group" date="1996-10-01"></editdetail></code>
<code code="eBbmRBcWRy">
<editdetail action="confirmed" attribution="Reuters BIP Coding Group" date="1996-10-01"></editdetail></code></codes>
<dc element="dc.publisher" value="Reuters Holdings Plc"></dc>
<dc element="dc.datepublished" value="1996-10-01"></dc>
<dc element="dc.source" value="Reuters - Notícias em Português"></dc>
<dc element="dc.creator.location" value=""></dc>
<dc element="dc.creator.location.country.name" value=""></dc></metadata></newsitem>