<?xml version="1.0" encoding="UTF-8"?>

<newsitem date="1997-07-31" id="root" itemid="56665" xml:lang="pt">
<title></title>
<headline> Escudo calmo e estável vs marco manhã, ap&apos;ático. </headline>
<byline></byline>
<dateline></dateline>
<text>
<p> O escudo manteve-se calmo e estabilizado contra o marco ao longo da manhã, numa sessão apática e marcada pela falta de liquidez. Dealers dizem que o escudo deverá manter-se entre 101,00 e 101,10 por marco, só marginalmente passando estas balizas. </p>
<p>     ----José Barata, Lisboa Editorial, 351.1.3113121. </p>
<p> (c) Reuters Limited 1997. </p></text>
<copyright>(c) Reuters Limited 1997</copyright>
<metadata>
<codes class="bip:countries:1.0">
<code code="vKMimYpnDp">
<editdetail action="confirmed" attribution="Reuters BIP Coding Group" date="1997-07-31"></editdetail></code>
<code code="lcYtJINLjp">
<editdetail action="confirmed" attribution="Reuters BIP Coding Group" date="1997-07-31"></editdetail></code>
<code code="dljPpRwCnW">
<editdetail action="confirmed" attribution="Reuters BIP Coding Group" date="1997-07-31"></editdetail></code></codes>
<codes class="bip:topics:1.0">
<code code="jrGWldCaVq">
<editdetail action="confirmed" attribution="Reuters BIP Coding Group" date="1997-07-31"></editdetail></code>
<code code="yTfoskqvHb">
<editdetail action="confirmed" attribution="Reuters BIP Coding Group" date="1997-07-31"></editdetail></code>
<code code="CCcFfNAeVs">
<editdetail action="confirmed" attribution="Reuters BIP Coding Group" date="1997-07-31"></editdetail></code></codes>
<dc element="dc.publisher" value="Reuters Holdings Plc"></dc>
<dc element="dc.datepublished" value="1997-07-31"></dc>
<dc element="dc.source" value="Reuters - Notícias em Português"></dc>
<dc element="dc.creator.location" value=""></dc>
<dc element="dc.creator.location.country.name" value=""></dc></metadata></newsitem>