<?xml version="1.0" encoding="UTF-8"?>

<newsitem date="1996-09-02" id="root" itemid="48573" xml:lang="pt">
<title></title>
<headline> PUBLICADA LEI SOBRE CESSAÇÃO CONTRATOS TRABALHO-DR. </headline>
<byline></byline>
<dateline></dateline>
<text>
<p> LISBOA, 2 Set (Reuter) - A Lei que estabelece as regras sobre a cessação do contrato de trabalho por mútuo acordo e a rescisão por iniciativa do trabalhador, bem como o motivo justificativo relativo à celebração de contratos a termo, foi publicado em Diário da República, com data de sábado passado. </p>
<p> Foi também publicada uma Lei que estabelece as regras sobre a actividade de trabalho temporário. </p>
<p> - Lisboa Editorial, 351-1-3150035. </p>
<p> (c) Reuters Limited 1996. </p></text>
<copyright>(c) Reuters Limited 1996</copyright>
<metadata>
<codes class="bip:countries:1.0">
<code code="FiCfkdRNYc">
<editdetail action="confirmed" attribution="Reuters BIP Coding Group" date="1996-09-02"></editdetail></code>
<code code="CwYlIFTOrM">
<editdetail action="confirmed" attribution="Reuters BIP Coding Group" date="1996-09-02"></editdetail></code>
<code code="rVltbCaBci">
<editdetail action="confirmed" attribution="Reuters BIP Coding Group" date="1996-09-02"></editdetail></code></codes>
<codes class="bip:topics:1.0">
<code code="wbUTlvapLc">
<editdetail action="confirmed" attribution="Reuters BIP Coding Group" date="1996-09-02"></editdetail></code>
<code code="rwCwqqVSWo">
<editdetail action="confirmed" attribution="Reuters BIP Coding Group" date="1996-09-02"></editdetail></code></codes>
<dc element="dc.publisher" value="Reuters Holdings Plc"></dc>
<dc element="dc.datepublished" value="1996-09-02"></dc>
<dc element="dc.source" value="Reuters - Notícias em Português"></dc>
<dc element="dc.creator.location" value=""></dc>
<dc element="dc.creator.location.country.name" value=""></dc></metadata></newsitem>