<?xml version="1.0" encoding="UTF-8"?>

<newsitem date="1997-01-13" id="root" itemid="51744" xml:lang="pt">
<title></title>
<headline> ACÇÕES PREVÊEM-SE EM ALTA COM MERCADOS EXTERNOS. </headline>
<byline></byline>
<dateline></dateline>
<text>
<p> As acções do Contínuo deverão abrir em alta em sintonia com os mercados externos e depois da recuperação do Dow Jones, que subiu mais de um pct. Operadores disseram, ainda, que a qualquer momento podem surgir algumas vendas pontuais com os investidores a realizarem mais-valias, depois das fortes subidas. O interesse dos investidores vai manter-se nas &apos;blue-chips&apos;, afirmaram dealers. </p>
<p> - Paula Cordeiro, Lisboa Editorial, 351-1-3113125. </p>
<p>  (c) Reuters Limited 1997. </p></text>
<copyright>(c) Reuters Limited 1997</copyright>
<metadata>
<codes class="bip:countries:1.0">
<code code="ArXfBKlPUK">
<editdetail action="confirmed" attribution="Reuters BIP Coding Group" date="1997-01-13"></editdetail></code>
<code code="PoJmrviLft">
<editdetail action="confirmed" attribution="Reuters BIP Coding Group" date="1997-01-13"></editdetail></code>
<code code="naNBCBopKj">
<editdetail action="confirmed" attribution="Reuters BIP Coding Group" date="1997-01-13"></editdetail></code></codes>
<codes class="bip:topics:1.0">
<code code="GBWwwbthlF">
<editdetail action="confirmed" attribution="Reuters BIP Coding Group" date="1997-01-13"></editdetail></code>
<code code="dyEVAqtYpi">
<editdetail action="confirmed" attribution="Reuters BIP Coding Group" date="1997-01-13"></editdetail></code></codes>
<dc element="dc.publisher" value="Reuters Holdings Plc"></dc>
<dc element="dc.datepublished" value="1997-01-13"></dc>
<dc element="dc.source" value="Reuters - Notícias em Português"></dc>
<dc element="dc.creator.location" value=""></dc>
<dc element="dc.creator.location.country.name" value=""></dc></metadata></newsitem>