<?xml version="1.0" encoding="UTF-8"?>

<newsitem date="1997-07-17" id="root" itemid="56316" xml:lang="pt">
<title></title>
<headline> Índice PSI20 sobe 0,32 pct para 7.893,83 pontos. </headline>
<byline></byline>
<dateline></dateline>
<text>
<p> LISBOA, 17 Jul (Reuter) - O índice PSI20 subiu 0,32 pct ou 25,41 pontos para 7.893,83. </p>
<p> (c) Reuters Limited 1997. </p></text>
<copyright>(c) Reuters Limited 1997</copyright>
<metadata>
<codes class="bip:countries:1.0">
<code code="wtpMclgKrl">
<editdetail action="confirmed" attribution="Reuters BIP Coding Group" date="1997-07-17"></editdetail></code>
<code code="sMNTpUAlVl">
<editdetail action="confirmed" attribution="Reuters BIP Coding Group" date="1997-07-17"></editdetail></code>
<code code="YFVdezHwRb">
<editdetail action="confirmed" attribution="Reuters BIP Coding Group" date="1997-07-17"></editdetail></code></codes>
<codes class="bip:topics:1.0">
<code code="AgUrXEaszU">
<editdetail action="confirmed" attribution="Reuters BIP Coding Group" date="1997-07-17"></editdetail></code>
<code code="BdYvRrDuHV">
<editdetail action="confirmed" attribution="Reuters BIP Coding Group" date="1997-07-17"></editdetail></code></codes>
<dc element="dc.publisher" value="Reuters Holdings Plc"></dc>
<dc element="dc.datepublished" value="1997-07-17"></dc>
<dc element="dc.source" value="Reuters - Notícias em Português"></dc>
<dc element="dc.creator.location" value=""></dc>
<dc element="dc.creator.location.country.name" value=""></dc></metadata></newsitem>