<?xml version="1.0" encoding="UTF-8"?>

<newsitem date="1996-10-08" id="root" itemid="49578" xml:lang="pt">
<title></title>
<headline> MONETÁRIO FECHA CALMO, FRA COM DESCIDA MARGINAL. </headline>
<byline></byline>
<dateline></dateline>
<text>
<p> LISBOA, 8 Out (Reuter) - O mercado monetário do escudo fechou calmo, após uma sessão relativamente apática mas em que a &apos;tonalidade&apos; continua a ser de baixa de taxas, embora ténue, e evidente sobretudo nos mercados de derivados. </p>
<p> &quot;O mercado esteve muito calmo e apático. Os FRA desceram um pouco, porque se continua à espera que volte a haver cortes de taxas, embora sem se saber quando&quot;, disse um operador. </p>
<p> &quot;À falta de outros factores, espera-se agora pela inflação (de Setembro), pode ser que seja conclusiva sobre uma nova descida de taxas&quot;, disse outro dealer. </p></text>
<copyright>(c) Reuters Limited 1996</copyright>
<metadata>
<codes class="bip:countries:1.0">
<code code="gJtalbIFbD">
<editdetail action="confirmed" attribution="Reuters BIP Coding Group" date="1996-10-08"></editdetail></code>
<code code="ztjLWxNCTF">
<editdetail action="confirmed" attribution="Reuters BIP Coding Group" date="1996-10-08"></editdetail></code>
<code code="BZZSUGYiYc">
<editdetail action="confirmed" attribution="Reuters BIP Coding Group" date="1996-10-08"></editdetail></code></codes>
<codes class="bip:topics:1.0">
<code code="DqsswSlSsu">
<editdetail action="confirmed" attribution="Reuters BIP Coding Group" date="1996-10-08"></editdetail></code></codes>
<dc element="dc.publisher" value="Reuters Holdings Plc"></dc>
<dc element="dc.datepublished" value="1996-10-08"></dc>
<dc element="dc.source" value="Reuters - Notícias em Português"></dc>
<dc element="dc.creator.location" value=""></dc>
<dc element="dc.creator.location.country.name" value=""></dc></metadata></newsitem>