<?xml version="1.0" encoding="UTF-8"?>

<newsitem date="1997-03-21" id="root" itemid="53467" xml:lang="pt">
<title></title>
<headline> Escudo estável vs marco manhã, poucos interesses. </headline>
<byline></byline>
<dateline></dateline>
<text>
<p> O escudo manteve-se calmo entre 100,50 e 100,55 por marco, numa sessão que, tirando algum movimento logo na abertura, está a mostrar poucos interesses. Dealers dizem que o escudo deverá oscilar entre 100,50 e 100,60 por marco. </p>
<p>     ----Lisboa Editorial, 351.1.3113121. </p>
<p> (c) Reuters Limited 1997. </p></text>
<copyright>(c) Reuters Limited 1997</copyright>
<metadata>
<codes class="bip:countries:1.0">
<code code="dEbRAbqnDK">
<editdetail action="confirmed" attribution="Reuters BIP Coding Group" date="1997-03-21"></editdetail></code>
<code code="uHndUkANIH">
<editdetail action="confirmed" attribution="Reuters BIP Coding Group" date="1997-03-21"></editdetail></code>
<code code="YOKukVGvZR">
<editdetail action="confirmed" attribution="Reuters BIP Coding Group" date="1997-03-21"></editdetail></code></codes>
<codes class="bip:topics:1.0">
<code code="dlzMNRRJJd">
<editdetail action="confirmed" attribution="Reuters BIP Coding Group" date="1997-03-21"></editdetail></code>
<code code="jqTJeNeYWs">
<editdetail action="confirmed" attribution="Reuters BIP Coding Group" date="1997-03-21"></editdetail></code>
<code code="xLkriXUFeX">
<editdetail action="confirmed" attribution="Reuters BIP Coding Group" date="1997-03-21"></editdetail></code></codes>
<dc element="dc.publisher" value="Reuters Holdings Plc"></dc>
<dc element="dc.datepublished" value="1997-03-21"></dc>
<dc element="dc.source" value="Reuters - Notícias em Português"></dc>
<dc element="dc.creator.location" value=""></dc>
<dc element="dc.creator.location.country.name" value=""></dc></metadata></newsitem>