<?xml version="1.0" encoding="UTF-8"?>

<newsitem date="1997-05-02" id="root" itemid="54398" xml:lang="pt">
<title></title>
<headline> PSI20 sobe 4,43 pct para 6.634,69 pontos. </headline>
<byline></byline>
<dateline></dateline>
<text>
<p> LISBOA, 2 Mai (Reuter) - O índice PSI20 subiu 281,58 pontos ou 4,43 pct para 6.634,69 pontos, tendo atingido o máximo histórico nos 6.649,28. </p>
<p> (c) Reuters Limited 1997. </p></text>
<copyright>(c) Reuters Limited 1997</copyright>
<metadata>
<codes class="bip:countries:1.0">
<code code="snISCFVYqp">
<editdetail action="confirmed" attribution="Reuters BIP Coding Group" date="1997-05-02"></editdetail></code>
<code code="JeoTaWsyvt">
<editdetail action="confirmed" attribution="Reuters BIP Coding Group" date="1997-05-02"></editdetail></code>
<code code="REiIxsxpdR">
<editdetail action="confirmed" attribution="Reuters BIP Coding Group" date="1997-05-02"></editdetail></code></codes>
<codes class="bip:topics:1.0">
<code code="CIFkdPlbXl">
<editdetail action="confirmed" attribution="Reuters BIP Coding Group" date="1997-05-02"></editdetail></code>
<code code="kLkbYMKTjg">
<editdetail action="confirmed" attribution="Reuters BIP Coding Group" date="1997-05-02"></editdetail></code></codes>
<dc element="dc.publisher" value="Reuters Holdings Plc"></dc>
<dc element="dc.datepublished" value="1997-05-02"></dc>
<dc element="dc.source" value="Reuters - Notícias em Português"></dc>
<dc element="dc.creator.location" value=""></dc>
<dc element="dc.creator.location.country.name" value=""></dc></metadata></newsitem>