<?xml version="1.0" encoding="UTF-8"?>

<newsitem date="1997-02-28" id="root" itemid="52930" xml:lang="pt">
<title></title>
<headline> ACÇÕES DEVERÃO ABRIR SEM FORTES VARIAÇÕES. </headline>
<byline></byline>
<dateline></dateline>
<text>
<p> As acções do Contínuo deverão abrir sem fortes oscilações, por um lado influenciadas negativamente pela queda ligeira registada nos mercados internacionais mas, no sentido inverso, condicionada pelo facto de ser fim de mês para os bancos e fundos de pensões. </p>
<p> - Lisboa Editorial, 351-1-3113125. </p>
<p> (c) Reuters Limited 1997. </p></text>
<copyright>(c) Reuters Limited 1997</copyright>
<metadata>
<codes class="bip:countries:1.0">
<code code="XCYFgXezRf">
<editdetail action="confirmed" attribution="Reuters BIP Coding Group" date="1997-02-28"></editdetail></code>
<code code="IoVsxfTrMn">
<editdetail action="confirmed" attribution="Reuters BIP Coding Group" date="1997-02-28"></editdetail></code>
<code code="LWYnirLpMe">
<editdetail action="confirmed" attribution="Reuters BIP Coding Group" date="1997-02-28"></editdetail></code></codes>
<codes class="bip:topics:1.0">
<code code="GKuNZrthYI">
<editdetail action="confirmed" attribution="Reuters BIP Coding Group" date="1997-02-28"></editdetail></code>
<code code="vuHPPRmNzd">
<editdetail action="confirmed" attribution="Reuters BIP Coding Group" date="1997-02-28"></editdetail></code></codes>
<dc element="dc.publisher" value="Reuters Holdings Plc"></dc>
<dc element="dc.datepublished" value="1997-02-28"></dc>
<dc element="dc.source" value="Reuters - Notícias em Português"></dc>
<dc element="dc.creator.location" value=""></dc>
<dc element="dc.creator.location.country.name" value=""></dc></metadata></newsitem>