<?xml version="1.0" encoding="UTF-8"?>

<newsitem date="1997-03-18" id="root" itemid="53377" xml:lang="pt">
<title></title>
<headline> Acções abrem atrasadas e com &apos;mood&apos; negativo. </headline>
<byline></byline>
<dateline></dateline>
<text>
<p> As acções do Contínuo abriram mais tarde, depois de novos problemas técnicos na Interbolsa, e a registarem um &apos;mood&apos; bastante negativo, influenciado pelo momento de incerteza vivido nos mercados internacionais. Destaque para as quedas da Sonae Investimentos, Cimpor e Portugal Telecom (PT) que têm bastante peso no índice, embora tenham recuperado, entretanto, dos mínimos da sessão. Os futuros sobre o PSI20 também estão em queda. </p>
<p> (c) Reuters Limited 1997. </p></text>
<copyright>(c) Reuters Limited 1997</copyright>
<metadata>
<codes class="bip:countries:1.0">
<code code="ebYBRiPTEW">
<editdetail action="confirmed" attribution="Reuters BIP Coding Group" date="1997-03-18"></editdetail></code>
<code code="bCeSeHhjLN">
<editdetail action="confirmed" attribution="Reuters BIP Coding Group" date="1997-03-18"></editdetail></code>
<code code="VrAVZtsXXm">
<editdetail action="confirmed" attribution="Reuters BIP Coding Group" date="1997-03-18"></editdetail></code></codes>
<codes class="bip:topics:1.0">
<code code="OmDiHTygjb">
<editdetail action="confirmed" attribution="Reuters BIP Coding Group" date="1997-03-18"></editdetail></code>
<code code="emrvrxlrzy">
<editdetail action="confirmed" attribution="Reuters BIP Coding Group" date="1997-03-18"></editdetail></code></codes>
<dc element="dc.publisher" value="Reuters Holdings Plc"></dc>
<dc element="dc.datepublished" value="1997-03-18"></dc>
<dc element="dc.source" value="Reuters - Notícias em Português"></dc>
<dc element="dc.creator.location" value=""></dc>
<dc element="dc.creator.location.country.name" value=""></dc></metadata></newsitem>