<?xml version="1.0" encoding="UTF-8"?>

<newsitem date="1997-01-09" id="root" itemid="51691" xml:lang="pt">
<title></title>
<headline> MONETÁRIO FECHA CALMO, PRAZOS COM DESCIDA MARGINAL. </headline>
<byline></byline>
<dateline></dateline>
<text>
<p> O mercado monetário do escudo fechou calmo, numa sessão sem muito movimento mas com as taxas nos prazos em descida marginal, disseram operadores. Liquidez no curto prazo. </p>
<p> (c) Reuters Limited 1997. </p></text>
<copyright>(c) Reuters Limited 1997</copyright>
<metadata>
<codes class="bip:countries:1.0">
<code code="ooQXKBePWS">
<editdetail action="confirmed" attribution="Reuters BIP Coding Group" date="1997-01-09"></editdetail></code>
<code code="aWyrLmhnsq">
<editdetail action="confirmed" attribution="Reuters BIP Coding Group" date="1997-01-09"></editdetail></code>
<code code="mNLpulioKu">
<editdetail action="confirmed" attribution="Reuters BIP Coding Group" date="1997-01-09"></editdetail></code></codes>
<codes class="bip:topics:1.0">
<code code="bxpWqAtQSz">
<editdetail action="confirmed" attribution="Reuters BIP Coding Group" date="1997-01-09"></editdetail></code>
<code code="VmGFQmmPdR">
<editdetail action="confirmed" attribution="Reuters BIP Coding Group" date="1997-01-09"></editdetail></code></codes>
<dc element="dc.publisher" value="Reuters Holdings Plc"></dc>
<dc element="dc.datepublished" value="1997-01-09"></dc>
<dc element="dc.source" value="Reuters - Notícias em Português"></dc>
<dc element="dc.creator.location" value=""></dc>
<dc element="dc.creator.location.country.name" value=""></dc></metadata></newsitem>