<?xml version="1.0" encoding="UTF-8"?>

<newsitem date="1997-04-01" id="root" itemid="53632" xml:lang="pt">
<title></title>
<headline> Acções prevêem-se em queda com mercados externos. </headline>
<byline></byline>
<dateline></dateline>
<text>
<p> As acções do Contínuo deverão abrir em queda, seguindo o momento negativo das outras praças, depois das fortes descidas da Wall Street ontem e na quinta-feira. A fraqueza do dólar vai afectar o sentimento do mercado, com os papéis mais expostos os investidores estrangeiros, como Portugal Telecom e Sonae Investimentos a saírem lesados. </p>
<p> - Paula Cordeiro, Lisboa Editorial, 351-1-3113125. </p>
<p> (c) Reuters Limited 1997. </p></text>
<copyright>(c) Reuters Limited 1997</copyright>
<metadata>
<codes class="bip:countries:1.0">
<code code="jPVBRyiiVC">
<editdetail action="confirmed" attribution="Reuters BIP Coding Group" date="1997-04-01"></editdetail></code>
<code code="cliwZjdGrS">
<editdetail action="confirmed" attribution="Reuters BIP Coding Group" date="1997-04-01"></editdetail></code>
<code code="rYRofffJrf">
<editdetail action="confirmed" attribution="Reuters BIP Coding Group" date="1997-04-01"></editdetail></code></codes>
<codes class="bip:topics:1.0">
<code code="fvDUysiFCJ">
<editdetail action="confirmed" attribution="Reuters BIP Coding Group" date="1997-04-01"></editdetail></code>
<code code="CaKfUWgYmL">
<editdetail action="confirmed" attribution="Reuters BIP Coding Group" date="1997-04-01"></editdetail></code></codes>
<dc element="dc.publisher" value="Reuters Holdings Plc"></dc>
<dc element="dc.datepublished" value="1997-04-01"></dc>
<dc element="dc.source" value="Reuters - Notícias em Português"></dc>
<dc element="dc.creator.location" value=""></dc>
<dc element="dc.creator.location.country.name" value=""></dc></metadata></newsitem>