<?xml version="1.0" encoding="UTF-8"?>

<newsitem date="1997-01-23" id="root" itemid="52042" xml:lang="pt">
<title></title>
<headline> MONETÁRIO FECHA COM EXPECTATIVA CORTE TAXAS AMANHÃ. </headline>
<byline></byline>
<dateline></dateline>
<text>
<p> O monetário fechou calmo e com expectativa em relação a um eventual corte de taxas directoras do Banco de Portugal (BP) amanhã. Analistas admitem que o BP possa cortar a cedência 10 a 20 basis points (bp) e a absorção 20 a 50 bp, apesar do Buba não ter mexido nas suas taxas directoras hoje. </p>
<p> (c) Reuters Limited 1997. </p></text>
<copyright>(c) Reuters Limited 1997</copyright>
<metadata>
<codes class="bip:countries:1.0">
<code code="ULtFqVoZyF">
<editdetail action="confirmed" attribution="Reuters BIP Coding Group" date="1997-01-23"></editdetail></code>
<code code="kgWRyrPFIF">
<editdetail action="confirmed" attribution="Reuters BIP Coding Group" date="1997-01-23"></editdetail></code>
<code code="yOrAvwRnkH">
<editdetail action="confirmed" attribution="Reuters BIP Coding Group" date="1997-01-23"></editdetail></code></codes>
<codes class="bip:topics:1.0">
<code code="icPJknuWbZ">
<editdetail action="confirmed" attribution="Reuters BIP Coding Group" date="1997-01-23"></editdetail></code>
<code code="pvfRgSWghs">
<editdetail action="confirmed" attribution="Reuters BIP Coding Group" date="1997-01-23"></editdetail></code></codes>
<dc element="dc.publisher" value="Reuters Holdings Plc"></dc>
<dc element="dc.datepublished" value="1997-01-23"></dc>
<dc element="dc.source" value="Reuters - Notícias em Português"></dc>
<dc element="dc.creator.location" value=""></dc>
<dc element="dc.creator.location.country.name" value=""></dc></metadata></newsitem>