<?xml version="1.0" encoding="UTF-8"?>

<newsitem date="1996-08-28" id="root" itemid="48472" xml:lang="pt">
<title></title>
<headline> PSI20 SOBE 0,03 PCT PARA 4.713,61 PONTOS. </headline>
<byline></byline>
<dateline></dateline>
<text>
<p> *Índice PSI20 sobe 0,03 pct para 4.713,61 pontos *BPI paga 2.615 escudos por cada acção BFE *BPI e BFE continuam suspensos pela CMVM *Cimpor sobe 61 escudos para 3.440, com 61.400 acções *PT sobe 12 escudos para 4.040, com 74.450 acções *PT fecha Nova Iorque subir 0,375 dólares para 26,5 *Dólar 151,70 escudos vs 151,369 fixing BP de ontem *Futuro PSI20 Set96 sobe 42 pontos para 4.755. </p>
<p> - Lisboa Editorial, 351-1-3150035. (c) Reuters Limited 1996. </p></text>
<copyright>(c) Reuters Limited 1996</copyright>
<metadata>
<codes class="bip:countries:1.0">
<code code="TUoUSTOuHP">
<editdetail action="confirmed" attribution="Reuters BIP Coding Group" date="1996-08-28"></editdetail></code>
<code code="czvyOaQkVb">
<editdetail action="confirmed" attribution="Reuters BIP Coding Group" date="1996-08-28"></editdetail></code>
<code code="OcLocuNlGr">
<editdetail action="confirmed" attribution="Reuters BIP Coding Group" date="1996-08-28"></editdetail></code></codes>
<codes class="bip:topics:1.0">
<code code="vjNqgSwoHZ">
<editdetail action="confirmed" attribution="Reuters BIP Coding Group" date="1996-08-28"></editdetail></code>
<code code="tJbuZAEFqA">
<editdetail action="confirmed" attribution="Reuters BIP Coding Group" date="1996-08-28"></editdetail></code></codes>
<dc element="dc.publisher" value="Reuters Holdings Plc"></dc>
<dc element="dc.datepublished" value="1996-08-28"></dc>
<dc element="dc.source" value="Reuters - Notícias em Português"></dc>
<dc element="dc.creator.location" value=""></dc>
<dc element="dc.creator.location.country.name" value=""></dc></metadata></newsitem>