<?xml version="1.0" encoding="UTF-8"?>

<newsitem date="1996-12-31" id="root" itemid="51518" xml:lang="pt">
<title></title>
<headline> ESCUDO FECHA ANO FORTE VS MARCO, SESSÃO APÁTICA. </headline>
<byline></byline>
<dateline></dateline>
<text>
<p> O escudo fechou o ano forte contra o marco, após uma sessão dominada pela estabilidade e pela falta de interesses. Dealers dizem que a estabilidade do escudo entre os 100,60 e 100,80 por marco se deverá manter, pelo menos até final da semana, uma vez que o ano a sério só se inicia na próxima segunda-feira, disseram dealers. </p>
<p> (c) Reuters Limited 1996. </p></text>
<copyright>(c) Reuters Limited 1996</copyright>
<metadata>
<codes class="bip:countries:1.0">
<code code="iVAXhSaTIx">
<editdetail action="confirmed" attribution="Reuters BIP Coding Group" date="1996-12-31"></editdetail></code>
<code code="PLvTSPXfjv">
<editdetail action="confirmed" attribution="Reuters BIP Coding Group" date="1996-12-31"></editdetail></code>
<code code="bbMGSFGFeF">
<editdetail action="confirmed" attribution="Reuters BIP Coding Group" date="1996-12-31"></editdetail></code></codes>
<codes class="bip:topics:1.0">
<code code="xttNlBgNZT">
<editdetail action="confirmed" attribution="Reuters BIP Coding Group" date="1996-12-31"></editdetail></code>
<code code="KEZkRrvxtI">
<editdetail action="confirmed" attribution="Reuters BIP Coding Group" date="1996-12-31"></editdetail></code>
<code code="OvzmCEgmiY">
<editdetail action="confirmed" attribution="Reuters BIP Coding Group" date="1996-12-31"></editdetail></code></codes>
<dc element="dc.publisher" value="Reuters Holdings Plc"></dc>
<dc element="dc.datepublished" value="1996-12-31"></dc>
<dc element="dc.source" value="Reuters - Notícias em Português"></dc>
<dc element="dc.creator.location" value=""></dc>
<dc element="dc.creator.location.country.name" value=""></dc></metadata></newsitem>