<?xml version="1.0" encoding="UTF-8"?>

<newsitem date="1997-02-27" id="root" itemid="52902" xml:lang="pt">
<title></title>
<headline> Acções devem abrir a corrigir na baixa com EUA. </headline>
<byline></byline>
<dateline></dateline>
<text>
<p> As acções do Contínuo deverão abrir em queda ligeira, depois de ontem terem fechado artificialmente acima da média da sessão e após o fecho em baixa dos Estados Unidos. No sentido positivo influencia a estabilização do dólar a níveis mais altos. Os direitos de incorporação da Sonae Investimentos deverão continuar a destacar-se. *Índice PSI-20 (.PSI20)caiu ontem 0,59 pct. </p>
<p> - Lisboa Editorial, 351-1-3113125. </p>
<p> (c) Reuters Limited 1997. </p></text>
<copyright>(c) Reuters Limited 1997</copyright>
<metadata>
<codes class="bip:countries:1.0">
<code code="qrmeiNYEVU">
<editdetail action="confirmed" attribution="Reuters BIP Coding Group" date="1997-02-27"></editdetail></code>
<code code="VikHiSOolh">
<editdetail action="confirmed" attribution="Reuters BIP Coding Group" date="1997-02-27"></editdetail></code>
<code code="wqQaYolJsf">
<editdetail action="confirmed" attribution="Reuters BIP Coding Group" date="1997-02-27"></editdetail></code></codes>
<codes class="bip:topics:1.0">
<code code="ZyVsNCQwTZ">
<editdetail action="confirmed" attribution="Reuters BIP Coding Group" date="1997-02-27"></editdetail></code>
<code code="uiqtdjSbWw">
<editdetail action="confirmed" attribution="Reuters BIP Coding Group" date="1997-02-27"></editdetail></code></codes>
<dc element="dc.publisher" value="Reuters Holdings Plc"></dc>
<dc element="dc.datepublished" value="1997-02-27"></dc>
<dc element="dc.source" value="Reuters - Notícias em Português"></dc>
<dc element="dc.creator.location" value=""></dc>
<dc element="dc.creator.location.country.name" value=""></dc></metadata></newsitem>