<?xml version="1.0" encoding="UTF-8"?>

<newsitem date="1996-11-20" id="root" itemid="50649" xml:lang="pt">
<title></title>
<headline> ÍNDICE PSI-20 CAI 0,04 PCT PARA 4.942,23 PONTOS. </headline>
<byline></byline>
<dateline></dateline>
<text>
<p> *Índice PSI-20 (.PSI20)cai 0,04 pct para 4.942,23 pontos *Somague sobe 59 escudos p/1.449. Negociadas 13.600 *Cimpor cai 3 escudos para 3.275. Negociadas 2.000 *PT sobe 7 escudos para 4.197. Negociadas 1.700 *Engil-SGPS estável nos 1.660 esc. Negociadas 1.500 *BTA sobe 28 escudos para 2.730. Negociadas 1.473 *BPSM sobe 1 escudo para 1.053. Negociadas 1.400. </p>
<p> - Paula Cordeiro, Lisboa Editorial, 351-1-3150035. (c) Reuters Limited 1996. </p></text>
<copyright>(c) Reuters Limited 1996</copyright>
<metadata>
<codes class="bip:countries:1.0">
<code code="KrTeomxzxI">
<editdetail action="confirmed" attribution="Reuters BIP Coding Group" date="1996-11-20"></editdetail></code>
<code code="QJdjPbqoml">
<editdetail action="confirmed" attribution="Reuters BIP Coding Group" date="1996-11-20"></editdetail></code>
<code code="aYoSKxGCsK">
<editdetail action="confirmed" attribution="Reuters BIP Coding Group" date="1996-11-20"></editdetail></code></codes>
<codes class="bip:topics:1.0">
<code code="XwpzIrVpsw">
<editdetail action="confirmed" attribution="Reuters BIP Coding Group" date="1996-11-20"></editdetail></code>
<code code="wgxkqNYBjq">
<editdetail action="confirmed" attribution="Reuters BIP Coding Group" date="1996-11-20"></editdetail></code></codes>
<dc element="dc.publisher" value="Reuters Holdings Plc"></dc>
<dc element="dc.datepublished" value="1996-11-20"></dc>
<dc element="dc.source" value="Reuters - Notícias em Português"></dc>
<dc element="dc.creator.location" value=""></dc>
<dc element="dc.creator.location.country.name" value=""></dc></metadata></newsitem>