<?xml version="1.0" encoding="UTF-8"?>

<newsitem date="1996-10-23" id="root" itemid="49981" xml:lang="pt">
<title></title>
<headline> FUTURO PSI20 NOV96 DESCE 11 PONTOS PARA 4.788. </headline>
<byline></byline>
<dateline></dateline>
<text>
<p> *Futuro PSI20 Nov96 (PSI20X6)cai p/4.788 pontos vs 4.799 fecho *Índice PSI-20 (.PSI20)cai 0,04 pct para 4.755,43 pontos *BMC cai 85 escudos para 1.250. Negociadas 2.682.600 *PT cai 12 escudos para 4.000. Negociadas 11.100 *BPI-SGPS sobe 6 escudos para 1.811. Negociadas 6.300 *Portucel sobe 5 escudos para 990. Negociadas 5.300. </p>
<p> - Paula Cordeiro, Lisboa Editorial, 351-1-3150035. (c) Reuters Limited 1996. </p></text>
<copyright>(c) Reuters Limited 1996</copyright>
<metadata>
<codes class="bip:countries:1.0">
<code code="RJDfnKXTFw">
<editdetail action="confirmed" attribution="Reuters BIP Coding Group" date="1996-10-23"></editdetail></code>
<code code="RcAQtyQwBx">
<editdetail action="confirmed" attribution="Reuters BIP Coding Group" date="1996-10-23"></editdetail></code>
<code code="AZLFlBsBMa">
<editdetail action="confirmed" attribution="Reuters BIP Coding Group" date="1996-10-23"></editdetail></code></codes>
<codes class="bip:topics:1.0">
<code code="RZFwVSGAGQ">
<editdetail action="confirmed" attribution="Reuters BIP Coding Group" date="1996-10-23"></editdetail></code>
<code code="KyGFoSAgxZ">
<editdetail action="confirmed" attribution="Reuters BIP Coding Group" date="1996-10-23"></editdetail></code></codes>
<dc element="dc.publisher" value="Reuters Holdings Plc"></dc>
<dc element="dc.datepublished" value="1996-10-23"></dc>
<dc element="dc.source" value="Reuters - Notícias em Português"></dc>
<dc element="dc.creator.location" value=""></dc>
<dc element="dc.creator.location.country.name" value=""></dc></metadata></newsitem>