<?xml version="1.0" encoding="UTF-8"?>

<newsitem date="1996-10-29" id="root" itemid="50132" xml:lang="pt">
<title></title>
<headline> FUTURO PSI20 NOV96 DESCE 12 PONTOS PARA 4.817. </headline>
<byline></byline>
<dateline></dateline>
<text>
<p> *Futuro PSI20 Dez96 (PSI20Z6)cai p/4.817 pontos vs 4.829 fecho *Índice PSI-20 (.PSI20)cai 0,06 pct para 4.767,22 pontos *BESCL sobe 39 escudos para 2.720. Negociadas 87.500 *BCP cai 2 escudos para 1.885. Negociadas 9.800 *PI cai 3 escudos para 960. Negociadas 4.900 *BPI-SGPS cai 5 escudos para 1.830. Negociadas 2.200. </p>
<p> - Paula Cordeiro, Lisboa Editorial, 351-1-3150035. (c) Reuters Limited 1996. </p></text>
<copyright>(c) Reuters Limited 1996</copyright>
<metadata>
<codes class="bip:countries:1.0">
<code code="dZBpOGFygR">
<editdetail action="confirmed" attribution="Reuters BIP Coding Group" date="1996-10-29"></editdetail></code>
<code code="GhUkPwhtYW">
<editdetail action="confirmed" attribution="Reuters BIP Coding Group" date="1996-10-29"></editdetail></code>
<code code="pduNbDFaXV">
<editdetail action="confirmed" attribution="Reuters BIP Coding Group" date="1996-10-29"></editdetail></code></codes>
<codes class="bip:topics:1.0">
<code code="QKNHreYsiJ">
<editdetail action="confirmed" attribution="Reuters BIP Coding Group" date="1996-10-29"></editdetail></code>
<code code="luMjoxEQVc">
<editdetail action="confirmed" attribution="Reuters BIP Coding Group" date="1996-10-29"></editdetail></code></codes>
<dc element="dc.publisher" value="Reuters Holdings Plc"></dc>
<dc element="dc.datepublished" value="1996-10-29"></dc>
<dc element="dc.source" value="Reuters - Notícias em Português"></dc>
<dc element="dc.creator.location" value=""></dc>
<dc element="dc.creator.location.country.name" value=""></dc></metadata></newsitem>