<?xml version="1.0" encoding="UTF-8"?>

<newsitem date="1996-10-11" id="root" itemid="49693" xml:lang="pt">
<title></title>
<headline> OE97 PREVÊ 450 MC DE RECEITAS PRIVATIZAÇÕES-S.FRANCO. </headline>
<byline></byline>
<dateline></dateline>
<text>
<p> LISBOA 11 Out (Reuter) - A proposta de Orçamento de Estado (OE) para 1997 prevê uma receita de privatizações de 450 milhões de contos (MC), disse o ministro das Finanças, António de Sousa Franco, no final das audiencias com responsáveis dos partidos político com assento na Assembleia da República (AR). </p>
<p> (c) Reuters Limited 1996. </p></text>
<copyright>(c) Reuters Limited 1996</copyright>
<metadata>
<codes class="bip:countries:1.0">
<code code="IbFZxiNLxb">
<editdetail action="confirmed" attribution="Reuters BIP Coding Group" date="1996-10-11"></editdetail></code>
<code code="gwJMKUGyit">
<editdetail action="confirmed" attribution="Reuters BIP Coding Group" date="1996-10-11"></editdetail></code>
<code code="gWycramhUB">
<editdetail action="confirmed" attribution="Reuters BIP Coding Group" date="1996-10-11"></editdetail></code></codes>
<codes class="bip:topics:1.0">
<code code="grhzuohftr">
<editdetail action="confirmed" attribution="Reuters BIP Coding Group" date="1996-10-11"></editdetail></code>
<code code="zkTWYhQdtB">
<editdetail action="confirmed" attribution="Reuters BIP Coding Group" date="1996-10-11"></editdetail></code>
<code code="GLCEBzMKWi">
<editdetail action="confirmed" attribution="Reuters BIP Coding Group" date="1996-10-11"></editdetail></code></codes>
<dc element="dc.publisher" value="Reuters Holdings Plc"></dc>
<dc element="dc.datepublished" value="1996-10-11"></dc>
<dc element="dc.source" value="Reuters - Notícias em Português"></dc>
<dc element="dc.creator.location" value=""></dc>
<dc element="dc.creator.location.country.name" value=""></dc></metadata></newsitem>