<?xml version="1.0" encoding="UTF-8"?>

<newsitem date="1996-11-27" id="root" itemid="50824" xml:lang="pt">
<title></title>
<headline> ACÇÕES PREVÊEM-SE LÍQUIDAS E BAIXA VOLATILIDADE. </headline>
<byline></byline>
<dateline></dateline>
<text>
<p> As acções do Contínuo deverão hoje negociar com liquidez e com fraca volatilidade mas ainda a aliviar ligeiramente, prevendo-se que a PT volte a deslizar em simpatia com o preço de Nova Iorque, que a Cimpor continue vendedora por estrangeiros e que o BCP, BPI e BTA continuem com muito interesse e suportados, disseram dealers. </p>
<p> - Lisboa Editorial, 351-1-3150035. (c) Reuters Limited 1996. </p></text>
<copyright>(c) Reuters Limited 1996</copyright>
<metadata>
<codes class="bip:countries:1.0">
<code code="nTejiSTQBg">
<editdetail action="confirmed" attribution="Reuters BIP Coding Group" date="1996-11-27"></editdetail></code>
<code code="aiUArvFQue">
<editdetail action="confirmed" attribution="Reuters BIP Coding Group" date="1996-11-27"></editdetail></code>
<code code="AnGgKYsVLU">
<editdetail action="confirmed" attribution="Reuters BIP Coding Group" date="1996-11-27"></editdetail></code></codes>
<codes class="bip:topics:1.0">
<code code="zWxUyNcoKH">
<editdetail action="confirmed" attribution="Reuters BIP Coding Group" date="1996-11-27"></editdetail></code>
<code code="PWosMByXVf">
<editdetail action="confirmed" attribution="Reuters BIP Coding Group" date="1996-11-27"></editdetail></code></codes>
<dc element="dc.publisher" value="Reuters Holdings Plc"></dc>
<dc element="dc.datepublished" value="1996-11-27"></dc>
<dc element="dc.source" value="Reuters - Notícias em Português"></dc>
<dc element="dc.creator.location" value=""></dc>
<dc element="dc.creator.location.country.name" value=""></dc></metadata></newsitem>