<?xml version="1.0" encoding="UTF-8"?>

<newsitem date="1997-07-21" id="root" itemid="56374" xml:lang="pt">
<title></title>
<headline> Banco Portugal diz TRM 5,4 pct sem procura - (BPDF). </headline>
<byline></byline>
<dateline></dateline>
<text>
<p> LISBOA, 21 Jul (Reuter) - O Banco de Portugal (BP) disse que não houve procura para a absorção de fundos contra a venda de Títulos de Regularização Monetária (TRM) a sete dias à taxa fixa de 5,4 pct propostos esta manhã. </p>
<p> - Lisboa Editorial, 351.1.3113126. </p>
<p> (c) Reuters Limited 1997. </p></text>
<copyright>(c) Reuters Limited 1997</copyright>
<metadata>
<codes class="bip:countries:1.0">
<code code="ferMSaTeJQ">
<editdetail action="confirmed" attribution="Reuters BIP Coding Group" date="1997-07-21"></editdetail></code>
<code code="nAqfWvxmCo">
<editdetail action="confirmed" attribution="Reuters BIP Coding Group" date="1997-07-21"></editdetail></code>
<code code="jfaxQRAHQZ">
<editdetail action="confirmed" attribution="Reuters BIP Coding Group" date="1997-07-21"></editdetail></code></codes>
<codes class="bip:topics:1.0">
<code code="PyurGSzHPQ">
<editdetail action="confirmed" attribution="Reuters BIP Coding Group" date="1997-07-21"></editdetail></code>
<code code="MbMgteKzIm">
<editdetail action="confirmed" attribution="Reuters BIP Coding Group" date="1997-07-21"></editdetail></code></codes>
<dc element="dc.publisher" value="Reuters Holdings Plc"></dc>
<dc element="dc.datepublished" value="1997-07-21"></dc>
<dc element="dc.source" value="Reuters - Notícias em Português"></dc>
<dc element="dc.creator.location" value=""></dc>
<dc element="dc.creator.location.country.name" value=""></dc></metadata></newsitem>