<?xml version="1.0" encoding="UTF-8"?>

<newsitem date="1997-02-05" id="root" itemid="52353" xml:lang="pt">
<title></title>
<headline> ACÇÕES PREVÊEM-SE ESTÁVEIS E COM SUBIDAS PONTUAIS. </headline>
<byline></byline>
<dateline></dateline>
<text>
<p> As acções do Contínuo prevêem-se com as cotações estabilizadas, embora com subidas pontuais, designadamente em Portucel, Portugal Telecom e Telecel, com o dólar a ajudar e suportados pela subida de Wall Street. Dealers dizem que as dúvidas sobre a possibilidade dos países mediterrânicos integrarem o euro em 1999 podem inibir investidores não-residentes. </p>
<p> - Lisboa Editorial, 351-1-3113125. </p>
<p> (c) Reuters Limited 1997. </p></text>
<copyright>(c) Reuters Limited 1997</copyright>
<metadata>
<codes class="bip:countries:1.0">
<code code="WeoVNaisRe">
<editdetail action="confirmed" attribution="Reuters BIP Coding Group" date="1997-02-05"></editdetail></code>
<code code="dTAKUqUfEu">
<editdetail action="confirmed" attribution="Reuters BIP Coding Group" date="1997-02-05"></editdetail></code>
<code code="ggsJGKldxo">
<editdetail action="confirmed" attribution="Reuters BIP Coding Group" date="1997-02-05"></editdetail></code></codes>
<codes class="bip:topics:1.0">
<code code="lItdDkzCgb">
<editdetail action="confirmed" attribution="Reuters BIP Coding Group" date="1997-02-05"></editdetail></code>
<code code="mnUNyMtMXd">
<editdetail action="confirmed" attribution="Reuters BIP Coding Group" date="1997-02-05"></editdetail></code></codes>
<dc element="dc.publisher" value="Reuters Holdings Plc"></dc>
<dc element="dc.datepublished" value="1997-02-05"></dc>
<dc element="dc.source" value="Reuters - Notícias em Português"></dc>
<dc element="dc.creator.location" value=""></dc>
<dc element="dc.creator.location.country.name" value=""></dc></metadata></newsitem>