<?xml version="1.0" encoding="UTF-8"?>

<newsitem date="1997-02-07" id="root" itemid="52428" xml:lang="pt">
<title></title>
<headline> ESCUDO CAI MANHÃ VS MARCO EM SIMPATIA COM PESETA. </headline>
<byline></byline>
<dateline></dateline>
<text>
<p> O escudo manteve-se a deslizar contra o marco ao longo da manhã, arrastado pela debilidade da peseta contra a moeda alemã. Dealers dizem que este sentimento de queda do escudo se deverá manter ao longo da sessão, especialmente pela influência da peseta. </p>
<p> (c) Reuters Limited 1997. </p></text>
<copyright>(c) Reuters Limited 1997</copyright>
<metadata>
<codes class="bip:countries:1.0">
<code code="nschLrBcXK">
<editdetail action="confirmed" attribution="Reuters BIP Coding Group" date="1997-02-07"></editdetail></code>
<code code="hSfGFOtLYv">
<editdetail action="confirmed" attribution="Reuters BIP Coding Group" date="1997-02-07"></editdetail></code>
<code code="YagELVtCOY">
<editdetail action="confirmed" attribution="Reuters BIP Coding Group" date="1997-02-07"></editdetail></code></codes>
<codes class="bip:topics:1.0">
<code code="RoLTYzThAH">
<editdetail action="confirmed" attribution="Reuters BIP Coding Group" date="1997-02-07"></editdetail></code>
<code code="GAzYzDKhUI">
<editdetail action="confirmed" attribution="Reuters BIP Coding Group" date="1997-02-07"></editdetail></code>
<code code="EraUVpEANF">
<editdetail action="confirmed" attribution="Reuters BIP Coding Group" date="1997-02-07"></editdetail></code></codes>
<dc element="dc.publisher" value="Reuters Holdings Plc"></dc>
<dc element="dc.datepublished" value="1997-02-07"></dc>
<dc element="dc.source" value="Reuters - Notícias em Português"></dc>
<dc element="dc.creator.location" value=""></dc>
<dc element="dc.creator.location.country.name" value=""></dc></metadata></newsitem>