<?xml version="1.0" encoding="UTF-8"?>

<newsitem date="1997-04-30" id="root" itemid="54340" xml:lang="pt">
<title></title>
<headline> Escudo cai manhã vs marco com operações comerciais. </headline>
<byline></byline>
<dateline></dateline>
<text>
<p> O escudo perdeu terreno para o marco ao longo da manhã, com o surgimento de comerciais do exterior. Dealers dizem que o mercado está sensível ao fortalecimento do escudo, mas que o interesse comercial está a contrariar esta tendência. </p>
<p>     ----Lisboa Editorial, 351.1.3113121. </p>
<p> (c) Reuters Limited 1997. </p></text>
<copyright>(c) Reuters Limited 1997</copyright>
<metadata>
<codes class="bip:countries:1.0">
<code code="AhbzzCvqvI">
<editdetail action="confirmed" attribution="Reuters BIP Coding Group" date="1997-04-30"></editdetail></code>
<code code="WBnIuelnVP">
<editdetail action="confirmed" attribution="Reuters BIP Coding Group" date="1997-04-30"></editdetail></code>
<code code="EOwpOVdGpM">
<editdetail action="confirmed" attribution="Reuters BIP Coding Group" date="1997-04-30"></editdetail></code></codes>
<codes class="bip:topics:1.0">
<code code="OkqNzKGzMz">
<editdetail action="confirmed" attribution="Reuters BIP Coding Group" date="1997-04-30"></editdetail></code>
<code code="czEjYpCmoC">
<editdetail action="confirmed" attribution="Reuters BIP Coding Group" date="1997-04-30"></editdetail></code>
<code code="rihpHFSQWz">
<editdetail action="confirmed" attribution="Reuters BIP Coding Group" date="1997-04-30"></editdetail></code></codes>
<dc element="dc.publisher" value="Reuters Holdings Plc"></dc>
<dc element="dc.datepublished" value="1997-04-30"></dc>
<dc element="dc.source" value="Reuters - Notícias em Português"></dc>
<dc element="dc.creator.location" value=""></dc>
<dc element="dc.creator.location.country.name" value=""></dc></metadata></newsitem>