<?xml version="1.0" encoding="UTF-8"?>

<newsitem date="1996-12-11" id="root" itemid="51174" xml:lang="pt">
<title></title>
<headline> ÍNDICE PSI20 DESCE 18,92 PONTOS PARA 5.021,33. </headline>
<byline></byline>
<dateline></dateline>
<text>
<p> LISBOA, 11 Dez (Reuter) - O índice PSI20 desceu 18,92 pontos para 5.021,33. </p>
<p> (c) Reuters Limited 1996. </p></text>
<copyright>(c) Reuters Limited 1996</copyright>
<metadata>
<codes class="bip:countries:1.0">
<code code="CFzdfLrVoW">
<editdetail action="confirmed" attribution="Reuters BIP Coding Group" date="1996-12-11"></editdetail></code>
<code code="wBaOujfQyR">
<editdetail action="confirmed" attribution="Reuters BIP Coding Group" date="1996-12-11"></editdetail></code>
<code code="DgdKWfJDSW">
<editdetail action="confirmed" attribution="Reuters BIP Coding Group" date="1996-12-11"></editdetail></code></codes>
<codes class="bip:topics:1.0">
<code code="UznAbcLLod">
<editdetail action="confirmed" attribution="Reuters BIP Coding Group" date="1996-12-11"></editdetail></code>
<code code="ZvPlGeBNmY">
<editdetail action="confirmed" attribution="Reuters BIP Coding Group" date="1996-12-11"></editdetail></code></codes>
<dc element="dc.publisher" value="Reuters Holdings Plc"></dc>
<dc element="dc.datepublished" value="1996-12-11"></dc>
<dc element="dc.source" value="Reuters - Notícias em Português"></dc>
<dc element="dc.creator.location" value=""></dc>
<dc element="dc.creator.location.country.name" value=""></dc></metadata></newsitem>