<?xml version="1.0" encoding="UTF-8"?>

<newsitem date="1997-05-26" id="root" itemid="54959" xml:lang="pt">
<title></title>
<headline> Índice PSI20 sobe 0,45 pct para 6.620,52 pontos. </headline>
<byline></byline>
<dateline></dateline>
<text>
<p> LISBOA, 26 Mai (Reuter) - O índice PSI20 sobe 29,90 pontos ou 0,45 pct para 6.620,52 pontos. </p>
<p> (c) Reuters Limited 1997. </p></text>
<copyright>(c) Reuters Limited 1997</copyright>
<metadata>
<codes class="bip:countries:1.0">
<code code="dNOtEHvQBL">
<editdetail action="confirmed" attribution="Reuters BIP Coding Group" date="1997-05-26"></editdetail></code>
<code code="xlOcvoVjIc">
<editdetail action="confirmed" attribution="Reuters BIP Coding Group" date="1997-05-26"></editdetail></code>
<code code="gmFYfTUjxF">
<editdetail action="confirmed" attribution="Reuters BIP Coding Group" date="1997-05-26"></editdetail></code></codes>
<codes class="bip:topics:1.0">
<code code="bmKRcewqBb">
<editdetail action="confirmed" attribution="Reuters BIP Coding Group" date="1997-05-26"></editdetail></code>
<code code="GLryqidTYX">
<editdetail action="confirmed" attribution="Reuters BIP Coding Group" date="1997-05-26"></editdetail></code></codes>
<dc element="dc.publisher" value="Reuters Holdings Plc"></dc>
<dc element="dc.datepublished" value="1997-05-26"></dc>
<dc element="dc.source" value="Reuters - Notícias em Português"></dc>
<dc element="dc.creator.location" value=""></dc>
<dc element="dc.creator.location.country.name" value=""></dc></metadata></newsitem>