<?xml version="1.0" encoding="UTF-8"?>

<newsitem date="1997-06-20" id="root" itemid="55577" xml:lang="pt">
<title></title>
<headline> BDP não retoma negociação futuros às 0930 TMG. </headline>
<byline></byline>
<dateline></dateline>
<text>
<p> LISBOA, 20 Jun (Reuter) - A Bolsa de Derivados do Porto (BDP) não retomou a negociação dos futuros às 0930 TMG como estava previsto, tendo voltado a ter problemas de comunicações, disse fonte oficial da BDP. </p>
<p> Adiantou, ainda, que este problema deverá ser resolvido rapidamente. </p>
<p> - Lisboa Editorial, 351.1.3113121. </p>
<p> (c) Reuters Limited 1997. </p></text>
<copyright>(c) Reuters Limited 1997</copyright>
<metadata>
<codes class="bip:countries:1.0">
<code code="GrjfdQhTrJ">
<editdetail action="confirmed" attribution="Reuters BIP Coding Group" date="1997-06-20"></editdetail></code>
<code code="JmSjplbdYW">
<editdetail action="confirmed" attribution="Reuters BIP Coding Group" date="1997-06-20"></editdetail></code>
<code code="jlScDNLwCF">
<editdetail action="confirmed" attribution="Reuters BIP Coding Group" date="1997-06-20"></editdetail></code></codes>
<codes class="bip:topics:1.0">
<code code="zNTecGiEdl">
<editdetail action="confirmed" attribution="Reuters BIP Coding Group" date="1997-06-20"></editdetail></code>
<code code="VpHashFvEn">
<editdetail action="confirmed" attribution="Reuters BIP Coding Group" date="1997-06-20"></editdetail></code></codes>
<dc element="dc.publisher" value="Reuters Holdings Plc"></dc>
<dc element="dc.datepublished" value="1997-06-20"></dc>
<dc element="dc.source" value="Reuters - Notícias em Português"></dc>
<dc element="dc.creator.location" value=""></dc>
<dc element="dc.creator.location.country.name" value=""></dc></metadata></newsitem>