<?xml version="1.0" encoding="UTF-8"?>

<newsitem date="1997-01-20" id="root" itemid="51907" xml:lang="pt">
<title></title>
<headline> ACÇÕES PREVÊEM-SE SUBIR, MAS QUEDA BTA PODE AFECTAR. </headline>
<byline></byline>
<dateline></dateline>
<text>
<p> As acções do Contínuo e os Futuros sobre o PSI20 deverão abrir sustentadas em alta, seguindo a Europa e a subida de um pct do Dow Jones na sexta-feira, mas alguns dealers têm dúvidas sobre se a queda do BTA não afectará o mercado. O BTA tem um peso de sete pct no índice PSI20. O interesse dos investidores deverá voltar a concentrar-se na Portugal Telecom (PT), Cimpor. </p>
<p> - Paula Cordeiro, Lisboa Editorial, 351-1-3113125. </p>
<p> (c) Reuters Limited 1997. </p></text>
<copyright>(c) Reuters Limited 1997</copyright>
<metadata>
<codes class="bip:countries:1.0">
<code code="vgEPoYtagB">
<editdetail action="confirmed" attribution="Reuters BIP Coding Group" date="1997-01-20"></editdetail></code>
<code code="rGbUwqclgP">
<editdetail action="confirmed" attribution="Reuters BIP Coding Group" date="1997-01-20"></editdetail></code>
<code code="VXIdPtyzBI">
<editdetail action="confirmed" attribution="Reuters BIP Coding Group" date="1997-01-20"></editdetail></code></codes>
<codes class="bip:topics:1.0">
<code code="xwABsclWDZ">
<editdetail action="confirmed" attribution="Reuters BIP Coding Group" date="1997-01-20"></editdetail></code>
<code code="QXeNzsniri">
<editdetail action="confirmed" attribution="Reuters BIP Coding Group" date="1997-01-20"></editdetail></code></codes>
<dc element="dc.publisher" value="Reuters Holdings Plc"></dc>
<dc element="dc.datepublished" value="1997-01-20"></dc>
<dc element="dc.source" value="Reuters - Notícias em Português"></dc>
<dc element="dc.creator.location" value=""></dc>
<dc element="dc.creator.location.country.name" value=""></dc></metadata></newsitem>