<?xml version="1.0" encoding="UTF-8"?>

<newsitem date="1996-09-12" id="root" itemid="48856" xml:lang="pt">
<title></title>
<headline> FUTURO PSI20 DEZ96 DESCE 13 PONTOS PARA 4.867. </headline>
<byline></byline>
<dateline></dateline>
<text>
<p> *Futuro PSI20 Dez96 4.867 pontos vs 4.880 fecho *Índice PSI20 cai 0,24 pct para 4.763,76 pontos *BTA estável nos 2.900 escudos. Negociadas 5.600 *BPSM cai 2 escudos p/1.036. Negociadas 2.300 *BCP cai 13 escudos para 1.875. Negociadas 1.600 *Somague sobe 4 escudos p/1.254. Negociadas 1.500 *Cimpor cai 6 escudos para 3.361. Negociadas 1.200. </p>
<p> - Paula Cordeiro, Lisboa Editorial, 351-1-3150035. (c) Reuters Limited 1996. </p></text>
<copyright>(c) Reuters Limited 1996</copyright>
<metadata>
<codes class="bip:countries:1.0">
<code code="jRxhognPUu">
<editdetail action="confirmed" attribution="Reuters BIP Coding Group" date="1996-09-12"></editdetail></code>
<code code="rUhvOXgxvR">
<editdetail action="confirmed" attribution="Reuters BIP Coding Group" date="1996-09-12"></editdetail></code>
<code code="TYEUgGaIex">
<editdetail action="confirmed" attribution="Reuters BIP Coding Group" date="1996-09-12"></editdetail></code></codes>
<codes class="bip:topics:1.0">
<code code="lhFfoaXrBX">
<editdetail action="confirmed" attribution="Reuters BIP Coding Group" date="1996-09-12"></editdetail></code>
<code code="bczAkGIGUL">
<editdetail action="confirmed" attribution="Reuters BIP Coding Group" date="1996-09-12"></editdetail></code></codes>
<dc element="dc.publisher" value="Reuters Holdings Plc"></dc>
<dc element="dc.datepublished" value="1996-09-12"></dc>
<dc element="dc.source" value="Reuters - Notícias em Português"></dc>
<dc element="dc.creator.location" value=""></dc>
<dc element="dc.creator.location.country.name" value=""></dc></metadata></newsitem>