<?xml version="1.0" encoding="UTF-8"?>

<newsitem date="1996-09-05" id="root" itemid="48676" xml:lang="pt">
<title></title>
<headline> ÍNDICE PSI20 SOBE 0,74 PCT PARA 4.755,21 PONTOS. </headline>
<byline></byline>
<dateline></dateline>
<text>
<p> *Índice PSI20 sobe 0,74 pct para 4.755,21 pontos *Mundial Confiança cai 5 esc p/ 1.255 c/ 33.900 *Engil-SGPS sobe 9 escudos p/ 1.400 c/ 51.600 *BCP sobe 30 escudos p/ 1.860 c/ 14.500 *DJ Industrial sobe 0,15 pct para 5.656,90 pontos *PT fecha em Nova Iorque estável nos 27,1/4 dólares *J. Martins diz quer comprar gradualmente 1,5 pct BCP. </p></text>
<copyright>(c) Reuters Limited 1996</copyright>
<metadata>
<codes class="bip:countries:1.0">
<code code="GsyQPZjtea">
<editdetail action="confirmed" attribution="Reuters BIP Coding Group" date="1996-09-05"></editdetail></code>
<code code="iTaYUoKcwM">
<editdetail action="confirmed" attribution="Reuters BIP Coding Group" date="1996-09-05"></editdetail></code>
<code code="IZXpYOkeGx">
<editdetail action="confirmed" attribution="Reuters BIP Coding Group" date="1996-09-05"></editdetail></code></codes>
<codes class="bip:topics:1.0">
<code code="GBzTKCCoqf">
<editdetail action="confirmed" attribution="Reuters BIP Coding Group" date="1996-09-05"></editdetail></code>
<code code="joxjMJsQqn">
<editdetail action="confirmed" attribution="Reuters BIP Coding Group" date="1996-09-05"></editdetail></code></codes>
<dc element="dc.publisher" value="Reuters Holdings Plc"></dc>
<dc element="dc.datepublished" value="1996-09-05"></dc>
<dc element="dc.source" value="Reuters - Notícias em Português"></dc>
<dc element="dc.creator.location" value=""></dc>
<dc element="dc.creator.location.country.name" value=""></dc></metadata></newsitem>