<?xml version="1.0" encoding="UTF-8"?>

<newsitem date="1997-01-17" id="root" itemid="51891" xml:lang="pt">
<title></title>
<headline> MONETÁRIO FECHA CALMO, NÃO REAGE MANUTENÇÃO TXS BP. </headline>
<byline></byline>
<dateline></dateline>
<text>
<p> O mercado monetário do escudo fechou calmo, depois de um dia sem muito movimento e sem registar reações ao facto de o Banco de Portugal ter mantido inalteradads as suas taxas directoras, quando era esperado pelo menos uma descida na taxa de absorção de fundos. Analistas admitiram uma ligeira correcção em alta, mas que para já não se verificou. </p>
<p> (c) Reuters Limited 1997. </p></text>
<copyright>(c) Reuters Limited 1997</copyright>
<metadata>
<codes class="bip:countries:1.0">
<code code="ziiEFAJgOG">
<editdetail action="confirmed" attribution="Reuters BIP Coding Group" date="1997-01-17"></editdetail></code>
<code code="tpPqzqIQzK">
<editdetail action="confirmed" attribution="Reuters BIP Coding Group" date="1997-01-17"></editdetail></code>
<code code="azjiHQwMNh">
<editdetail action="confirmed" attribution="Reuters BIP Coding Group" date="1997-01-17"></editdetail></code></codes>
<codes class="bip:topics:1.0">
<code code="mXCqjaILxA">
<editdetail action="confirmed" attribution="Reuters BIP Coding Group" date="1997-01-17"></editdetail></code>
<code code="sqMNRpYhYf">
<editdetail action="confirmed" attribution="Reuters BIP Coding Group" date="1997-01-17"></editdetail></code></codes>
<dc element="dc.publisher" value="Reuters Holdings Plc"></dc>
<dc element="dc.datepublished" value="1997-01-17"></dc>
<dc element="dc.source" value="Reuters - Notícias em Português"></dc>
<dc element="dc.creator.location" value=""></dc>
<dc element="dc.creator.location.country.name" value=""></dc></metadata></newsitem>