<?xml version="1.0" encoding="UTF-8"?>

<newsitem date="1996-11-13" id="root" itemid="50497" xml:lang="pt">
<title></title>
<headline> JANTAR ANUAL MERCADOS FINANCEIROS A 5 DEZEMBRO. </headline>
<byline></byline>
<dateline></dateline>
<text>
<p> LISBOA, 13 Nov (Reuter) - O jantar anual dos mercados financeiros realiza-se este ano no dia 5 de Dezembro na Quinta da Caparica/Casas Velhas, na Charneca da Caparica, disse a organização do encontro, que está cargo do BPI. </p>
<p> As brokers Fincor, Servimédia e Siemca oferecem um cocktail pelas 1900 horas, a que se segue o jantar, durante o qual serão sorteados quatro fins-de-semana para duas pessoas na &apos;Mansão da Torre&apos; em Óbidos e uma viagem a Cancun para duas pessoas em hotel de cinco estrelas, oferta da Reuters Portuguesa. </p>
<p> - Lisboa Editorial, 351-1-3113126. </p>
<p> (c) Reuters Limited 1996. </p></text>
<copyright>(c) Reuters Limited 1996</copyright>
<metadata>
<codes class="bip:countries:1.0">
<code code="bWrRewEWoi">
<editdetail action="confirmed" attribution="Reuters BIP Coding Group" date="1996-11-13"></editdetail></code>
<code code="eacozDWBrB">
<editdetail action="confirmed" attribution="Reuters BIP Coding Group" date="1996-11-13"></editdetail></code>
<code code="JkjPLYsANE">
<editdetail action="confirmed" attribution="Reuters BIP Coding Group" date="1996-11-13"></editdetail></code></codes>
<codes class="bip:topics:1.0">
<code code="DLploeoGRR">
<editdetail action="confirmed" attribution="Reuters BIP Coding Group" date="1996-11-13"></editdetail></code></codes>
<dc element="dc.publisher" value="Reuters Holdings Plc"></dc>
<dc element="dc.datepublished" value="1996-11-13"></dc>
<dc element="dc.source" value="Reuters - Notícias em Português"></dc>
<dc element="dc.creator.location" value=""></dc>
<dc element="dc.creator.location.country.name" value=""></dc></metadata></newsitem>