<?xml version="1.0" encoding="UTF-8"?>

<newsitem date="1996-09-11" id="root" itemid="48822" xml:lang="pt">
<title></title>
<headline> FUTURO OT10 SET96 ABRE 96,61 VERSUS 96,66 ANTERIOR[PT] </headline>
<byline></byline>
<dateline></dateline>
<text>
<p> *Futuro OT10 Set96 cai 0,05 pontos para 96,61 *Futuro Bono Set/96 102,29 vs 102,33 fecho anterior *Bonos/Fev/05 com yield de 8,64 pct vs 8,65 pct fecho ontem *Dólar 1,5099/02 marcos vs 1,5097/02 no fecho da Europa *BP anuncia hoje condições cedência MMI próximo período </p>
<p> - Lisboa Editorial, 351-1-3150035 (c) Reuters Limited 1996. </p></text>
<copyright>(c) Reuters Limited 1996</copyright>
<metadata>
<codes class="bip:countries:1.0">
<code code="UUrJPLjvrO">
<editdetail action="confirmed" attribution="Reuters BIP Coding Group" date="1996-09-11"></editdetail></code>
<code code="bKRcFFUPKw">
<editdetail action="confirmed" attribution="Reuters BIP Coding Group" date="1996-09-11"></editdetail></code>
<code code="qecUqAdvAb">
<editdetail action="confirmed" attribution="Reuters BIP Coding Group" date="1996-09-11"></editdetail></code></codes>
<codes class="bip:topics:1.0">
<code code="GxOlJuDYRQ">
<editdetail action="confirmed" attribution="Reuters BIP Coding Group" date="1996-09-11"></editdetail></code>
<code code="qIegzplMfV">
<editdetail action="confirmed" attribution="Reuters BIP Coding Group" date="1996-09-11"></editdetail></code></codes>
<dc element="dc.publisher" value="Reuters Holdings Plc"></dc>
<dc element="dc.datepublished" value="1996-09-11"></dc>
<dc element="dc.source" value="Reuters - Notícias em Português"></dc>
<dc element="dc.creator.location" value=""></dc>
<dc element="dc.creator.location.country.name" value=""></dc></metadata></newsitem>