<?xml version="1.0" encoding="UTF-8"?>

<newsitem date="1996-09-23" id="root" itemid="49143" xml:lang="pt">
<title></title>
<headline> FUTURO OT10 DEZ96 ABRE 99,79 VERSUS 99,51 ANTERIOR. </headline>
<byline></byline>
<dateline></dateline>
<text>
<p> *Futuro OT10 Dez96 sobe 0,28 pontos para 99,79 *Futuro Bono Dez/96 105,80 vs 105,28 fecho anterior *Bonos/Fev/05 com yield de 8,02 pct vs 8,05 pct fecho ontem </p>
<p> - Sérgio Gonçalves, Lisboa Editorial, 351-1-3150035 </p>
<p> (c) Reuters Limited 1996. </p></text>
<copyright>(c) Reuters Limited 1996</copyright>
<metadata>
<codes class="bip:countries:1.0">
<code code="eEHDmJVZCw">
<editdetail action="confirmed" attribution="Reuters BIP Coding Group" date="1996-09-23"></editdetail></code>
<code code="HfiqeatEtl">
<editdetail action="confirmed" attribution="Reuters BIP Coding Group" date="1996-09-23"></editdetail></code>
<code code="pLGOwHGTHd">
<editdetail action="confirmed" attribution="Reuters BIP Coding Group" date="1996-09-23"></editdetail></code></codes>
<codes class="bip:topics:1.0">
<code code="ADmUwCIfQl">
<editdetail action="confirmed" attribution="Reuters BIP Coding Group" date="1996-09-23"></editdetail></code>
<code code="RQUXoTwBNI">
<editdetail action="confirmed" attribution="Reuters BIP Coding Group" date="1996-09-23"></editdetail></code></codes>
<dc element="dc.publisher" value="Reuters Holdings Plc"></dc>
<dc element="dc.datepublished" value="1996-09-23"></dc>
<dc element="dc.source" value="Reuters - Notícias em Português"></dc>
<dc element="dc.creator.location" value=""></dc>
<dc element="dc.creator.location.country.name" value=""></dc></metadata></newsitem>