<?xml version="1.0" encoding="UTF-8"?>

<newsitem date="1997-02-21" id="root" itemid="52746" xml:lang="pt">
<title></title>
<headline> Escudo calmo vs marco manhã e sem volatilidade. </headline>
<byline></byline>
<dateline></dateline>
<text>
<p> O escudo manteve-se calmo contra o marco ao longo da manhã, com o mercado a revelar poucos interesses e em sintonia com Espanha e Itália. Dealers disseram que o escudo deverá mostrar fraca volatilidade, oscilando entre 100,40 e 100,50 por marco </p>
<p>     ----Lisboa Editorial, 351.1.3113121. </p>
<p> (c) Reuters Limited 1997. </p></text>
<copyright>(c) Reuters Limited 1997</copyright>
<metadata>
<codes class="bip:countries:1.0">
<code code="zBbIMuLrbh">
<editdetail action="confirmed" attribution="Reuters BIP Coding Group" date="1997-02-21"></editdetail></code>
<code code="zEflHwVQkE">
<editdetail action="confirmed" attribution="Reuters BIP Coding Group" date="1997-02-21"></editdetail></code>
<code code="CIFFzfzNvj">
<editdetail action="confirmed" attribution="Reuters BIP Coding Group" date="1997-02-21"></editdetail></code></codes>
<codes class="bip:topics:1.0">
<code code="jGHRfdcfqZ">
<editdetail action="confirmed" attribution="Reuters BIP Coding Group" date="1997-02-21"></editdetail></code>
<code code="SwGrrdmWqf">
<editdetail action="confirmed" attribution="Reuters BIP Coding Group" date="1997-02-21"></editdetail></code>
<code code="amvoVboyEQ">
<editdetail action="confirmed" attribution="Reuters BIP Coding Group" date="1997-02-21"></editdetail></code></codes>
<dc element="dc.publisher" value="Reuters Holdings Plc"></dc>
<dc element="dc.datepublished" value="1997-02-21"></dc>
<dc element="dc.source" value="Reuters - Notícias em Português"></dc>
<dc element="dc.creator.location" value=""></dc>
<dc element="dc.creator.location.country.name" value=""></dc></metadata></newsitem>