<?xml version="1.0" encoding="UTF-8"?>

<newsitem date="1997-02-18" id="root" itemid="52625" xml:lang="pt">
<title></title>
<headline> Acções abrem subir e com índices nos máximos. </headline>
<byline></byline>
<dateline></dateline>
<text>
<p> As acções do Contínuo abriram em alta, com a maioria dos papéis mais transaccionados a subirem, suportados por ambiente favorável no exterior e também pela firmeza do dólar. O sentimento de alta deverá manter-se ao longo da sessão, podendo mesmo acentuar-se se a Wall Street abrir positiva. O destaque da sessão vai para a Lisnave, Sonae, Portugal Telecom. O mercado de futuros segue líquido e em alta. </p>
<p> (c) Reuters Limited 1997. </p></text>
<copyright>(c) Reuters Limited 1997</copyright>
<metadata>
<codes class="bip:countries:1.0">
<code code="evOQSJkvqx">
<editdetail action="confirmed" attribution="Reuters BIP Coding Group" date="1997-02-18"></editdetail></code>
<code code="jlHovEqiNU">
<editdetail action="confirmed" attribution="Reuters BIP Coding Group" date="1997-02-18"></editdetail></code>
<code code="IsKHetETBl">
<editdetail action="confirmed" attribution="Reuters BIP Coding Group" date="1997-02-18"></editdetail></code></codes>
<codes class="bip:topics:1.0">
<code code="umaDCYzIbu">
<editdetail action="confirmed" attribution="Reuters BIP Coding Group" date="1997-02-18"></editdetail></code>
<code code="gCISvKRfNg">
<editdetail action="confirmed" attribution="Reuters BIP Coding Group" date="1997-02-18"></editdetail></code></codes>
<dc element="dc.publisher" value="Reuters Holdings Plc"></dc>
<dc element="dc.datepublished" value="1997-02-18"></dc>
<dc element="dc.source" value="Reuters - Notícias em Português"></dc>
<dc element="dc.creator.location" value=""></dc>
<dc element="dc.creator.location.country.name" value=""></dc></metadata></newsitem>