<?xml version="1.0" encoding="UTF-8"?>

<newsitem date="1996-09-30" id="root" itemid="49336" xml:lang="pt">
<title></title>
<headline> FUTURO OT DEZ/96 ABRE 100,41 CONTRA 100,64. </headline>
<byline></byline>
<dateline></dateline>
<text>
<p> *Futuro Dez/96 100,41 vs 100,64 no fecho anterior </p>
<p> *Futuro Bono Dez/96 cai 0,42 pontos para 106,41 </p>
<p> *Taxa máxima BT 182 dias cai 0,09 pontos para 6,91 pct </p>
<p> *BP cede em leilão até 270 MC e absorve a 6,80 pct </p>
<p> - Sérgio Gonçalves, Lisboa Editorial, 351-1-3150035. </p>
<p> (c) Reuters Limited 1996. </p></text>
<copyright>(c) Reuters Limited 1996</copyright>
<metadata>
<codes class="bip:countries:1.0">
<code code="rsMNITjGPU">
<editdetail action="confirmed" attribution="Reuters BIP Coding Group" date="1996-09-30"></editdetail></code>
<code code="AwHRVblkyR">
<editdetail action="confirmed" attribution="Reuters BIP Coding Group" date="1996-09-30"></editdetail></code>
<code code="ANzSPOhevw">
<editdetail action="confirmed" attribution="Reuters BIP Coding Group" date="1996-09-30"></editdetail></code></codes>
<codes class="bip:topics:1.0">
<code code="PSWcqrOKZD">
<editdetail action="confirmed" attribution="Reuters BIP Coding Group" date="1996-09-30"></editdetail></code>
<code code="vCWnLimEhY">
<editdetail action="confirmed" attribution="Reuters BIP Coding Group" date="1996-09-30"></editdetail></code>
<code code="nUEMHoSgUY">
<editdetail action="confirmed" attribution="Reuters BIP Coding Group" date="1996-09-30"></editdetail></code></codes>
<dc element="dc.publisher" value="Reuters Holdings Plc"></dc>
<dc element="dc.datepublished" value="1996-09-30"></dc>
<dc element="dc.source" value="Reuters - Notícias em Português"></dc>
<dc element="dc.creator.location" value=""></dc>
<dc element="dc.creator.location.country.name" value=""></dc></metadata></newsitem>