<?xml version="1.0" encoding="UTF-8"?>

<newsitem date="1997-01-23" id="root" itemid="52020" xml:lang="pt">
<title></title>
<headline> ACÇÕES ABREM COM QUEDA DO BTA A PENALIZAR MERCADO. </headline>
<byline></byline>
<dateline></dateline>
<text>
<p> As acções do Contínuo abriram com a queda de perto de oito pct do BTA a penalizar o resto do mercado, mais que não seja pela falta de liquidez que os papéis mais líquidos estão a registar, como Portugal Telecom (PT) e Cimpor. Também o Banco Pinto &amp; Sotto Mayor (BPSM) mostra alguma fraqueza, não tão acentuada como o Totta, mas a Mundial Confiança está a perder mais de cinco pct. </p>
<p> (c) Reuters Limited 1997. </p></text>
<copyright>(c) Reuters Limited 1997</copyright>
<metadata>
<codes class="bip:countries:1.0">
<code code="xwfcAiyymk">
<editdetail action="confirmed" attribution="Reuters BIP Coding Group" date="1997-01-23"></editdetail></code>
<code code="xsOdCQjPzt">
<editdetail action="confirmed" attribution="Reuters BIP Coding Group" date="1997-01-23"></editdetail></code>
<code code="FuZAosrvxn">
<editdetail action="confirmed" attribution="Reuters BIP Coding Group" date="1997-01-23"></editdetail></code></codes>
<codes class="bip:topics:1.0">
<code code="OgFRGtGwov">
<editdetail action="confirmed" attribution="Reuters BIP Coding Group" date="1997-01-23"></editdetail></code>
<code code="aJcjEDMGfg">
<editdetail action="confirmed" attribution="Reuters BIP Coding Group" date="1997-01-23"></editdetail></code></codes>
<dc element="dc.publisher" value="Reuters Holdings Plc"></dc>
<dc element="dc.datepublished" value="1997-01-23"></dc>
<dc element="dc.source" value="Reuters - Notícias em Português"></dc>
<dc element="dc.creator.location" value=""></dc>
<dc element="dc.creator.location.country.name" value=""></dc></metadata></newsitem>