<?xml version="1.0" encoding="UTF-8"?>

<newsitem date="1996-09-23" id="root" itemid="49165" xml:lang="pt">
<title></title>
<headline> ÍNDICE PSI20 DESCE 13,6 PONTOS PARA 4.752,97. </headline>
<byline></byline>
<dateline></dateline>
<text>
<p> LISBOA, 23 Set (Reuter) - O índice PSI20 caiu 13,6 pontos para 4.752,97. </p>
<p> (c) Reuters Limited 1996. </p></text>
<copyright>(c) Reuters Limited 1996</copyright>
<metadata>
<codes class="bip:countries:1.0">
<code code="nftWqbBsNh">
<editdetail action="confirmed" attribution="Reuters BIP Coding Group" date="1996-09-23"></editdetail></code>
<code code="XkfKsbSBJK">
<editdetail action="confirmed" attribution="Reuters BIP Coding Group" date="1996-09-23"></editdetail></code>
<code code="rBoZdudzOL">
<editdetail action="confirmed" attribution="Reuters BIP Coding Group" date="1996-09-23"></editdetail></code></codes>
<codes class="bip:topics:1.0">
<code code="hPIBOMrFot">
<editdetail action="confirmed" attribution="Reuters BIP Coding Group" date="1996-09-23"></editdetail></code>
<code code="sToYCtDZnZ">
<editdetail action="confirmed" attribution="Reuters BIP Coding Group" date="1996-09-23"></editdetail></code></codes>
<dc element="dc.publisher" value="Reuters Holdings Plc"></dc>
<dc element="dc.datepublished" value="1996-09-23"></dc>
<dc element="dc.source" value="Reuters - Notícias em Português"></dc>
<dc element="dc.creator.location" value=""></dc>
<dc element="dc.creator.location.country.name" value=""></dc></metadata></newsitem>