<?xml version="1.0" encoding="UTF-8"?>

<newsitem date="1997-01-08" id="root" itemid="51655" xml:lang="pt">
<title></title>
<headline> PACHECO PEREIRA DEMITE-SE VICE-PRESIDÊNCIA PSD-TSF. </headline>
<byline></byline>
<dateline></dateline>
<text>
<p> LISBOA, 8 Jan (Reuter) - O vice-presidente do Partido Social Democrata (PSD), José Pacheco Pereira, apresentou, esta tarde, o seu pedido de demissão ao presidente do partido, Marcelo Rebelo de Sousa, anunciou a TSF. </p>
<p> No Gabinete de Imprensa do PSD era desconhecida a decisão de Pacheco Pereira. </p>
<p> A demissão do cargo de vice-presidente foi feita em carta enviada a Marcelo Rebelo de Sousa, especificou a TSF. </p>
<p> - Lisboa Editorial, 351.1.3113121. </p>
<p> (c) Reuters Limited 1997. </p></text>
<copyright>(c) Reuters Limited 1997</copyright>
<metadata>
<codes class="bip:countries:1.0">
<code code="OIfqcdnuSr">
<editdetail action="confirmed" attribution="Reuters BIP Coding Group" date="1997-01-08"></editdetail></code>
<code code="RXnDKdlLyS">
<editdetail action="confirmed" attribution="Reuters BIP Coding Group" date="1997-01-08"></editdetail></code>
<code code="oFCppZowSy">
<editdetail action="confirmed" attribution="Reuters BIP Coding Group" date="1997-01-08"></editdetail></code></codes>
<codes class="bip:topics:1.0">
<code code="XXGRinYNZe">
<editdetail action="confirmed" attribution="Reuters BIP Coding Group" date="1997-01-08"></editdetail></code>
<code code="hEfEKMAtxn">
<editdetail action="confirmed" attribution="Reuters BIP Coding Group" date="1997-01-08"></editdetail></code></codes>
<dc element="dc.publisher" value="Reuters Holdings Plc"></dc>
<dc element="dc.datepublished" value="1997-01-08"></dc>
<dc element="dc.source" value="Reuters - Notícias em Português"></dc>
<dc element="dc.creator.location" value=""></dc>
<dc element="dc.creator.location.country.name" value=""></dc></metadata></newsitem>