<?xml version="1.0" encoding="UTF-8"?>

<newsitem date="1996-09-19" id="root" itemid="49062" xml:lang="pt">
<title></title>
<headline> TBA FIXA EM 7,0443 PCT VS 7,0462 PCT ANTES. </headline>
<byline></byline>
<dateline></dateline>
<text>
<p> LISBOA, 19 Set (Reuter) - A Taxa Base Anual (TBA) fixou-se hoje em 7,0443 contra 7,0462 pct no anterior leilão colocado de Bilhetes do Tesouro, anunciou o Banco de Portugal (BP). </p>
<p> A TBA é uma taxa nominal, convertível semestralmente, equivalente à taxa média efectiva, ponderada pelos respectivos montantes, das últimas doze colocações de bilhetes do Tesouro. </p>
<p> - Lisboa Editorial, 351-1-315.00.35. </p>
<p> (c) Reuters Limited 1996. </p></text>
<copyright>(c) Reuters Limited 1996</copyright>
<metadata>
<codes class="bip:countries:1.0">
<code code="KPGjxUDnOd">
<editdetail action="confirmed" attribution="Reuters BIP Coding Group" date="1996-09-19"></editdetail></code>
<code code="DlSpVilplO">
<editdetail action="confirmed" attribution="Reuters BIP Coding Group" date="1996-09-19"></editdetail></code>
<code code="IKJptjIosE">
<editdetail action="confirmed" attribution="Reuters BIP Coding Group" date="1996-09-19"></editdetail></code></codes>
<codes class="bip:topics:1.0">
<code code="KTrbyQkiHV">
<editdetail action="confirmed" attribution="Reuters BIP Coding Group" date="1996-09-19"></editdetail></code>
<code code="xHmheIqDeL">
<editdetail action="confirmed" attribution="Reuters BIP Coding Group" date="1996-09-19"></editdetail></code></codes>
<dc element="dc.publisher" value="Reuters Holdings Plc"></dc>
<dc element="dc.datepublished" value="1996-09-19"></dc>
<dc element="dc.source" value="Reuters - Notícias em Português"></dc>
<dc element="dc.creator.location" value=""></dc>
<dc element="dc.creator.location.country.name" value=""></dc></metadata></newsitem>