<?xml version="1.0" encoding="UTF-8"?>

<newsitem date="1996-11-06" id="root" itemid="50353" xml:lang="pt">
<title></title>
<headline> ÍNDICE PSI20 SOBE 41,71 PONTOS PARA 4.859,65. </headline>
<byline></byline>
<dateline></dateline>
<text>
<p> LISBOA, 6 Nov (Reuter) - O índice PSI20 subiu 41,71 pontos para 4.859,65. </p>
<p> (c) Reuters Limited 1996. </p></text>
<copyright>(c) Reuters Limited 1996</copyright>
<metadata>
<codes class="bip:countries:1.0">
<code code="gvYyAHnIkR">
<editdetail action="confirmed" attribution="Reuters BIP Coding Group" date="1996-11-06"></editdetail></code>
<code code="fUFwYKTTsw">
<editdetail action="confirmed" attribution="Reuters BIP Coding Group" date="1996-11-06"></editdetail></code>
<code code="POGpHgpWZc">
<editdetail action="confirmed" attribution="Reuters BIP Coding Group" date="1996-11-06"></editdetail></code></codes>
<codes class="bip:topics:1.0">
<code code="CiSVxLUYVn">
<editdetail action="confirmed" attribution="Reuters BIP Coding Group" date="1996-11-06"></editdetail></code>
<code code="IJfXFKsSQB">
<editdetail action="confirmed" attribution="Reuters BIP Coding Group" date="1996-11-06"></editdetail></code></codes>
<dc element="dc.publisher" value="Reuters Holdings Plc"></dc>
<dc element="dc.datepublished" value="1996-11-06"></dc>
<dc element="dc.source" value="Reuters - Notícias em Português"></dc>
<dc element="dc.creator.location" value=""></dc>
<dc element="dc.creator.location.country.name" value=""></dc></metadata></newsitem>