<?xml version="1.0" encoding="UTF-8"?>

<newsitem date="1996-09-17" id="root" itemid="48981" xml:lang="pt">
<title></title>
<headline> FUTURO PSI20 SET96 SOBE 11 PONTOS PARA 4.815. </headline>
<byline></byline>
<dateline></dateline>
<text>
<p> *Futuro PSI20 Set96 sobe p/4.815 pontos vs 4.804 *Índice PSI20 sobe 0,02 pct para 4.776,03 pontos *Lisnave sobe 5 escudos p/380. Negociadas 13.900 *Cimpor cai 9 escudos para 3.310. Negociadas 4.100 *BPSM estável nos 1.039 escudos. Negociadas 1.400 *M.Confiança cai 9 esc para 1.260. Negociadas 1.200 *Sonae sobe 24 escudos para 4.539. Negociadas 1.100. </p></text>
<copyright>(c) Reuters Limited 1996</copyright>
<metadata>
<codes class="bip:countries:1.0">
<code code="cAGHgHaYjb">
<editdetail action="confirmed" attribution="Reuters BIP Coding Group" date="1996-09-17"></editdetail></code>
<code code="sEkWdMgMqd">
<editdetail action="confirmed" attribution="Reuters BIP Coding Group" date="1996-09-17"></editdetail></code>
<code code="rSxofFJjlg">
<editdetail action="confirmed" attribution="Reuters BIP Coding Group" date="1996-09-17"></editdetail></code></codes>
<codes class="bip:topics:1.0">
<code code="iaHoHbvWfP">
<editdetail action="confirmed" attribution="Reuters BIP Coding Group" date="1996-09-17"></editdetail></code>
<code code="PMtEFDOwOE">
<editdetail action="confirmed" attribution="Reuters BIP Coding Group" date="1996-09-17"></editdetail></code></codes>
<dc element="dc.publisher" value="Reuters Holdings Plc"></dc>
<dc element="dc.datepublished" value="1996-09-17"></dc>
<dc element="dc.source" value="Reuters - Notícias em Português"></dc>
<dc element="dc.creator.location" value=""></dc>
<dc element="dc.creator.location.country.name" value=""></dc></metadata></newsitem>